material_id,M_element,Ru_fraction,M_fraction,nominal_formula,adsorption_site_index,h2o_structure_file,predicted_energy_eV,backend,status
MAT_001,Li,1.0,0.0,RuO2,0,data\h2o_adsorbates\MAT_001_H2O_site0.cif,-359.8722870143849,uma-s-1p2,success
MAT_001,Li,1.0,0.0,RuO2,1,data\h2o_adsorbates\MAT_001_H2O_site1.cif,-359.32322430818294,uma-s-1p2,success
MAT_001,Li,1.0,0.0,RuO2,2,data\h2o_adsorbates\MAT_001_H2O_site2.cif,-358.0907815135217,uma-s-1p2,success
MAT_002,Li,0.8,0.1999999999999999,Ru0.80Li0.20Ox,0,data\h2o_adsorbates\MAT_002_H2O_site0.cif,-639.0022453152103,uma-s-1p2,success
MAT_002,Li,0.8,0.1999999999999999,Ru0.80Li0.20Ox,1,data\h2o_adsorbates\MAT_002_H2O_site1.cif,-639.4968428335269,uma-s-1p2,success
MAT_002,Li,0.8,0.1999999999999999,Ru0.80Li0.20Ox,2,data\h2o_adsorbates\MAT_002_H2O_site2.cif,-638.9145502868425,uma-s-1p2,success
MAT_003,Li,0.6,0.4,Ru0.60Li0.40Ox,0,data\h2o_adsorbates\MAT_003_H2O_site0.cif,-603.1434353795772,uma-s-1p2,success
MAT_003,Li,0.6,0.4,Ru0.60Li0.40Ox,1,data\h2o_adsorbates\MAT_003_H2O_site1.cif,-603.6371042980578,uma-s-1p2,success
MAT_003,Li,0.6,0.4,Ru0.60Li0.40Ox,2,data\h2o_adsorbates\MAT_003_H2O_site2.cif,-602.8796557662181,uma-s-1p2,success
MAT_004,Li,0.4,0.6,Ru0.40Li0.60Ox,0,data\h2o_adsorbates\MAT_004_H2O_site0.cif,-521.5413687157885,uma-s-1p2,success
MAT_004,Li,0.4,0.6,Ru0.40Li0.60Ox,1,data\h2o_adsorbates\MAT_004_H2O_site1.cif,-521.530842741224,uma-s-1p2,success
MAT_004,Li,0.4,0.6,Ru0.40Li0.60Ox,2,data\h2o_adsorbates\MAT_004_H2O_site2.cif,-521.2058655892938,uma-s-1p2,success
MAT_005,Li,0.2,0.8,Ru0.20Li0.80Ox,0,data\h2o_adsorbates\MAT_005_H2O_site0.cif,-476.41236679974105,uma-s-1p2,success
MAT_005,Li,0.2,0.8,Ru0.20Li0.80Ox,1,data\h2o_adsorbates\MAT_005_H2O_site1.cif,-476.4071746506014,uma-s-1p2,success
MAT_005,Li,0.2,0.8,Ru0.20Li0.80Ox,2,data\h2o_adsorbates\MAT_005_H2O_site2.cif,-476.5157479835358,uma-s-1p2,success
MAT_007,Na,0.8,0.1999999999999999,Ru0.80Na0.20Ox,0,data\h2o_adsorbates\MAT_007_H2O_site0.cif,-616.3359394469545,uma-s-1p2,success
MAT_007,Na,0.8,0.1999999999999999,Ru0.80Na0.20Ox,1,data\h2o_adsorbates\MAT_007_H2O_site1.cif,-617.2083938995117,uma-s-1p2,success
MAT_007,Na,0.8,0.1999999999999999,Ru0.80Na0.20Ox,2,data\h2o_adsorbates\MAT_007_H2O_site2.cif,-616.5940230402331,uma-s-1p2,success
MAT_008,Na,0.6,0.4,Ru0.60Na0.40Ox,0,data\h2o_adsorbates\MAT_008_H2O_site0.cif,-569.1763627053767,uma-s-1p2,success
MAT_008,Na,0.6,0.4,Ru0.60Na0.40Ox,1,data\h2o_adsorbates\MAT_008_H2O_site1.cif,-570.0449424397675,uma-s-1p2,success
MAT_008,Na,0.6,0.4,Ru0.60Na0.40Ox,2,data\h2o_adsorbates\MAT_008_H2O_site2.cif,-569.2614627190347,uma-s-1p2,success
MAT_009,Na,0.4,0.6,Ru0.40Na0.60Ox,0,data\h2o_adsorbates\MAT_009_H2O_site0.cif,-465.70909714308215,uma-s-1p2,success
MAT_009,Na,0.4,0.6,Ru0.40Na0.60Ox,1,data\h2o_adsorbates\MAT_009_H2O_site1.cif,-465.6960545759486,uma-s-1p2,success
MAT_009,Na,0.4,0.6,Ru0.40Na0.60Ox,2,data\h2o_adsorbates\MAT_009_H2O_site2.cif,-465.68508649728415,uma-s-1p2,success
MAT_010,Na,0.2,0.8,Ru0.20Na0.80Ox,0,data\h2o_adsorbates\MAT_010_H2O_site0.cif,-409.9772808121114,uma-s-1p2,success
MAT_010,Na,0.2,0.8,Ru0.20Na0.80Ox,1,data\h2o_adsorbates\MAT_010_H2O_site1.cif,-409.945091914125,uma-s-1p2,success
MAT_010,Na,0.2,0.8,Ru0.20Na0.80Ox,2,data\h2o_adsorbates\MAT_010_H2O_site2.cif,-409.99236361973806,uma-s-1p2,success
MAT_012,Mg,0.8,0.1999999999999999,Ru0.80Mg0.20Ox,0,data\h2o_adsorbates\MAT_012_H2O_site0.cif,-656.9495805252341,uma-s-1p2,success
MAT_012,Mg,0.8,0.1999999999999999,Ru0.80Mg0.20Ox,1,data\h2o_adsorbates\MAT_012_H2O_site1.cif,-657.2543943156567,uma-s-1p2,success
MAT_012,Mg,0.8,0.1999999999999999,Ru0.80Mg0.20Ox,2,data\h2o_adsorbates\MAT_012_H2O_site2.cif,-656.6253941588446,uma-s-1p2,success
MAT_013,Mg,0.6,0.4,Ru0.60Mg0.40Ox,0,data\h2o_adsorbates\MAT_013_H2O_site0.cif,-630.4054972359453,uma-s-1p2,success
MAT_013,Mg,0.6,0.4,Ru0.60Mg0.40Ox,1,data\h2o_adsorbates\MAT_013_H2O_site1.cif,-630.7105842852716,uma-s-1p2,success
MAT_013,Mg,0.6,0.4,Ru0.60Mg0.40Ox,2,data\h2o_adsorbates\MAT_013_H2O_site2.cif,-629.9002254451536,uma-s-1p2,success
MAT_014,Mg,0.4,0.6,Ru0.40Mg0.60Ox,0,data\h2o_adsorbates\MAT_014_H2O_site0.cif,-569.8595744745586,uma-s-1p2,success
MAT_014,Mg,0.4,0.6,Ru0.40Mg0.60Ox,1,data\h2o_adsorbates\MAT_014_H2O_site1.cif,-569.8773420750358,uma-s-1p2,success
MAT_014,Mg,0.4,0.6,Ru0.40Mg0.60Ox,2,data\h2o_adsorbates\MAT_014_H2O_site2.cif,-569.3184929015837,uma-s-1p2,success
MAT_015,Mg,0.2,0.8,Ru0.20Mg0.80Ox,0,data\h2o_adsorbates\MAT_015_H2O_site0.cif,-537.1787671973472,uma-s-1p2,success
MAT_015,Mg,0.2,0.8,Ru0.20Mg0.80Ox,1,data\h2o_adsorbates\MAT_015_H2O_site1.cif,-537.1692066177582,uma-s-1p2,success
MAT_015,Mg,0.2,0.8,Ru0.20Mg0.80Ox,2,data\h2o_adsorbates\MAT_015_H2O_site2.cif,-537.1732889235033,uma-s-1p2,success
MAT_017,Al,0.8,0.1999999999999999,Ru0.80Al0.20Ox,0,data\h2o_adsorbates\MAT_017_H2O_site0.cif,-691.9461121008133,uma-s-1p2,success
MAT_017,Al,0.8,0.1999999999999999,Ru0.80Al0.20Ox,1,data\h2o_adsorbates\MAT_017_H2O_site1.cif,-691.7732230187098,uma-s-1p2,success
MAT_017,Al,0.8,0.1999999999999999,Ru0.80Al0.20Ox,2,data\h2o_adsorbates\MAT_017_H2O_site2.cif,-691.1847874384936,uma-s-1p2,success
MAT_018,Al,0.6,0.4,Ru0.60Al0.40Ox,0,data\h2o_adsorbates\MAT_018_H2O_site0.cif,-683.8460828772916,uma-s-1p2,success
MAT_018,Al,0.6,0.4,Ru0.60Al0.40Ox,1,data\h2o_adsorbates\MAT_018_H2O_site1.cif,-683.6605580493153,uma-s-1p2,success
MAT_018,Al,0.6,0.4,Ru0.60Al0.40Ox,2,data\h2o_adsorbates\MAT_018_H2O_site2.cif,-682.9544978842956,uma-s-1p2,success
MAT_019,Al,0.4,0.6,Ru0.40Al0.60Ox,0,data\h2o_adsorbates\MAT_019_H2O_site0.cif,-667.0799969900139,uma-s-1p2,success
MAT_019,Al,0.4,0.6,Ru0.40Al0.60Ox,1,data\h2o_adsorbates\MAT_019_H2O_site1.cif,-667.1452381469405,uma-s-1p2,success
MAT_019,Al,0.4,0.6,Ru0.40Al0.60Ox,2,data\h2o_adsorbates\MAT_019_H2O_site2.cif,-666.1741016698501,uma-s-1p2,success
MAT_020,Al,0.2,0.8,Ru0.20Al0.80Ox,0,data\h2o_adsorbates\MAT_020_H2O_site0.cif,-658.6774587866142,uma-s-1p2,success
MAT_020,Al,0.2,0.8,Ru0.20Al0.80Ox,1,data\h2o_adsorbates\MAT_020_H2O_site1.cif,-658.7319861062922,uma-s-1p2,success
MAT_020,Al,0.2,0.8,Ru0.20Al0.80Ox,2,data\h2o_adsorbates\MAT_020_H2O_site2.cif,-658.6254092346339,uma-s-1p2,success
MAT_022,Si,0.8,0.1999999999999999,Ru0.80Si0.20Ox,0,data\h2o_adsorbates\MAT_022_H2O_site0.cif,-694.8573109010445,uma-s-1p2,success
MAT_022,Si,0.8,0.1999999999999999,Ru0.80Si0.20Ox,1,data\h2o_adsorbates\MAT_022_H2O_site1.cif,-694.9014066136924,uma-s-1p2,success
MAT_022,Si,0.8,0.1999999999999999,Ru0.80Si0.20Ox,2,data\h2o_adsorbates\MAT_022_H2O_site2.cif,-694.4003272116045,uma-s-1p2,success
MAT_023,Si,0.6,0.4,Ru0.60Si0.40Ox,0,data\h2o_adsorbates\MAT_023_H2O_site0.cif,-689.0876283598228,uma-s-1p2,success
MAT_023,Si,0.6,0.4,Ru0.60Si0.40Ox,1,data\h2o_adsorbates\MAT_023_H2O_site1.cif,-689.1099579101863,uma-s-1p2,success
MAT_023,Si,0.6,0.4,Ru0.60Si0.40Ox,2,data\h2o_adsorbates\MAT_023_H2O_site2.cif,-688.58968036159,uma-s-1p2,success
MAT_024,Si,0.4,0.6,Ru0.40Si0.60Ox,0,data\h2o_adsorbates\MAT_024_H2O_site0.cif,-681.7774138049688,uma-s-1p2,success
MAT_024,Si,0.4,0.6,Ru0.40Si0.60Ox,1,data\h2o_adsorbates\MAT_024_H2O_site1.cif,-681.7898583261016,uma-s-1p2,success
MAT_024,Si,0.4,0.6,Ru0.40Si0.60Ox,2,data\h2o_adsorbates\MAT_024_H2O_site2.cif,-681.2961674355233,uma-s-1p2,success
MAT_025,Si,0.2,0.8,Ru0.20Si0.80Ox,0,data\h2o_adsorbates\MAT_025_H2O_site0.cif,-679.6733617348874,uma-s-1p2,success
MAT_025,Si,0.2,0.8,Ru0.20Si0.80Ox,1,data\h2o_adsorbates\MAT_025_H2O_site1.cif,-679.6792667848559,uma-s-1p2,success
MAT_025,Si,0.2,0.8,Ru0.20Si0.80Ox,2,data\h2o_adsorbates\MAT_025_H2O_site2.cif,-678.7785048415952,uma-s-1p2,success
MAT_027,K,0.8,0.1999999999999999,Ru0.80K0.20Ox,0,data\h2o_adsorbates\MAT_027_H2O_site0.cif,-578.73895168621,uma-s-1p2,success
MAT_027,K,0.8,0.1999999999999999,Ru0.80K0.20Ox,1,data\h2o_adsorbates\MAT_027_H2O_site1.cif,-580.5588369922677,uma-s-1p2,success
MAT_027,K,0.8,0.1999999999999999,Ru0.80K0.20Ox,2,data\h2o_adsorbates\MAT_027_H2O_site2.cif,-579.8821011361342,uma-s-1p2,success
MAT_028,K,0.6,0.4,Ru0.60K0.40Ox,0,data\h2o_adsorbates\MAT_028_H2O_site0.cif,-513.5561494671722,uma-s-1p2,success
MAT_028,K,0.6,0.4,Ru0.60K0.40Ox,1,data\h2o_adsorbates\MAT_028_H2O_site1.cif,-515.3183295158436,uma-s-1p2,success
MAT_028,K,0.6,0.4,Ru0.60K0.40Ox,2,data\h2o_adsorbates\MAT_028_H2O_site2.cif,-514.5086284488368,uma-s-1p2,success
MAT_029,K,0.4,0.6,Ru0.40K0.60Ox,0,data\h2o_adsorbates\MAT_029_H2O_site0.cif,-390.5978620646975,uma-s-1p2,success
MAT_029,K,0.4,0.6,Ru0.40K0.60Ox,1,data\h2o_adsorbates\MAT_029_H2O_site1.cif,-390.4804557085671,uma-s-1p2,success
MAT_029,K,0.4,0.6,Ru0.40K0.60Ox,2,data\h2o_adsorbates\MAT_029_H2O_site2.cif,-391.47784119327775,uma-s-1p2,success
MAT_030,K,0.2,0.8,Ru0.20K0.80Ox,0,data\h2o_adsorbates\MAT_030_H2O_site0.cif,-335.48246600504433,uma-s-1p2,success
MAT_030,K,0.2,0.8,Ru0.20K0.80Ox,1,data\h2o_adsorbates\MAT_030_H2O_site1.cif,-335.32765448497355,uma-s-1p2,success
MAT_030,K,0.2,0.8,Ru0.20K0.80Ox,2,data\h2o_adsorbates\MAT_030_H2O_site2.cif,-335.3028029627517,uma-s-1p2,success
MAT_032,Ca,0.8,0.1999999999999999,Ru0.80Ca0.20Ox,0,data\h2o_adsorbates\MAT_032_H2O_site0.cif,-641.1455283104265,uma-s-1p2,success
MAT_032,Ca,0.8,0.1999999999999999,Ru0.80Ca0.20Ox,1,data\h2o_adsorbates\MAT_032_H2O_site1.cif,-642.4380171532656,uma-s-1p2,success
MAT_032,Ca,0.8,0.1999999999999999,Ru0.80Ca0.20Ox,2,data\h2o_adsorbates\MAT_032_H2O_site2.cif,-641.7613263211847,uma-s-1p2,success
MAT_033,Ca,0.6,0.4,Ru0.60Ca0.40Ox,0,data\h2o_adsorbates\MAT_033_H2O_site0.cif,-606.6779812655541,uma-s-1p2,success
MAT_033,Ca,0.6,0.4,Ru0.60Ca0.40Ox,1,data\h2o_adsorbates\MAT_033_H2O_site1.cif,-607.9946575783335,uma-s-1p2,success
MAT_033,Ca,0.6,0.4,Ru0.60Ca0.40Ox,2,data\h2o_adsorbates\MAT_033_H2O_site2.cif,-607.1553722492791,uma-s-1p2,success
MAT_034,Ca,0.4,0.6,Ru0.40Ca0.60Ox,0,data\h2o_adsorbates\MAT_034_H2O_site0.cif,-533.1352775710199,uma-s-1p2,success
MAT_034,Ca,0.4,0.6,Ru0.40Ca0.60Ox,1,data\h2o_adsorbates\MAT_034_H2O_site1.cif,-533.2085575610515,uma-s-1p2,success
MAT_034,Ca,0.4,0.6,Ru0.40Ca0.60Ox,2,data\h2o_adsorbates\MAT_034_H2O_site2.cif,-533.5729116814553,uma-s-1p2,success
MAT_035,Ca,0.2,0.8,Ru0.20Ca0.80Ox,0,data\h2o_adsorbates\MAT_035_H2O_site0.cif,-496.4654904074994,uma-s-1p2,success
MAT_035,Ca,0.2,0.8,Ru0.20Ca0.80Ox,1,data\h2o_adsorbates\MAT_035_H2O_site1.cif,-496.52210367913216,uma-s-1p2,success
MAT_035,Ca,0.2,0.8,Ru0.20Ca0.80Ox,2,data\h2o_adsorbates\MAT_035_H2O_site2.cif,-496.46835908855905,uma-s-1p2,success
MAT_037,Sc,0.8,0.1999999999999999,Ru0.80Sc0.20Ox,0,data\h2o_adsorbates\MAT_037_H2O_site0.cif,-717.884335821978,uma-s-1p2,success
MAT_037,Sc,0.8,0.1999999999999999,Ru0.80Sc0.20Ox,1,data\h2o_adsorbates\MAT_037_H2O_site1.cif,-718.4428504946162,uma-s-1p2,success
MAT_037,Sc,0.8,0.1999999999999999,Ru0.80Sc0.20Ox,2,data\h2o_adsorbates\MAT_037_H2O_site2.cif,-717.832717205573,uma-s-1p2,success
MAT_038,Sc,0.6,0.4,Ru0.60Sc0.40Ox,0,data\h2o_adsorbates\MAT_038_H2O_site0.cif,-722.2910889857534,uma-s-1p2,success
MAT_038,Sc,0.6,0.4,Ru0.60Sc0.40Ox,1,data\h2o_adsorbates\MAT_038_H2O_site1.cif,-722.8544870433177,uma-s-1p2,success
MAT_038,Sc,0.6,0.4,Ru0.60Sc0.40Ox,2,data\h2o_adsorbates\MAT_038_H2O_site2.cif,-722.0842476510951,uma-s-1p2,success
MAT_039,Sc,0.4,0.6,Ru0.40Sc0.60Ox,0,data\h2o_adsorbates\MAT_039_H2O_site0.cif,-731.2982579138161,uma-s-1p2,success
MAT_039,Sc,0.4,0.6,Ru0.40Sc0.60Ox,1,data\h2o_adsorbates\MAT_039_H2O_site1.cif,-731.4549375771132,uma-s-1p2,success
MAT_039,Sc,0.4,0.6,Ru0.40Sc0.60Ox,2,data\h2o_adsorbates\MAT_039_H2O_site2.cif,-731.1299997349905,uma-s-1p2,success
MAT_040,Sc,0.2,0.8,Ru0.20Sc0.80Ox,0,data\h2o_adsorbates\MAT_040_H2O_site0.cif,-736.2511073506464,uma-s-1p2,success
MAT_040,Sc,0.2,0.8,Ru0.20Sc0.80Ox,1,data\h2o_adsorbates\MAT_040_H2O_site1.cif,-736.4070811846805,uma-s-1p2,success
MAT_040,Sc,0.2,0.8,Ru0.20Sc0.80Ox,2,data\h2o_adsorbates\MAT_040_H2O_site2.cif,-736.4261855760734,uma-s-1p2,success
MAT_042,Ti,0.8,0.1999999999999999,Ru0.80Ti0.20Ox,0,data\h2o_adsorbates\MAT_042_H2O_site0.cif,-734.7579317779048,uma-s-1p2,success
MAT_042,Ti,0.8,0.1999999999999999,Ru0.80Ti0.20Ox,1,data\h2o_adsorbates\MAT_042_H2O_site1.cif,-734.8666120392145,uma-s-1p2,success
MAT_042,Ti,0.8,0.1999999999999999,Ru0.80Ti0.20Ox,2,data\h2o_adsorbates\MAT_042_H2O_site2.cif,-734.3146131858648,uma-s-1p2,success
MAT_043,Ti,0.6,0.4,Ru0.60Ti0.40Ox,0,data\h2o_adsorbates\MAT_043_H2O_site0.cif,-748.7975140103828,uma-s-1p2,success
MAT_043,Ti,0.6,0.4,Ru0.60Ti0.40Ox,1,data\h2o_adsorbates\MAT_043_H2O_site1.cif,-748.913907360327,uma-s-1p2,success
MAT_043,Ti,0.6,0.4,Ru0.60Ti0.40Ox,2,data\h2o_adsorbates\MAT_043_H2O_site2.cif,-748.3149320048691,uma-s-1p2,success
MAT_044,Ti,0.4,0.6,Ru0.40Ti0.60Ox,0,data\h2o_adsorbates\MAT_044_H2O_site0.cif,-781.3142965802666,uma-s-1p2,success
MAT_044,Ti,0.4,0.6,Ru0.40Ti0.60Ox,1,data\h2o_adsorbates\MAT_044_H2O_site1.cif,-781.2374591376589,uma-s-1p2,success
MAT_044,Ti,0.4,0.6,Ru0.40Ti0.60Ox,2,data\h2o_adsorbates\MAT_044_H2O_site2.cif,-780.7800336965724,uma-s-1p2,success
MAT_045,Ti,0.2,0.8,Ru0.20Ti0.80Ox,0,data\h2o_adsorbates\MAT_045_H2O_site0.cif,-797.4367911740711,uma-s-1p2,success
MAT_045,Ti,0.2,0.8,Ru0.20Ti0.80Ox,1,data\h2o_adsorbates\MAT_045_H2O_site1.cif,-797.3528569339196,uma-s-1p2,success
MAT_045,Ti,0.2,0.8,Ru0.20Ti0.80Ox,2,data\h2o_adsorbates\MAT_045_H2O_site2.cif,-797.5120269382535,uma-s-1p2,success
MAT_047,V,0.8,0.1999999999999999,Ru0.80V0.20Ox,0,data\h2o_adsorbates\MAT_047_H2O_site0.cif,-709.1542867957794,uma-s-1p2,success
MAT_047,V,0.8,0.1999999999999999,Ru0.80V0.20Ox,1,data\h2o_adsorbates\MAT_047_H2O_site1.cif,-709.2240577218431,uma-s-1p2,success
MAT_047,V,0.8,0.1999999999999999,Ru0.80V0.20Ox,2,data\h2o_adsorbates\MAT_047_H2O_site2.cif,-708.6608461596436,uma-s-1p2,success
MAT_048,V,0.6,0.4,Ru0.60V0.40Ox,0,data\h2o_adsorbates\MAT_048_H2O_site0.cif,-710.5002355458965,uma-s-1p2,success
MAT_048,V,0.6,0.4,Ru0.60V0.40Ox,1,data\h2o_adsorbates\MAT_048_H2O_site1.cif,-710.5652662681206,uma-s-1p2,success
MAT_048,V,0.6,0.4,Ru0.60V0.40Ox,2,data\h2o_adsorbates\MAT_048_H2O_site2.cif,-710.0076338789365,uma-s-1p2,success
MAT_049,V,0.4,0.6,Ru0.40V0.60Ox,0,data\h2o_adsorbates\MAT_049_H2O_site0.cif,-717.0380305822752,uma-s-1p2,success
MAT_049,V,0.4,0.6,Ru0.40V0.60Ox,1,data\h2o_adsorbates\MAT_049_H2O_site1.cif,-717.049109123848,uma-s-1p2,success
MAT_049,V,0.4,0.6,Ru0.40V0.60Ox,2,data\h2o_adsorbates\MAT_049_H2O_site2.cif,-716.4867594577956,uma-s-1p2,success
MAT_050,V,0.2,0.8,Ru0.20V0.80Ox,0,data\h2o_adsorbates\MAT_050_H2O_site0.cif,-721.1485112972305,uma-s-1p2,success
MAT_050,V,0.2,0.8,Ru0.20V0.80Ox,1,data\h2o_adsorbates\MAT_050_H2O_site1.cif,-721.1715869765335,uma-s-1p2,success
MAT_050,V,0.2,0.8,Ru0.20V0.80Ox,2,data\h2o_adsorbates\MAT_050_H2O_site2.cif,-720.9299110508732,uma-s-1p2,success
MAT_052,Cr,0.8,0.1999999999999999,Ru0.80Cr0.20Ox,0,data\h2o_adsorbates\MAT_052_H2O_site0.cif,-704.7249414179572,uma-s-1p2,success
MAT_052,Cr,0.8,0.1999999999999999,Ru0.80Cr0.20Ox,1,data\h2o_adsorbates\MAT_052_H2O_site1.cif,-704.7594567536313,uma-s-1p2,success
MAT_052,Cr,0.8,0.1999999999999999,Ru0.80Cr0.20Ox,2,data\h2o_adsorbates\MAT_052_H2O_site2.cif,-704.2041629805262,uma-s-1p2,success
MAT_053,Cr,0.6,0.4,Ru0.60Cr0.40Ox,0,data\h2o_adsorbates\MAT_053_H2O_site0.cif,-703.3425766201393,uma-s-1p2,success
MAT_053,Cr,0.6,0.4,Ru0.60Cr0.40Ox,1,data\h2o_adsorbates\MAT_053_H2O_site1.cif,-703.3692549810437,uma-s-1p2,success
MAT_053,Cr,0.6,0.4,Ru0.60Cr0.40Ox,2,data\h2o_adsorbates\MAT_053_H2O_site2.cif,-702.7632293244001,uma-s-1p2,success
MAT_054,Cr,0.4,0.6,Ru0.40Cr0.60Ox,0,data\h2o_adsorbates\MAT_054_H2O_site0.cif,-702.207802239501,uma-s-1p2,success
MAT_054,Cr,0.4,0.6,Ru0.40Cr0.60Ox,1,data\h2o_adsorbates\MAT_054_H2O_site1.cif,-702.2429767481012,uma-s-1p2,success
MAT_054,Cr,0.4,0.6,Ru0.40Cr0.60Ox,2,data\h2o_adsorbates\MAT_054_H2O_site2.cif,-701.5687317529358,uma-s-1p2,success
MAT_055,Cr,0.2,0.8,Ru0.20Cr0.80Ox,0,data\h2o_adsorbates\MAT_055_H2O_site0.cif,-701.9864455175604,uma-s-1p2,success
MAT_055,Cr,0.2,0.8,Ru0.20Cr0.80Ox,1,data\h2o_adsorbates\MAT_055_H2O_site1.cif,-702.0222632111987,uma-s-1p2,success
MAT_055,Cr,0.2,0.8,Ru0.20Cr0.80Ox,2,data\h2o_adsorbates\MAT_055_H2O_site2.cif,-701.6256765035798,uma-s-1p2,success
MAT_057,Mn,0.8,0.1999999999999999,Ru0.80Mn0.20Ox,0,data\h2o_adsorbates\MAT_057_H2O_site0.cif,-696.8592365178843,uma-s-1p2,success
MAT_057,Mn,0.8,0.1999999999999999,Ru0.80Mn0.20Ox,1,data\h2o_adsorbates\MAT_057_H2O_site1.cif,-697.2888550646408,uma-s-1p2,success
MAT_057,Mn,0.8,0.1999999999999999,Ru0.80Mn0.20Ox,2,data\h2o_adsorbates\MAT_057_H2O_site2.cif,-696.7340043005161,uma-s-1p2,success
MAT_058,Mn,0.6,0.4,Ru0.60Mn0.40Ox,0,data\h2o_adsorbates\MAT_058_H2O_site0.cif,-691.2002837335009,uma-s-1p2,success
MAT_058,Mn,0.6,0.4,Ru0.60Mn0.40Ox,1,data\h2o_adsorbates\MAT_058_H2O_site1.cif,-691.6183521734763,uma-s-1p2,success
MAT_058,Mn,0.6,0.4,Ru0.60Mn0.40Ox,2,data\h2o_adsorbates\MAT_058_H2O_site2.cif,-691.03180522378,uma-s-1p2,success
MAT_059,Mn,0.4,0.6,Ru0.40Mn0.60Ox,0,data\h2o_adsorbates\MAT_059_H2O_site0.cif,-683.3108397398553,uma-s-1p2,success
MAT_059,Mn,0.4,0.6,Ru0.40Mn0.60Ox,1,data\h2o_adsorbates\MAT_059_H2O_site1.cif,-683.2903694438925,uma-s-1p2,success
MAT_059,Mn,0.4,0.6,Ru0.40Mn0.60Ox,2,data\h2o_adsorbates\MAT_059_H2O_site2.cif,-683.0810297167609,uma-s-1p2,success
MAT_060,Mn,0.2,0.8,Ru0.20Mn0.80Ox,0,data\h2o_adsorbates\MAT_060_H2O_site0.cif,-680.312828556647,uma-s-1p2,success
MAT_060,Mn,0.2,0.8,Ru0.20Mn0.80Ox,1,data\h2o_adsorbates\MAT_060_H2O_site1.cif,-680.2787890131228,uma-s-1p2,success
MAT_060,Mn,0.2,0.8,Ru0.20Mn0.80Ox,2,data\h2o_adsorbates\MAT_060_H2O_site2.cif,-680.268040527951,uma-s-1p2,success
MAT_062,Fe,0.8,0.1999999999999999,Ru0.80Fe0.20Ox,0,data\h2o_adsorbates\MAT_062_H2O_site0.cif,-678.2978950118978,uma-s-1p2,success
MAT_062,Fe,0.8,0.1999999999999999,Ru0.80Fe0.20Ox,1,data\h2o_adsorbates\MAT_062_H2O_site1.cif,-678.5256628147606,uma-s-1p2,success
MAT_062,Fe,0.8,0.1999999999999999,Ru0.80Fe0.20Ox,2,data\h2o_adsorbates\MAT_062_H2O_site2.cif,-677.9735772203691,uma-s-1p2,success
MAT_063,Fe,0.6,0.4,Ru0.60Fe0.40Ox,0,data\h2o_adsorbates\MAT_063_H2O_site0.cif,-663.2283802300902,uma-s-1p2,success
MAT_063,Fe,0.6,0.4,Ru0.60Fe0.40Ox,1,data\h2o_adsorbates\MAT_063_H2O_site1.cif,-663.464431946184,uma-s-1p2,success
MAT_063,Fe,0.6,0.4,Ru0.60Fe0.40Ox,2,data\h2o_adsorbates\MAT_063_H2O_site2.cif,-662.8392683025853,uma-s-1p2,success
MAT_064,Fe,0.4,0.6,Ru0.40Fe0.60Ox,0,data\h2o_adsorbates\MAT_064_H2O_site0.cif,-633.7216127748974,uma-s-1p2,success
MAT_064,Fe,0.4,0.6,Ru0.40Fe0.60Ox,1,data\h2o_adsorbates\MAT_064_H2O_site1.cif,-633.7303856510387,uma-s-1p2,success
MAT_064,Fe,0.4,0.6,Ru0.40Fe0.60Ox,2,data\h2o_adsorbates\MAT_064_H2O_site2.cif,-633.290769092476,uma-s-1p2,success
MAT_065,Fe,0.2,0.8,Ru0.20Fe0.80Ox,0,data\h2o_adsorbates\MAT_065_H2O_site0.cif,-619.4036028900581,uma-s-1p2,success
MAT_065,Fe,0.2,0.8,Ru0.20Fe0.80Ox,1,data\h2o_adsorbates\MAT_065_H2O_site1.cif,-619.4146996842197,uma-s-1p2,success
MAT_065,Fe,0.2,0.8,Ru0.20Fe0.80Ox,2,data\h2o_adsorbates\MAT_065_H2O_site2.cif,-619.364362758509,uma-s-1p2,success
MAT_067,Co,0.8,0.1999999999999999,Ru0.80Co0.20Ox,0,data\h2o_adsorbates\MAT_067_H2O_site0.cif,-666.8182932830225,uma-s-1p2,success
MAT_067,Co,0.8,0.1999999999999999,Ru0.80Co0.20Ox,1,data\h2o_adsorbates\MAT_067_H2O_site1.cif,-667.1022656740034,uma-s-1p2,success
MAT_067,Co,0.8,0.1999999999999999,Ru0.80Co0.20Ox,2,data\h2o_adsorbates\MAT_067_H2O_site2.cif,-666.5415743888861,uma-s-1p2,success
MAT_068,Co,0.6,0.4,Ru0.60Co0.40Ox,0,data\h2o_adsorbates\MAT_068_H2O_site0.cif,-645.7804524077172,uma-s-1p2,success
MAT_068,Co,0.6,0.4,Ru0.60Co0.40Ox,1,data\h2o_adsorbates\MAT_068_H2O_site1.cif,-646.0750640757958,uma-s-1p2,success
MAT_068,Co,0.6,0.4,Ru0.60Co0.40Ox,2,data\h2o_adsorbates\MAT_068_H2O_site2.cif,-645.4337342176838,uma-s-1p2,success
MAT_069,Co,0.4,0.6,Ru0.40Co0.60Ox,0,data\h2o_adsorbates\MAT_069_H2O_site0.cif,-603.5640716578331,uma-s-1p2,success
MAT_069,Co,0.4,0.6,Ru0.40Co0.60Ox,1,data\h2o_adsorbates\MAT_069_H2O_site1.cif,-603.5371950231198,uma-s-1p2,success
MAT_069,Co,0.4,0.6,Ru0.40Co0.60Ox,2,data\h2o_adsorbates\MAT_069_H2O_site2.cif,-603.1704899032729,uma-s-1p2,success
MAT_070,Co,0.2,0.8,Ru0.20Co0.80Ox,0,data\h2o_adsorbates\MAT_070_H2O_site0.cif,-582.6090342370512,uma-s-1p2,success
MAT_070,Co,0.2,0.8,Ru0.20Co0.80Ox,1,data\h2o_adsorbates\MAT_070_H2O_site1.cif,-582.5772473259641,uma-s-1p2,success
MAT_070,Co,0.2,0.8,Ru0.20Co0.80Ox,2,data\h2o_adsorbates\MAT_070_H2O_site2.cif,-582.4741142843908,uma-s-1p2,success
MAT_072,Ni,0.8,0.1999999999999999,Ru0.80Ni0.20Ox,0,data\h2o_adsorbates\MAT_072_H2O_site0.cif,-641.6322384289724,uma-s-1p2,success
MAT_072,Ni,0.8,0.1999999999999999,Ru0.80Ni0.20Ox,1,data\h2o_adsorbates\MAT_072_H2O_site1.cif,-641.9057844197355,uma-s-1p2,success
MAT_072,Ni,0.8,0.1999999999999999,Ru0.80Ni0.20Ox,2,data\h2o_adsorbates\MAT_072_H2O_site2.cif,-641.3352124048198,uma-s-1p2,success
MAT_073,Ni,0.6,0.4,Ru0.60Ni0.40Ox,0,data\h2o_adsorbates\MAT_073_H2O_site0.cif,-607.4817728219386,uma-s-1p2,success
MAT_073,Ni,0.6,0.4,Ru0.60Ni0.40Ox,1,data\h2o_adsorbates\MAT_073_H2O_site1.cif,-607.7688677029522,uma-s-1p2,success
MAT_073,Ni,0.6,0.4,Ru0.60Ni0.40Ox,2,data\h2o_adsorbates\MAT_073_H2O_site2.cif,-607.096869396009,uma-s-1p2,success
MAT_074,Ni,0.4,0.6,Ru0.40Ni0.60Ox,0,data\h2o_adsorbates\MAT_074_H2O_site0.cif,-536.5958866191945,uma-s-1p2,success
MAT_074,Ni,0.4,0.6,Ru0.40Ni0.60Ox,1,data\h2o_adsorbates\MAT_074_H2O_site1.cif,-536.5767232505923,uma-s-1p2,success
MAT_074,Ni,0.4,0.6,Ru0.40Ni0.60Ox,2,data\h2o_adsorbates\MAT_074_H2O_site2.cif,-536.1776971502065,uma-s-1p2,success
MAT_075,Ni,0.2,0.8,Ru0.20Ni0.80Ox,0,data\h2o_adsorbates\MAT_075_H2O_site0.cif,-500.25881796292373,uma-s-1p2,success
MAT_075,Ni,0.2,0.8,Ru0.20Ni0.80Ox,1,data\h2o_adsorbates\MAT_075_H2O_site1.cif,-500.2356117683612,uma-s-1p2,success
MAT_075,Ni,0.2,0.8,Ru0.20Ni0.80Ox,2,data\h2o_adsorbates\MAT_075_H2O_site2.cif,-500.1365866241525,uma-s-1p2,success
MAT_077,Cu,0.8,0.1999999999999999,Ru0.80Cu0.20Ox,0,data\h2o_adsorbates\MAT_077_H2O_site0.cif,-645.9767605859386,uma-s-1p2,success
MAT_077,Cu,0.8,0.1999999999999999,Ru0.80Cu0.20Ox,1,data\h2o_adsorbates\MAT_077_H2O_site1.cif,-646.5039398228517,uma-s-1p2,success
MAT_077,Cu,0.8,0.1999999999999999,Ru0.80Cu0.20Ox,2,data\h2o_adsorbates\MAT_077_H2O_site2.cif,-645.9463296807289,uma-s-1p2,success
MAT_078,Cu,0.6,0.4,Ru0.60Cu0.40Ox,0,data\h2o_adsorbates\MAT_078_H2O_site0.cif,-613.8946824236435,uma-s-1p2,success
MAT_078,Cu,0.6,0.4,Ru0.60Cu0.40Ox,1,data\h2o_adsorbates\MAT_078_H2O_site1.cif,-614.4215088371631,uma-s-1p2,success
MAT_078,Cu,0.6,0.4,Ru0.60Cu0.40Ox,2,data\h2o_adsorbates\MAT_078_H2O_site2.cif,-613.7744458188766,uma-s-1p2,success
MAT_079,Cu,0.4,0.6,Ru0.40Cu0.60Ox,0,data\h2o_adsorbates\MAT_079_H2O_site0.cif,-549.5783594496066,uma-s-1p2,success
MAT_079,Cu,0.4,0.6,Ru0.40Cu0.60Ox,1,data\h2o_adsorbates\MAT_079_H2O_site1.cif,-549.5234516626867,uma-s-1p2,success
MAT_079,Cu,0.4,0.6,Ru0.40Cu0.60Ox,2,data\h2o_adsorbates\MAT_079_H2O_site2.cif,-549.446551190905,uma-s-1p2,success
MAT_080,Cu,0.2,0.8,Ru0.20Cu0.80Ox,0,data\h2o_adsorbates\MAT_080_H2O_site0.cif,-517.0231477861917,uma-s-1p2,success
MAT_080,Cu,0.2,0.8,Ru0.20Cu0.80Ox,1,data\h2o_adsorbates\MAT_080_H2O_site1.cif,-516.9796157965783,uma-s-1p2,success
MAT_080,Cu,0.2,0.8,Ru0.20Cu0.80Ox,2,data\h2o_adsorbates\MAT_080_H2O_site2.cif,-517.0850379707671,uma-s-1p2,success
MAT_082,Zn,0.8,0.1999999999999999,Ru0.80Zn0.20Ox,0,data\h2o_adsorbates\MAT_082_H2O_site0.cif,-632.644610346355,uma-s-1p2,success
MAT_082,Zn,0.8,0.1999999999999999,Ru0.80Zn0.20Ox,1,data\h2o_adsorbates\MAT_082_H2O_site1.cif,-633.1662273580139,uma-s-1p2,success
MAT_082,Zn,0.8,0.1999999999999999,Ru0.80Zn0.20Ox,2,data\h2o_adsorbates\MAT_082_H2O_site2.cif,-632.5861485838998,uma-s-1p2,success
MAT_083,Zn,0.6,0.4,Ru0.60Zn0.40Ox,0,data\h2o_adsorbates\MAT_083_H2O_site0.cif,-593.9196067637934,uma-s-1p2,success
MAT_083,Zn,0.6,0.4,Ru0.60Zn0.40Ox,1,data\h2o_adsorbates\MAT_083_H2O_site1.cif,-594.4398221655989,uma-s-1p2,success
MAT_083,Zn,0.6,0.4,Ru0.60Zn0.40Ox,2,data\h2o_adsorbates\MAT_083_H2O_site2.cif,-593.7027319220177,uma-s-1p2,success
MAT_084,Zn,0.4,0.6,Ru0.40Zn0.60Ox,0,data\h2o_adsorbates\MAT_084_H2O_site0.cif,-512.7907282715895,uma-s-1p2,success
MAT_084,Zn,0.4,0.6,Ru0.40Zn0.60Ox,1,data\h2o_adsorbates\MAT_084_H2O_site1.cif,-512.7565607499706,uma-s-1p2,success
MAT_084,Zn,0.4,0.6,Ru0.40Zn0.60Ox,2,data\h2o_adsorbates\MAT_084_H2O_site2.cif,-512.5119906191223,uma-s-1p2,success
MAT_085,Zn,0.2,0.8,Ru0.20Zn0.80Ox,0,data\h2o_adsorbates\MAT_085_H2O_site0.cif,-471.4892739819728,uma-s-1p2,success
MAT_085,Zn,0.2,0.8,Ru0.20Zn0.80Ox,1,data\h2o_adsorbates\MAT_085_H2O_site1.cif,-471.46136116663445,uma-s-1p2,success
MAT_085,Zn,0.2,0.8,Ru0.20Zn0.80Ox,2,data\h2o_adsorbates\MAT_085_H2O_site2.cif,-471.4642629183257,uma-s-1p2,success
MAT_087,Ga,0.8,0.1999999999999999,Ru0.80Ga0.20Ox,0,data\h2o_adsorbates\MAT_087_H2O_site0.cif,-662.7217090527323,uma-s-1p2,success
MAT_087,Ga,0.8,0.1999999999999999,Ru0.80Ga0.20Ox,1,data\h2o_adsorbates\MAT_087_H2O_site1.cif,-662.9314731313088,uma-s-1p2,success
MAT_087,Ga,0.8,0.1999999999999999,Ru0.80Ga0.20Ox,2,data\h2o_adsorbates\MAT_087_H2O_site2.cif,-662.3844434540526,uma-s-1p2,success
MAT_088,Ga,0.6,0.4,Ru0.60Ga0.40Ox,0,data\h2o_adsorbates\MAT_088_H2O_site0.cif,-639.5507298813438,uma-s-1p2,success
MAT_088,Ga,0.6,0.4,Ru0.60Ga0.40Ox,1,data\h2o_adsorbates\MAT_088_H2O_site1.cif,-639.7490697465093,uma-s-1p2,success
MAT_088,Ga,0.6,0.4,Ru0.60Ga0.40Ox,2,data\h2o_adsorbates\MAT_088_H2O_site2.cif,-639.0938350751628,uma-s-1p2,success
MAT_089,Ga,0.4,0.6,Ru0.40Ga0.60Ox,0,data\h2o_adsorbates\MAT_089_H2O_site0.cif,-593.564392157628,uma-s-1p2,success
MAT_089,Ga,0.4,0.6,Ru0.40Ga0.60Ox,1,data\h2o_adsorbates\MAT_089_H2O_site1.cif,-593.61850179498,uma-s-1p2,success
MAT_089,Ga,0.4,0.6,Ru0.40Ga0.60Ox,2,data\h2o_adsorbates\MAT_089_H2O_site2.cif,-593.1122443843846,uma-s-1p2,success
MAT_090,Ga,0.2,0.8,Ru0.20Ga0.80Ox,0,data\h2o_adsorbates\MAT_090_H2O_site0.cif,-571.9222778073389,uma-s-1p2,success
MAT_090,Ga,0.2,0.8,Ru0.20Ga0.80Ox,1,data\h2o_adsorbates\MAT_090_H2O_site1.cif,-571.9609123613822,uma-s-1p2,success
MAT_090,Ga,0.2,0.8,Ru0.20Ga0.80Ox,2,data\h2o_adsorbates\MAT_090_H2O_site2.cif,-571.8040689797115,uma-s-1p2,success
MAT_092,Ge,0.8,0.1999999999999999,Ru0.80Ge0.20Ox,0,data\h2o_adsorbates\MAT_092_H2O_site0.cif,-674.2225578404649,uma-s-1p2,success
MAT_092,Ge,0.8,0.1999999999999999,Ru0.80Ge0.20Ox,1,data\h2o_adsorbates\MAT_092_H2O_site1.cif,-674.7350467279094,uma-s-1p2,success
MAT_092,Ge,0.8,0.1999999999999999,Ru0.80Ge0.20Ox,2,data\h2o_adsorbates\MAT_092_H2O_site2.cif,-674.2352921933121,uma-s-1p2,success
MAT_093,Ge,0.6,0.4,Ru0.60Ge0.40Ox,0,data\h2o_adsorbates\MAT_093_H2O_site0.cif,-657.871847163685,uma-s-1p2,success
MAT_093,Ge,0.6,0.4,Ru0.60Ge0.40Ox,1,data\h2o_adsorbates\MAT_093_H2O_site1.cif,-658.3762507116677,uma-s-1p2,success
MAT_093,Ge,0.6,0.4,Ru0.60Ge0.40Ox,2,data\h2o_adsorbates\MAT_093_H2O_site2.cif,-657.870403944328,uma-s-1p2,success
MAT_094,Ge,0.4,0.6,Ru0.40Ge0.60Ox,0,data\h2o_adsorbates\MAT_094_H2O_site0.cif,-630.7667936042533,uma-s-1p2,success
MAT_094,Ge,0.4,0.6,Ru0.40Ge0.60Ox,1,data\h2o_adsorbates\MAT_094_H2O_site1.cif,-630.7885169196977,uma-s-1p2,success
MAT_094,Ge,0.4,0.6,Ru0.40Ge0.60Ox,2,data\h2o_adsorbates\MAT_094_H2O_site2.cif,-630.7751922723257,uma-s-1p2,success
MAT_095,Ge,0.2,0.8,Ru0.20Ge0.80Ox,0,data\h2o_adsorbates\MAT_095_H2O_site0.cif,-619.877723228518,uma-s-1p2,success
MAT_095,Ge,0.2,0.8,Ru0.20Ge0.80Ox,1,data\h2o_adsorbates\MAT_095_H2O_site1.cif,-619.8833011591976,uma-s-1p2,success
MAT_095,Ge,0.2,0.8,Ru0.20Ge0.80Ox,2,data\h2o_adsorbates\MAT_095_H2O_site2.cif,-619.0544701516727,uma-s-1p2,success
MAT_097,Sr,0.8,0.1999999999999999,Ru0.80Sr0.20Ox,0,data\h2o_adsorbates\MAT_097_H2O_site0.cif,-607.256154860404,uma-s-1p2,success
MAT_097,Sr,0.8,0.1999999999999999,Ru0.80Sr0.20Ox,1,data\h2o_adsorbates\MAT_097_H2O_site1.cif,-609.3878617536847,uma-s-1p2,success
MAT_097,Sr,0.8,0.1999999999999999,Ru0.80Sr0.20Ox,2,data\h2o_adsorbates\MAT_097_H2O_site2.cif,-608.696828441183,uma-s-1p2,success
MAT_098,Sr,0.6,0.4,Ru0.60Sr0.40Ox,0,data\h2o_adsorbates\MAT_098_H2O_site0.cif,-556.4064232451794,uma-s-1p2,success
MAT_098,Sr,0.6,0.4,Ru0.60Sr0.40Ox,1,data\h2o_adsorbates\MAT_098_H2O_site1.cif,-558.5251164250152,uma-s-1p2,success
MAT_098,Sr,0.6,0.4,Ru0.60Sr0.40Ox,2,data\h2o_adsorbates\MAT_098_H2O_site2.cif,-557.6673410984092,uma-s-1p2,success
MAT_099,Sr,0.4,0.6,Ru0.40Sr0.60Ox,0,data\h2o_adsorbates\MAT_099_H2O_site0.cif,-458.4480739748298,uma-s-1p2,success
MAT_099,Sr,0.4,0.6,Ru0.40Sr0.60Ox,1,data\h2o_adsorbates\MAT_099_H2O_site1.cif,-458.471647670847,uma-s-1p2,success
MAT_099,Sr,0.4,0.6,Ru0.40Sr0.60Ox,2,data\h2o_adsorbates\MAT_099_H2O_site2.cif,-459.67595097761233,uma-s-1p2,success
MAT_100,Sr,0.2,0.8,Ru0.20Sr0.80Ox,0,data\h2o_adsorbates\MAT_100_H2O_site0.cif,-415.744335311827,uma-s-1p2,success
MAT_100,Sr,0.2,0.8,Ru0.20Sr0.80Ox,1,data\h2o_adsorbates\MAT_100_H2O_site1.cif,-415.71973498142376,uma-s-1p2,success
MAT_100,Sr,0.2,0.8,Ru0.20Sr0.80Ox,2,data\h2o_adsorbates\MAT_100_H2O_site2.cif,-415.73291436048504,uma-s-1p2,success
MAT_102,Y,0.8,0.1999999999999999,Ru0.80Y0.20Ox,0,data\h2o_adsorbates\MAT_102_H2O_site0.cif,-697.7419375113085,uma-s-1p2,success
MAT_102,Y,0.8,0.1999999999999999,Ru0.80Y0.20Ox,1,data\h2o_adsorbates\MAT_102_H2O_site1.cif,-699.216611343302,uma-s-1p2,success
MAT_102,Y,0.8,0.1999999999999999,Ru0.80Y0.20Ox,2,data\h2o_adsorbates\MAT_102_H2O_site2.cif,-698.5694683055858,uma-s-1p2,success
MAT_103,Y,0.6,0.4,Ru0.60Y0.40Ox,0,data\h2o_adsorbates\MAT_103_H2O_site0.cif,-691.8603067951577,uma-s-1p2,success
MAT_103,Y,0.6,0.4,Ru0.60Y0.40Ox,1,data\h2o_adsorbates\MAT_103_H2O_site1.cif,-693.3598006185383,uma-s-1p2,success
MAT_103,Y,0.6,0.4,Ru0.60Y0.40Ox,2,data\h2o_adsorbates\MAT_103_H2O_site2.cif,-692.528294431893,uma-s-1p2,success
MAT_104,Y,0.4,0.6,Ru0.40Y0.60Ox,0,data\h2o_adsorbates\MAT_104_H2O_site0.cif,-682.0753012238516,uma-s-1p2,success
MAT_104,Y,0.4,0.6,Ru0.40Y0.60Ox,1,data\h2o_adsorbates\MAT_104_H2O_site1.cif,-682.3497281432478,uma-s-1p2,success
MAT_104,Y,0.4,0.6,Ru0.40Y0.60Ox,2,data\h2o_adsorbates\MAT_104_H2O_site2.cif,-682.9130657138022,uma-s-1p2,success
MAT_105,Y,0.2,0.8,Ru0.20Y0.80Ox,0,data\h2o_adsorbates\MAT_105_H2O_site0.cif,-680.734027363786,uma-s-1p2,success
MAT_105,Y,0.2,0.8,Ru0.20Y0.80Ox,1,data\h2o_adsorbates\MAT_105_H2O_site1.cif,-680.9821987489242,uma-s-1p2,success
MAT_105,Y,0.2,0.8,Ru0.20Y0.80Ox,2,data\h2o_adsorbates\MAT_105_H2O_site2.cif,-681.0751950470172,uma-s-1p2,success
MAT_107,Zr,0.8,0.1999999999999999,Ru0.80Zr0.20Ox,0,data\h2o_adsorbates\MAT_107_H2O_site0.cif,-737.9790098764274,uma-s-1p2,success
MAT_107,Zr,0.8,0.1999999999999999,Ru0.80Zr0.20Ox,1,data\h2o_adsorbates\MAT_107_H2O_site1.cif,-738.7505462248278,uma-s-1p2,success
MAT_107,Zr,0.8,0.1999999999999999,Ru0.80Zr0.20Ox,2,data\h2o_adsorbates\MAT_107_H2O_site2.cif,-738.1760955222699,uma-s-1p2,success
MAT_108,Zr,0.6,0.4,Ru0.60Zr0.40Ox,0,data\h2o_adsorbates\MAT_108_H2O_site0.cif,-753.6761822016783,uma-s-1p2,success
MAT_108,Zr,0.6,0.4,Ru0.60Zr0.40Ox,1,data\h2o_adsorbates\MAT_108_H2O_site1.cif,-754.4498839065444,uma-s-1p2,success
MAT_108,Zr,0.6,0.4,Ru0.60Zr0.40Ox,2,data\h2o_adsorbates\MAT_108_H2O_site2.cif,-753.7631539705854,uma-s-1p2,success
MAT_109,Zr,0.4,0.6,Ru0.40Zr0.60Ox,0,data\h2o_adsorbates\MAT_109_H2O_site0.cif,-792.1355497208534,uma-s-1p2,success
MAT_109,Zr,0.4,0.6,Ru0.40Zr0.60Ox,1,data\h2o_adsorbates\MAT_109_H2O_site1.cif,-792.0559351575913,uma-s-1p2,success
MAT_109,Zr,0.4,0.6,Ru0.40Zr0.60Ox,2,data\h2o_adsorbates\MAT_109_H2O_site2.cif,-792.114131790069,uma-s-1p2,success
MAT_110,Zr,0.2,0.8,Ru0.20Zr0.80Ox,0,data\h2o_adsorbates\MAT_110_H2O_site0.cif,-810.2139772051431,uma-s-1p2,success
MAT_110,Zr,0.2,0.8,Ru0.20Zr0.80Ox,1,data\h2o_adsorbates\MAT_110_H2O_site1.cif,-810.0801573421656,uma-s-1p2,success
MAT_110,Zr,0.2,0.8,Ru0.20Zr0.80Ox,2,data\h2o_adsorbates\MAT_110_H2O_site2.cif,-810.4828074688332,uma-s-1p2,success
MAT_112,Nb,0.8,0.1999999999999999,Ru0.80Nb0.20Ox,0,data\h2o_adsorbates\MAT_112_H2O_site0.cif,-740.336722773649,uma-s-1p2,success
MAT_112,Nb,0.8,0.1999999999999999,Ru0.80Nb0.20Ox,1,data\h2o_adsorbates\MAT_112_H2O_site1.cif,-740.6903276314835,uma-s-1p2,success
MAT_112,Nb,0.8,0.1999999999999999,Ru0.80Nb0.20Ox,2,data\h2o_adsorbates\MAT_112_H2O_site2.cif,-740.1569744526212,uma-s-1p2,success
MAT_113,Nb,0.6,0.4,Ru0.60Nb0.40Ox,0,data\h2o_adsorbates\MAT_113_H2O_site0.cif,-758.2571424755064,uma-s-1p2,success
MAT_113,Nb,0.6,0.4,Ru0.60Nb0.40Ox,1,data\h2o_adsorbates\MAT_113_H2O_site1.cif,-758.6241225740297,uma-s-1p2,success
MAT_113,Nb,0.6,0.4,Ru0.60Nb0.40Ox,2,data\h2o_adsorbates\MAT_113_H2O_site2.cif,-758.0988580841868,uma-s-1p2,success
MAT_114,Nb,0.4,0.6,Ru0.40Nb0.60Ox,0,data\h2o_adsorbates\MAT_114_H2O_site0.cif,-793.8899831799458,uma-s-1p2,success
MAT_114,Nb,0.4,0.6,Ru0.40Nb0.60Ox,1,data\h2o_adsorbates\MAT_114_H2O_site1.cif,-793.769268928274,uma-s-1p2,success
MAT_114,Nb,0.4,0.6,Ru0.40Nb0.60Ox,2,data\h2o_adsorbates\MAT_114_H2O_site2.cif,-793.6716312332893,uma-s-1p2,success
MAT_115,Nb,0.2,0.8,Ru0.20Nb0.80Ox,0,data\h2o_adsorbates\MAT_115_H2O_site0.cif,-806.4052746507597,uma-s-1p2,success
MAT_115,Nb,0.2,0.8,Ru0.20Nb0.80Ox,1,data\h2o_adsorbates\MAT_115_H2O_site1.cif,-806.3063803142719,uma-s-1p2,success
MAT_115,Nb,0.2,0.8,Ru0.20Nb0.80Ox,2,data\h2o_adsorbates\MAT_115_H2O_site2.cif,-806.5839916830162,uma-s-1p2,success
MAT_117,Mo,0.8,0.1999999999999999,Ru0.80Mo0.20Ox,0,data\h2o_adsorbates\MAT_117_H2O_site0.cif,-700.3584569200437,uma-s-1p2,success
MAT_117,Mo,0.8,0.1999999999999999,Ru0.80Mo0.20Ox,1,data\h2o_adsorbates\MAT_117_H2O_site1.cif,-700.6406296537515,uma-s-1p2,success
MAT_117,Mo,0.8,0.1999999999999999,Ru0.80Mo0.20Ox,2,data\h2o_adsorbates\MAT_117_H2O_site2.cif,-700.1283579176222,uma-s-1p2,success
MAT_118,Mo,0.6,0.4,Ru0.60Mo0.40Ox,0,data\h2o_adsorbates\MAT_118_H2O_site0.cif,-698.5116244993583,uma-s-1p2,success
MAT_118,Mo,0.6,0.4,Ru0.60Mo0.40Ox,1,data\h2o_adsorbates\MAT_118_H2O_site1.cif,-698.7881381556056,uma-s-1p2,success
MAT_118,Mo,0.6,0.4,Ru0.60Mo0.40Ox,2,data\h2o_adsorbates\MAT_118_H2O_site2.cif,-698.3070987613197,uma-s-1p2,success
MAT_119,Mo,0.4,0.6,Ru0.40Mo0.60Ox,0,data\h2o_adsorbates\MAT_119_H2O_site0.cif,-695.9672562783971,uma-s-1p2,success
MAT_119,Mo,0.4,0.6,Ru0.40Mo0.60Ox,1,data\h2o_adsorbates\MAT_119_H2O_site1.cif,-695.9656914201081,uma-s-1p2,success
MAT_119,Mo,0.4,0.6,Ru0.40Mo0.60Ox,2,data\h2o_adsorbates\MAT_119_H2O_site2.cif,-695.7395336970608,uma-s-1p2,success
MAT_120,Mo,0.2,0.8,Ru0.20Mo0.80Ox,0,data\h2o_adsorbates\MAT_120_H2O_site0.cif,-693.9782562474353,uma-s-1p2,success
MAT_120,Mo,0.2,0.8,Ru0.20Mo0.80Ox,1,data\h2o_adsorbates\MAT_120_H2O_site1.cif,-693.9760730458268,uma-s-1p2,success
MAT_120,Mo,0.2,0.8,Ru0.20Mo0.80Ox,2,data\h2o_adsorbates\MAT_120_H2O_site2.cif,-693.6603823846916,uma-s-1p2,success
MAT_122,Rh,0.8,0.1999999999999999,Ru0.80Rh0.20Ox,0,data\h2o_adsorbates\MAT_122_H2O_site0.cif,-685.3596387843612,uma-s-1p2,success
MAT_122,Rh,0.8,0.1999999999999999,Ru0.80Rh0.20Ox,1,data\h2o_adsorbates\MAT_122_H2O_site1.cif,-684.7996577404242,uma-s-1p2,success
MAT_122,Rh,0.8,0.1999999999999999,Ru0.80Rh0.20Ox,2,data\h2o_adsorbates\MAT_122_H2O_site2.cif,-684.7608905214055,uma-s-1p2,success
MAT_123,Rh,0.6,0.4,Ru0.60Rh0.40Ox,0,data\h2o_adsorbates\MAT_123_H2O_site0.cif,-674.6300868513844,uma-s-1p2,success
MAT_123,Rh,0.6,0.4,Ru0.60Rh0.40Ox,1,data\h2o_adsorbates\MAT_123_H2O_site1.cif,-674.0254036124131,uma-s-1p2,success
MAT_123,Rh,0.6,0.4,Ru0.60Rh0.40Ox,2,data\h2o_adsorbates\MAT_123_H2O_site2.cif,-674.5374633215503,uma-s-1p2,success
MAT_124,Rh,0.4,0.6,Ru0.40Rh0.60Ox,0,data\h2o_adsorbates\MAT_124_H2O_site0.cif,-653.2490798491743,uma-s-1p2,success
MAT_124,Rh,0.4,0.6,Ru0.40Rh0.60Ox,1,data\h2o_adsorbates\MAT_124_H2O_site1.cif,-653.7895880478895,uma-s-1p2,success
MAT_124,Rh,0.4,0.6,Ru0.40Rh0.60Ox,2,data\h2o_adsorbates\MAT_124_H2O_site2.cif,-653.7761879804802,uma-s-1p2,success
MAT_125,Rh,0.2,0.8,Ru0.20Rh0.80Ox,0,data\h2o_adsorbates\MAT_125_H2O_site0.cif,-643.2913182410487,uma-s-1p2,success
MAT_125,Rh,0.2,0.8,Ru0.20Rh0.80Ox,1,data\h2o_adsorbates\MAT_125_H2O_site1.cif,-643.8331174367288,uma-s-1p2,success
MAT_125,Rh,0.2,0.8,Ru0.20Rh0.80Ox,2,data\h2o_adsorbates\MAT_125_H2O_site2.cif,-643.8200597965863,uma-s-1p2,success
MAT_127,Pd,0.8,0.1999999999999999,Ru0.80Pd0.20Ox,0,data\h2o_adsorbates\MAT_127_H2O_site0.cif,-657.1277678204555,uma-s-1p2,success
MAT_127,Pd,0.8,0.1999999999999999,Ru0.80Pd0.20Ox,1,data\h2o_adsorbates\MAT_127_H2O_site1.cif,-657.6523906550583,uma-s-1p2,success
MAT_127,Pd,0.8,0.1999999999999999,Ru0.80Pd0.20Ox,2,data\h2o_adsorbates\MAT_127_H2O_site2.cif,-657.0699158249528,uma-s-1p2,success
MAT_128,Pd,0.6,0.4,Ru0.60Pd0.40Ox,0,data\h2o_adsorbates\MAT_128_H2O_site0.cif,-631.4452106213075,uma-s-1p2,success
MAT_128,Pd,0.6,0.4,Ru0.60Pd0.40Ox,1,data\h2o_adsorbates\MAT_128_H2O_site1.cif,-631.9744886809754,uma-s-1p2,success
MAT_128,Pd,0.6,0.4,Ru0.60Pd0.40Ox,2,data\h2o_adsorbates\MAT_128_H2O_site2.cif,-631.3175922316424,uma-s-1p2,success
MAT_129,Pd,0.4,0.6,Ru0.40Pd0.60Ox,0,data\h2o_adsorbates\MAT_129_H2O_site0.cif,-583.2618885195726,uma-s-1p2,success
MAT_129,Pd,0.4,0.6,Ru0.40Pd0.60Ox,1,data\h2o_adsorbates\MAT_129_H2O_site1.cif,-583.2929185956344,uma-s-1p2,success
MAT_129,Pd,0.4,0.6,Ru0.40Pd0.60Ox,2,data\h2o_adsorbates\MAT_129_H2O_site2.cif,-583.167033019572,uma-s-1p2,success
MAT_130,Pd,0.2,0.8,Ru0.20Pd0.80Ox,0,data\h2o_adsorbates\MAT_130_H2O_site0.cif,-560.380044185923,uma-s-1p2,success
MAT_130,Pd,0.2,0.8,Ru0.20Pd0.80Ox,1,data\h2o_adsorbates\MAT_130_H2O_site1.cif,-560.4106100733021,uma-s-1p2,success
MAT_130,Pd,0.2,0.8,Ru0.20Pd0.80Ox,2,data\h2o_adsorbates\MAT_130_H2O_site2.cif,-560.0517371488563,uma-s-1p2,success
MAT_132,Ag,0.8,0.1999999999999999,Ru0.80Ag0.20Ox,0,data\h2o_adsorbates\MAT_132_H2O_site0.cif,-619.1926908397879,uma-s-1p2,success
MAT_132,Ag,0.8,0.1999999999999999,Ru0.80Ag0.20Ox,1,data\h2o_adsorbates\MAT_132_H2O_site1.cif,-620.287827159538,uma-s-1p2,success
MAT_132,Ag,0.8,0.1999999999999999,Ru0.80Ag0.20Ox,2,data\h2o_adsorbates\MAT_132_H2O_site2.cif,-619.7698928089155,uma-s-1p2,success
MAT_133,Ag,0.6,0.4,Ru0.60Ag0.40Ox,0,data\h2o_adsorbates\MAT_133_H2O_site0.cif,-573.6340944293044,uma-s-1p2,success
MAT_133,Ag,0.6,0.4,Ru0.60Ag0.40Ox,1,data\h2o_adsorbates\MAT_133_H2O_site1.cif,-574.7405368730646,uma-s-1p2,success
MAT_133,Ag,0.6,0.4,Ru0.60Ag0.40Ox,2,data\h2o_adsorbates\MAT_133_H2O_site2.cif,-574.1407910718792,uma-s-1p2,success
MAT_134,Ag,0.4,0.6,Ru0.40Ag0.60Ox,0,data\h2o_adsorbates\MAT_134_H2O_site0.cif,-489.20933879146116,uma-s-1p2,success
MAT_134,Ag,0.4,0.6,Ru0.40Ag0.60Ox,1,data\h2o_adsorbates\MAT_134_H2O_site1.cif,-489.2123663765303,uma-s-1p2,success
MAT_134,Ag,0.4,0.6,Ru0.40Ag0.60Ox,2,data\h2o_adsorbates\MAT_134_H2O_site2.cif,-489.845246655795,uma-s-1p2,success
MAT_135,Ag,0.2,0.8,Ru0.20Ag0.80Ox,0,data\h2o_adsorbates\MAT_135_H2O_site0.cif,-450.22320728191875,uma-s-1p2,success
MAT_135,Ag,0.2,0.8,Ru0.20Ag0.80Ox,1,data\h2o_adsorbates\MAT_135_H2O_site1.cif,-450.23294786523,uma-s-1p2,success
MAT_135,Ag,0.2,0.8,Ru0.20Ag0.80Ox,2,data\h2o_adsorbates\MAT_135_H2O_site2.cif,-450.3530026965084,uma-s-1p2,success
MAT_137,Cd,0.8,0.1999999999999999,Ru0.80Cd0.20Ox,0,data\h2o_adsorbates\MAT_137_H2O_site0.cif,-605.6124939035226,uma-s-1p2,success
MAT_137,Cd,0.8,0.1999999999999999,Ru0.80Cd0.20Ox,1,data\h2o_adsorbates\MAT_137_H2O_site1.cif,-606.8287473842219,uma-s-1p2,success
MAT_137,Cd,0.8,0.1999999999999999,Ru0.80Cd0.20Ox,2,data\h2o_adsorbates\MAT_137_H2O_site2.cif,-606.2829764906858,uma-s-1p2,success
MAT_138,Cd,0.6,0.4,Ru0.60Cd0.40Ox,0,data\h2o_adsorbates\MAT_138_H2O_site0.cif,-553.1784002357155,uma-s-1p2,success
MAT_138,Cd,0.6,0.4,Ru0.60Cd0.40Ox,1,data\h2o_adsorbates\MAT_138_H2O_site1.cif,-554.4266176766146,uma-s-1p2,success
MAT_138,Cd,0.6,0.4,Ru0.60Cd0.40Ox,2,data\h2o_adsorbates\MAT_138_H2O_site2.cif,-553.7071157346951,uma-s-1p2,success
MAT_139,Cd,0.4,0.6,Ru0.40Cd0.60Ox,0,data\h2o_adsorbates\MAT_139_H2O_site0.cif,-450.97088628670633,uma-s-1p2,success
MAT_139,Cd,0.4,0.6,Ru0.40Cd0.60Ox,1,data\h2o_adsorbates\MAT_139_H2O_site1.cif,-450.89893837071344,uma-s-1p2,success
MAT_139,Cd,0.4,0.6,Ru0.40Cd0.60Ox,2,data\h2o_adsorbates\MAT_139_H2O_site2.cif,-451.4466397417418,uma-s-1p2,success
MAT_140,Cd,0.2,0.8,Ru0.20Cd0.80Ox,0,data\h2o_adsorbates\MAT_140_H2O_site0.cif,-403.67460470624405,uma-s-1p2,success
MAT_140,Cd,0.2,0.8,Ru0.20Cd0.80Ox,1,data\h2o_adsorbates\MAT_140_H2O_site1.cif,-403.58148300721587,uma-s-1p2,success
MAT_140,Cd,0.2,0.8,Ru0.20Cd0.80Ox,2,data\h2o_adsorbates\MAT_140_H2O_site2.cif,-403.6107933354489,uma-s-1p2,success
MAT_142,In,0.8,0.1999999999999999,Ru0.80In0.20Ox,0,data\h2o_adsorbates\MAT_142_H2O_site0.cif,-640.8678751711698,uma-s-1p2,success
MAT_142,In,0.8,0.1999999999999999,Ru0.80In0.20Ox,1,data\h2o_adsorbates\MAT_142_H2O_site1.cif,-641.7157006746042,uma-s-1p2,success
MAT_142,In,0.8,0.1999999999999999,Ru0.80In0.20Ox,2,data\h2o_adsorbates\MAT_142_H2O_site2.cif,-641.1692243942467,uma-s-1p2,success
MAT_143,In,0.6,0.4,Ru0.60In0.40Ox,0,data\h2o_adsorbates\MAT_143_H2O_site0.cif,-606.3171996129478,uma-s-1p2,success
MAT_143,In,0.6,0.4,Ru0.60In0.40Ox,1,data\h2o_adsorbates\MAT_143_H2O_site1.cif,-607.168570995487,uma-s-1p2,success
MAT_143,In,0.6,0.4,Ru0.60In0.40Ox,2,data\h2o_adsorbates\MAT_143_H2O_site2.cif,-606.4616806676281,uma-s-1p2,success
MAT_144,In,0.4,0.6,Ru0.40In0.60Ox,0,data\h2o_adsorbates\MAT_144_H2O_site0.cif,-539.1958237653728,uma-s-1p2,success
MAT_144,In,0.4,0.6,Ru0.40In0.60Ox,1,data\h2o_adsorbates\MAT_144_H2O_site1.cif,-539.2710913278547,uma-s-1p2,success
MAT_144,In,0.4,0.6,Ru0.40In0.60Ox,2,data\h2o_adsorbates\MAT_144_H2O_site2.cif,-539.3486198216775,uma-s-1p2,success
MAT_145,In,0.2,0.8,Ru0.20In0.80Ox,0,data\h2o_adsorbates\MAT_145_H2O_site0.cif,-509.21663831066917,uma-s-1p2,success
MAT_145,In,0.2,0.8,Ru0.20In0.80Ox,1,data\h2o_adsorbates\MAT_145_H2O_site1.cif,-509.27599514988856,uma-s-1p2,success
MAT_145,In,0.2,0.8,Ru0.20In0.80Ox,2,data\h2o_adsorbates\MAT_145_H2O_site2.cif,-509.0772755048903,uma-s-1p2,success
MAT_147,Sn,0.8,0.1999999999999999,Ru0.80Sn0.20Ox,0,data\h2o_adsorbates\MAT_147_H2O_site0.cif,-662.2498317411655,uma-s-1p2,success
MAT_147,Sn,0.8,0.1999999999999999,Ru0.80Sn0.20Ox,1,data\h2o_adsorbates\MAT_147_H2O_site1.cif,-662.9033884616622,uma-s-1p2,success
MAT_147,Sn,0.8,0.1999999999999999,Ru0.80Sn0.20Ox,2,data\h2o_adsorbates\MAT_147_H2O_site2.cif,-662.4072500018972,uma-s-1p2,success
MAT_148,Sn,0.6,0.4,Ru0.60Sn0.40Ox,0,data\h2o_adsorbates\MAT_148_H2O_site0.cif,-639.6849688246982,uma-s-1p2,success
MAT_148,Sn,0.6,0.4,Ru0.60Sn0.40Ox,1,data\h2o_adsorbates\MAT_148_H2O_site1.cif,-640.3386798348139,uma-s-1p2,success
MAT_148,Sn,0.6,0.4,Ru0.60Sn0.40Ox,2,data\h2o_adsorbates\MAT_148_H2O_site2.cif,-639.7869028496564,uma-s-1p2,success
MAT_149,Sn,0.4,0.6,Ru0.40Sn0.60Ox,0,data\h2o_adsorbates\MAT_149_H2O_site0.cif,-602.1386032678176,uma-s-1p2,success
MAT_149,Sn,0.4,0.6,Ru0.40Sn0.60Ox,1,data\h2o_adsorbates\MAT_149_H2O_site1.cif,-602.1617042887731,uma-s-1p2,success
MAT_149,Sn,0.4,0.6,Ru0.40Sn0.60Ox,2,data\h2o_adsorbates\MAT_149_H2O_site2.cif,-602.2839835162184,uma-s-1p2,success
MAT_150,Sn,0.2,0.8,Ru0.20Sn0.80Ox,0,data\h2o_adsorbates\MAT_150_H2O_site0.cif,-586.5885664058048,uma-s-1p2,success
MAT_150,Sn,0.2,0.8,Ru0.20Sn0.80Ox,1,data\h2o_adsorbates\MAT_150_H2O_site1.cif,-586.601924428768,uma-s-1p2,success
MAT_150,Sn,0.2,0.8,Ru0.20Sn0.80Ox,2,data\h2o_adsorbates\MAT_150_H2O_site2.cif,-585.6492205343134,uma-s-1p2,success
MAT_152,Ba,0.8,0.1999999999999999,Ru0.80Ba0.20Ox,0,data\h2o_adsorbates\MAT_152_H2O_site0.cif,-573.8648611414906,uma-s-1p2,success
MAT_152,Ba,0.8,0.1999999999999999,Ru0.80Ba0.20Ox,1,data\h2o_adsorbates\MAT_152_H2O_site1.cif,-577.2066975494199,uma-s-1p2,success
MAT_152,Ba,0.8,0.1999999999999999,Ru0.80Ba0.20Ox,2,data\h2o_adsorbates\MAT_152_H2O_site2.cif,-576.5564282071749,uma-s-1p2,success
MAT_153,Ba,0.6,0.4,Ru0.60Ba0.40Ox,0,data\h2o_adsorbates\MAT_153_H2O_site0.cif,-503.53807591480734,uma-s-1p2,success
MAT_153,Ba,0.6,0.4,Ru0.60Ba0.40Ox,1,data\h2o_adsorbates\MAT_153_H2O_site1.cif,-507.0109411443986,uma-s-1p2,success
MAT_153,Ba,0.6,0.4,Ru0.60Ba0.40Ox,2,data\h2o_adsorbates\MAT_153_H2O_site2.cif,-506.16897126496167,uma-s-1p2,success
MAT_154,Ba,0.4,0.6,Ru0.40Ba0.60Ox,0,data\h2o_adsorbates\MAT_154_H2O_site0.cif,-374.6347159196888,uma-s-1p2,success
MAT_154,Ba,0.4,0.6,Ru0.40Ba0.60Ox,1,data\h2o_adsorbates\MAT_154_H2O_site1.cif,-374.57110844196023,uma-s-1p2,success
MAT_154,Ba,0.4,0.6,Ru0.40Ba0.60Ox,2,data\h2o_adsorbates\MAT_154_H2O_site2.cif,-377.350611961621,uma-s-1p2,success
MAT_155,Ba,0.2,0.8,Ru0.20Ba0.80Ox,0,data\h2o_adsorbates\MAT_155_H2O_site0.cif,-323.12452742732677,uma-s-1p2,success
MAT_155,Ba,0.2,0.8,Ru0.20Ba0.80Ox,1,data\h2o_adsorbates\MAT_155_H2O_site1.cif,-323.0160220804117,uma-s-1p2,success
MAT_155,Ba,0.2,0.8,Ru0.20Ba0.80Ox,2,data\h2o_adsorbates\MAT_155_H2O_site2.cif,-323.1136107093778,uma-s-1p2,success
MAT_157,La,0.8,0.1999999999999999,Ru0.80La0.20Ox,0,data\h2o_adsorbates\MAT_157_H2O_site0.cif,-528.2813366277686,uma-s-1p2,success
MAT_157,La,0.8,0.1999999999999999,Ru0.80La0.20Ox,1,data\h2o_adsorbates\MAT_157_H2O_site1.cif,-531.3012517600998,uma-s-1p2,success
MAT_157,La,0.8,0.1999999999999999,Ru0.80La0.20Ox,2,data\h2o_adsorbates\MAT_157_H2O_site2.cif,-530.66496520079,uma-s-1p2,success
MAT_158,La,0.6,0.4,Ru0.60La0.40Ox,0,data\h2o_adsorbates\MAT_158_H2O_site0.cif,-437.16631887415167,uma-s-1p2,success
MAT_158,La,0.6,0.4,Ru0.60La0.40Ox,1,data\h2o_adsorbates\MAT_158_H2O_site1.cif,-440.16449253343706,uma-s-1p2,success
MAT_158,La,0.6,0.4,Ru0.60La0.40Ox,2,data\h2o_adsorbates\MAT_158_H2O_site2.cif,-439.330348105292,uma-s-1p2,success
MAT_159,La,0.4,0.6,Ru0.40La0.60Ox,0,data\h2o_adsorbates\MAT_159_H2O_site0.cif,-259.9425092562276,uma-s-1p2,success
MAT_159,La,0.4,0.6,Ru0.40La0.60Ox,1,data\h2o_adsorbates\MAT_159_H2O_site1.cif,-260.01603524376407,uma-s-1p2,success
MAT_159,La,0.4,0.6,Ru0.40La0.60Ox,2,data\h2o_adsorbates\MAT_159_H2O_site2.cif,-262.2319858463168,uma-s-1p2,success
MAT_160,La,0.2,0.8,Ru0.20La0.80Ox,0,data\h2o_adsorbates\MAT_160_H2O_site0.cif,-177.90410581129441,uma-s-1p2,success
MAT_160,La,0.2,0.8,Ru0.20La0.80Ox,1,data\h2o_adsorbates\MAT_160_H2O_site1.cif,-177.973126154007,uma-s-1p2,success
MAT_160,La,0.2,0.8,Ru0.20La0.80Ox,2,data\h2o_adsorbates\MAT_160_H2O_site2.cif,-178.24901167072883,uma-s-1p2,success
MAT_162,Ce,0.8,0.1999999999999999,Ru0.80Ce0.20Ox,0,data\h2o_adsorbates\MAT_162_H2O_site0.cif,-692.6269955829205,uma-s-1p2,success
MAT_162,Ce,0.8,0.1999999999999999,Ru0.80Ce0.20Ox,1,data\h2o_adsorbates\MAT_162_H2O_site1.cif,-695.0971286365757,uma-s-1p2,success
MAT_162,Ce,0.8,0.1999999999999999,Ru0.80Ce0.20Ox,2,data\h2o_adsorbates\MAT_162_H2O_site2.cif,-694.5436093540682,uma-s-1p2,success
MAT_163,Ce,0.6,0.4,Ru0.60Ce0.40Ox,0,data\h2o_adsorbates\MAT_163_H2O_site0.cif,-683.9200327071258,uma-s-1p2,success
MAT_163,Ce,0.6,0.4,Ru0.60Ce0.40Ox,1,data\h2o_adsorbates\MAT_163_H2O_site1.cif,-686.4299959268892,uma-s-1p2,success
MAT_163,Ce,0.6,0.4,Ru0.60Ce0.40Ox,2,data\h2o_adsorbates\MAT_163_H2O_site2.cif,-685.7210032517413,uma-s-1p2,success
MAT_164,Ce,0.4,0.6,Ru0.40Ce0.60Ox,0,data\h2o_adsorbates\MAT_164_H2O_site0.cif,-668.8225734003831,uma-s-1p2,success
MAT_164,Ce,0.4,0.6,Ru0.40Ce0.60Ox,1,data\h2o_adsorbates\MAT_164_H2O_site1.cif,-668.8190982694329,uma-s-1p2,success
MAT_164,Ce,0.4,0.6,Ru0.40Ce0.60Ox,2,data\h2o_adsorbates\MAT_164_H2O_site2.cif,-670.8396086987834,uma-s-1p2,success
MAT_165,Ce,0.2,0.8,Ru0.20Ce0.80Ox,0,data\h2o_adsorbates\MAT_165_H2O_site0.cif,-661.9780185835752,uma-s-1p2,success
MAT_165,Ce,0.2,0.8,Ru0.20Ce0.80Ox,1,data\h2o_adsorbates\MAT_165_H2O_site1.cif,-661.9571437010566,uma-s-1p2,success
MAT_165,Ce,0.2,0.8,Ru0.20Ce0.80Ox,2,data\h2o_adsorbates\MAT_165_H2O_site2.cif,-662.4681949734038,uma-s-1p2,success
MAT_167,Pr,0.8,0.1999999999999999,Ru0.80Pr0.20Ox,0,data\h2o_adsorbates\MAT_167_H2O_site0.cif,-604.9424963789428,uma-s-1p2,success
MAT_167,Pr,0.8,0.1999999999999999,Ru0.80Pr0.20Ox,1,data\h2o_adsorbates\MAT_167_H2O_site1.cif,-607.5916187813826,uma-s-1p2,success
MAT_167,Pr,0.8,0.1999999999999999,Ru0.80Pr0.20Ox,2,data\h2o_adsorbates\MAT_167_H2O_site2.cif,-606.9439981442551,uma-s-1p2,success
MAT_168,Pr,0.6,0.4,Ru0.60Pr0.40Ox,0,data\h2o_adsorbates\MAT_168_H2O_site0.cif,-552.1543055016675,uma-s-1p2,success
MAT_168,Pr,0.6,0.4,Ru0.60Pr0.40Ox,1,data\h2o_adsorbates\MAT_168_H2O_site1.cif,-554.828963500966,uma-s-1p2,success
MAT_168,Pr,0.6,0.4,Ru0.60Pr0.40Ox,2,data\h2o_adsorbates\MAT_168_H2O_site2.cif,-553.9530388068126,uma-s-1p2,success
MAT_169,Pr,0.4,0.6,Ru0.40Pr0.60Ox,0,data\h2o_adsorbates\MAT_169_H2O_site0.cif,-451.8912777561368,uma-s-1p2,success
MAT_169,Pr,0.4,0.6,Ru0.40Pr0.60Ox,1,data\h2o_adsorbates\MAT_169_H2O_site1.cif,-452.01007300380064,uma-s-1p2,success
MAT_169,Pr,0.4,0.6,Ru0.40Pr0.60Ox,2,data\h2o_adsorbates\MAT_169_H2O_site2.cif,-453.80831402397445,uma-s-1p2,success
MAT_170,Pr,0.2,0.8,Ru0.20Pr0.80Ox,0,data\h2o_adsorbates\MAT_170_H2O_site0.cif,-407.8782384694606,uma-s-1p2,success
MAT_170,Pr,0.2,0.8,Ru0.20Pr0.80Ox,1,data\h2o_adsorbates\MAT_170_H2O_site1.cif,-407.96996957218045,uma-s-1p2,success
MAT_170,Pr,0.2,0.8,Ru0.20Pr0.80Ox,2,data\h2o_adsorbates\MAT_170_H2O_site2.cif,-408.28236728579975,uma-s-1p2,success
MAT_172,Nd,0.8,0.1999999999999999,Ru0.80Nd0.20Ox,0,data\h2o_adsorbates\MAT_172_H2O_site0.cif,-607.9255660587205,uma-s-1p2,success
MAT_172,Nd,0.8,0.1999999999999999,Ru0.80Nd0.20Ox,1,data\h2o_adsorbates\MAT_172_H2O_site1.cif,-610.400327363504,uma-s-1p2,success
MAT_172,Nd,0.8,0.1999999999999999,Ru0.80Nd0.20Ox,2,data\h2o_adsorbates\MAT_172_H2O_site2.cif,-609.7534610267367,uma-s-1p2,success
MAT_173,Nd,0.6,0.4,Ru0.60Nd0.40Ox,0,data\h2o_adsorbates\MAT_173_H2O_site0.cif,-556.6903914374063,uma-s-1p2,success
MAT_173,Nd,0.6,0.4,Ru0.60Nd0.40Ox,1,data\h2o_adsorbates\MAT_173_H2O_site1.cif,-559.1825457296517,uma-s-1p2,success
MAT_173,Nd,0.6,0.4,Ru0.60Nd0.40Ox,2,data\h2o_adsorbates\MAT_173_H2O_site2.cif,-558.3240327454871,uma-s-1p2,success
MAT_174,Nd,0.4,0.6,Ru0.40Nd0.60Ox,0,data\h2o_adsorbates\MAT_174_H2O_site0.cif,-459.59433100957443,uma-s-1p2,success
MAT_174,Nd,0.4,0.6,Ru0.40Nd0.60Ox,1,data\h2o_adsorbates\MAT_174_H2O_site1.cif,-459.73052803853864,uma-s-1p2,success
MAT_174,Nd,0.4,0.6,Ru0.40Nd0.60Ox,2,data\h2o_adsorbates\MAT_174_H2O_site2.cif,-461.32793112853045,uma-s-1p2,success
MAT_175,Nd,0.2,0.8,Ru0.20Nd0.80Ox,0,data\h2o_adsorbates\MAT_175_H2O_site0.cif,-417.12340785871777,uma-s-1p2,success
MAT_175,Nd,0.2,0.8,Ru0.20Nd0.80Ox,1,data\h2o_adsorbates\MAT_175_H2O_site1.cif,-417.2303205760123,uma-s-1p2,success
MAT_175,Nd,0.2,0.8,Ru0.20Nd0.80Ox,2,data\h2o_adsorbates\MAT_175_H2O_site2.cif,-417.54930146002334,uma-s-1p2,success
MAT_177,Sm,0.8,0.1999999999999999,Ru0.80Sm0.20Ox,0,data\h2o_adsorbates\MAT_177_H2O_site0.cif,-607.5038317944849,uma-s-1p2,success
MAT_177,Sm,0.8,0.1999999999999999,Ru0.80Sm0.20Ox,1,data\h2o_adsorbates\MAT_177_H2O_site1.cif,-609.5844607124442,uma-s-1p2,success
MAT_177,Sm,0.8,0.1999999999999999,Ru0.80Sm0.20Ox,2,data\h2o_adsorbates\MAT_177_H2O_site2.cif,-608.954437283302,uma-s-1p2,success
MAT_178,Sm,0.6,0.4,Ru0.60Sm0.40Ox,0,data\h2o_adsorbates\MAT_178_H2O_site0.cif,-556.4192710559813,uma-s-1p2,success
MAT_178,Sm,0.6,0.4,Ru0.60Sm0.40Ox,1,data\h2o_adsorbates\MAT_178_H2O_site1.cif,-558.5201537735018,uma-s-1p2,success
MAT_178,Sm,0.6,0.4,Ru0.60Sm0.40Ox,2,data\h2o_adsorbates\MAT_178_H2O_site2.cif,-557.689509413013,uma-s-1p2,success
MAT_179,Sm,0.4,0.6,Ru0.40Sm0.60Ox,0,data\h2o_adsorbates\MAT_179_H2O_site0.cif,-458.5809340811566,uma-s-1p2,success
MAT_179,Sm,0.4,0.6,Ru0.40Sm0.60Ox,1,data\h2o_adsorbates\MAT_179_H2O_site1.cif,-458.72290923685534,uma-s-1p2,success
MAT_179,Sm,0.4,0.6,Ru0.40Sm0.60Ox,2,data\h2o_adsorbates\MAT_179_H2O_site2.cif,-459.9483040875194,uma-s-1p2,success
MAT_180,Sm,0.2,0.8,Ru0.20Sm0.80Ox,0,data\h2o_adsorbates\MAT_180_H2O_site0.cif,-414.6399661100842,uma-s-1p2,success
MAT_180,Sm,0.2,0.8,Ru0.20Sm0.80Ox,1,data\h2o_adsorbates\MAT_180_H2O_site1.cif,-414.76595114800796,uma-s-1p2,success
MAT_180,Sm,0.2,0.8,Ru0.20Sm0.80Ox,2,data\h2o_adsorbates\MAT_180_H2O_site2.cif,-414.9905584183634,uma-s-1p2,success
MAT_182,Gd,0.8,0.1999999999999999,Ru0.80Gd0.20Ox,0,data\h2o_adsorbates\MAT_182_H2O_site0.cif,-659.2665471066258,uma-s-1p2,success
MAT_182,Gd,0.8,0.1999999999999999,Ru0.80Gd0.20Ox,1,data\h2o_adsorbates\MAT_182_H2O_site1.cif,-661.1089332029268,uma-s-1p2,success
MAT_182,Gd,0.8,0.1999999999999999,Ru0.80Gd0.20Ox,2,data\h2o_adsorbates\MAT_182_H2O_site2.cif,-660.4419796120985,uma-s-1p2,success
MAT_183,Gd,0.6,0.4,Ru0.60Gd0.40Ox,0,data\h2o_adsorbates\MAT_183_H2O_site0.cif,-633.4476279438617,uma-s-1p2,success
MAT_183,Gd,0.6,0.4,Ru0.60Gd0.40Ox,1,data\h2o_adsorbates\MAT_183_H2O_site1.cif,-635.3200132099028,uma-s-1p2,success
MAT_183,Gd,0.6,0.4,Ru0.60Gd0.40Ox,2,data\h2o_adsorbates\MAT_183_H2O_site2.cif,-634.5101861245424,uma-s-1p2,success
MAT_184,Gd,0.4,0.6,Ru0.40Gd0.60Ox,0,data\h2o_adsorbates\MAT_184_H2O_site0.cif,-586.1459439611837,uma-s-1p2,success
MAT_184,Gd,0.4,0.6,Ru0.40Gd0.60Ox,1,data\h2o_adsorbates\MAT_184_H2O_site1.cif,-586.2798538572682,uma-s-1p2,success
MAT_184,Gd,0.4,0.6,Ru0.40Gd0.60Ox,2,data\h2o_adsorbates\MAT_184_H2O_site2.cif,-587.4100661461351,uma-s-1p2,success
MAT_185,Gd,0.2,0.8,Ru0.20Gd0.80Ox,0,data\h2o_adsorbates\MAT_185_H2O_site0.cif,-570.340125033881,uma-s-1p2,success
MAT_185,Gd,0.2,0.8,Ru0.20Gd0.80Ox,1,data\h2o_adsorbates\MAT_185_H2O_site1.cif,-570.4479939248693,uma-s-1p2,success
MAT_185,Gd,0.2,0.8,Ru0.20Gd0.80Ox,2,data\h2o_adsorbates\MAT_185_H2O_site2.cif,-570.5503674317737,uma-s-1p2,success
MAT_187,Tb,0.8,0.1999999999999999,Ru0.80Tb0.20Ox,0,data\h2o_adsorbates\MAT_187_H2O_site0.cif,-631.5811033271269,uma-s-1p2,success
MAT_187,Tb,0.8,0.1999999999999999,Ru0.80Tb0.20Ox,1,data\h2o_adsorbates\MAT_187_H2O_site1.cif,-633.3219142710642,uma-s-1p2,success
MAT_187,Tb,0.8,0.1999999999999999,Ru0.80Tb0.20Ox,2,data\h2o_adsorbates\MAT_187_H2O_site2.cif,-632.6733643116962,uma-s-1p2,success
MAT_188,Tb,0.6,0.4,Ru0.60Tb0.40Ox,0,data\h2o_adsorbates\MAT_188_H2O_site0.cif,-592.5019549348635,uma-s-1p2,success
MAT_188,Tb,0.6,0.4,Ru0.60Tb0.40Ox,1,data\h2o_adsorbates\MAT_188_H2O_site1.cif,-594.2595793953085,uma-s-1p2,success
MAT_188,Tb,0.6,0.4,Ru0.60Tb0.40Ox,2,data\h2o_adsorbates\MAT_188_H2O_site2.cif,-593.4291513012519,uma-s-1p2,success
MAT_189,Tb,0.4,0.6,Ru0.40Tb0.60Ox,0,data\h2o_adsorbates\MAT_189_H2O_site0.cif,-517.9198092388151,uma-s-1p2,success
MAT_189,Tb,0.4,0.6,Ru0.40Tb0.60Ox,1,data\h2o_adsorbates\MAT_189_H2O_site1.cif,-518.1742712904836,uma-s-1p2,success
MAT_189,Tb,0.4,0.6,Ru0.40Tb0.60Ox,2,data\h2o_adsorbates\MAT_189_H2O_site2.cif,-518.9757844015838,uma-s-1p2,success
MAT_190,Tb,0.2,0.8,Ru0.20Tb0.80Ox,0,data\h2o_adsorbates\MAT_190_H2O_site0.cif,-485.17490018605463,uma-s-1p2,success
MAT_190,Tb,0.2,0.8,Ru0.20Tb0.80Ox,1,data\h2o_adsorbates\MAT_190_H2O_site1.cif,-485.37830346736484,uma-s-1p2,success
MAT_190,Tb,0.2,0.8,Ru0.20Tb0.80Ox,2,data\h2o_adsorbates\MAT_190_H2O_site2.cif,-485.5101895507862,uma-s-1p2,success
MAT_192,Dy,0.8,0.1999999999999999,Ru0.80Dy0.20Ox,0,data\h2o_adsorbates\MAT_192_H2O_site0.cif,-627.2880956155374,uma-s-1p2,success
MAT_192,Dy,0.8,0.1999999999999999,Ru0.80Dy0.20Ox,1,data\h2o_adsorbates\MAT_192_H2O_site1.cif,-628.8968857438508,uma-s-1p2,success
MAT_192,Dy,0.8,0.1999999999999999,Ru0.80Dy0.20Ox,2,data\h2o_adsorbates\MAT_192_H2O_site2.cif,-628.250998550243,uma-s-1p2,success
MAT_193,Dy,0.6,0.4,Ru0.60Dy0.40Ox,0,data\h2o_adsorbates\MAT_193_H2O_site0.cif,-586.1578010223974,uma-s-1p2,success
MAT_193,Dy,0.6,0.4,Ru0.60Dy0.40Ox,1,data\h2o_adsorbates\MAT_193_H2O_site1.cif,-587.7985784028339,uma-s-1p2,success
MAT_193,Dy,0.6,0.4,Ru0.60Dy0.40Ox,2,data\h2o_adsorbates\MAT_193_H2O_site2.cif,-586.9630932217965,uma-s-1p2,success
MAT_194,Dy,0.4,0.6,Ru0.40Dy0.60Ox,0,data\h2o_adsorbates\MAT_194_H2O_site0.cif,-507.08774276084387,uma-s-1p2,success
MAT_194,Dy,0.4,0.6,Ru0.40Dy0.60Ox,1,data\h2o_adsorbates\MAT_194_H2O_site1.cif,-507.2991971986313,uma-s-1p2,success
MAT_194,Dy,0.4,0.6,Ru0.40Dy0.60Ox,2,data\h2o_adsorbates\MAT_194_H2O_site2.cif,-507.9973299033341,uma-s-1p2,success
MAT_195,Dy,0.2,0.8,Ru0.20Dy0.80Ox,0,data\h2o_adsorbates\MAT_195_H2O_site0.cif,-471.4187112010841,uma-s-1p2,success
MAT_195,Dy,0.2,0.8,Ru0.20Dy0.80Ox,1,data\h2o_adsorbates\MAT_195_H2O_site1.cif,-471.5974839209845,uma-s-1p2,success
MAT_195,Dy,0.2,0.8,Ru0.20Dy0.80Ox,2,data\h2o_adsorbates\MAT_195_H2O_site2.cif,-471.71026633541754,uma-s-1p2,success
MAT_197,Ho,0.8,0.1999999999999999,Ru0.80Ho0.20Ox,0,data\h2o_adsorbates\MAT_197_H2O_site0.cif,-630.0044565434725,uma-s-1p2,success
MAT_197,Ho,0.8,0.1999999999999999,Ru0.80Ho0.20Ox,1,data\h2o_adsorbates\MAT_197_H2O_site1.cif,-631.5111504707506,uma-s-1p2,success
MAT_197,Ho,0.8,0.1999999999999999,Ru0.80Ho0.20Ox,2,data\h2o_adsorbates\MAT_197_H2O_site2.cif,-630.8675435234322,uma-s-1p2,success
MAT_198,Ho,0.6,0.4,Ru0.60Ho0.40Ox,0,data\h2o_adsorbates\MAT_198_H2O_site0.cif,-590.240326547131,uma-s-1p2,success
MAT_198,Ho,0.6,0.4,Ru0.60Ho0.40Ox,1,data\h2o_adsorbates\MAT_198_H2O_site1.cif,-591.7777174644701,uma-s-1p2,success
MAT_198,Ho,0.6,0.4,Ru0.60Ho0.40Ox,2,data\h2o_adsorbates\MAT_198_H2O_site2.cif,-590.9450543656479,uma-s-1p2,success
MAT_199,Ho,0.4,0.6,Ru0.40Ho0.60Ox,0,data\h2o_adsorbates\MAT_199_H2O_site0.cif,-513.5979016231729,uma-s-1p2,success
MAT_199,Ho,0.4,0.6,Ru0.40Ho0.60Ox,1,data\h2o_adsorbates\MAT_199_H2O_site1.cif,-513.8374087603207,uma-s-1p2,success
MAT_199,Ho,0.4,0.6,Ru0.40Ho0.60Ox,2,data\h2o_adsorbates\MAT_199_H2O_site2.cif,-514.4266733860237,uma-s-1p2,success
MAT_200,Ho,0.2,0.8,Ru0.20Ho0.80Ox,0,data\h2o_adsorbates\MAT_200_H2O_site0.cif,-478.9325816261825,uma-s-1p2,success
MAT_200,Ho,0.2,0.8,Ru0.20Ho0.80Ox,1,data\h2o_adsorbates\MAT_200_H2O_site1.cif,-479.1313316571669,uma-s-1p2,success
MAT_200,Ho,0.2,0.8,Ru0.20Ho0.80Ox,2,data\h2o_adsorbates\MAT_200_H2O_site2.cif,-479.24863480693045,uma-s-1p2,success
MAT_202,Er,0.8,0.1999999999999999,Ru0.80Er0.20Ox,0,data\h2o_adsorbates\MAT_202_H2O_site0.cif,-633.7049704705998,uma-s-1p2,success
MAT_202,Er,0.8,0.1999999999999999,Ru0.80Er0.20Ox,1,data\h2o_adsorbates\MAT_202_H2O_site1.cif,-635.0703626232284,uma-s-1p2,success
MAT_202,Er,0.8,0.1999999999999999,Ru0.80Er0.20Ox,2,data\h2o_adsorbates\MAT_202_H2O_site2.cif,-634.4163249212675,uma-s-1p2,success
MAT_203,Er,0.6,0.4,Ru0.60Er0.40Ox,0,data\h2o_adsorbates\MAT_203_H2O_site0.cif,-595.8248303868457,uma-s-1p2,success
MAT_203,Er,0.6,0.4,Ru0.60Er0.40Ox,1,data\h2o_adsorbates\MAT_203_H2O_site1.cif,-597.2217383463733,uma-s-1p2,success
MAT_203,Er,0.6,0.4,Ru0.60Er0.40Ox,2,data\h2o_adsorbates\MAT_203_H2O_site2.cif,-596.3871602105191,uma-s-1p2,success
MAT_204,Er,0.4,0.6,Ru0.40Er0.60Ox,0,data\h2o_adsorbates\MAT_204_H2O_site0.cif,-522.1747372827947,uma-s-1p2,success
MAT_204,Er,0.4,0.6,Ru0.40Er0.60Ox,1,data\h2o_adsorbates\MAT_204_H2O_site1.cif,-522.4150537780297,uma-s-1p2,success
MAT_204,Er,0.4,0.6,Ru0.40Er0.60Ox,2,data\h2o_adsorbates\MAT_204_H2O_site2.cif,-522.8561824418498,uma-s-1p2,success
MAT_205,Er,0.2,0.8,Ru0.20Er0.80Ox,0,data\h2o_adsorbates\MAT_205_H2O_site0.cif,-488.62535842429804,uma-s-1p2,success
MAT_205,Er,0.2,0.8,Ru0.20Er0.80Ox,1,data\h2o_adsorbates\MAT_205_H2O_site1.cif,-488.838309629369,uma-s-1p2,success
MAT_205,Er,0.2,0.8,Ru0.20Er0.80Ox,2,data\h2o_adsorbates\MAT_205_H2O_site2.cif,-488.9254940726828,uma-s-1p2,success
MAT_207,Yb,0.8,0.1999999999999999,Ru0.80Yb0.20Ox,0,data\h2o_adsorbates\MAT_207_H2O_site0.cif,-624.4641433977544,uma-s-1p2,success
MAT_207,Yb,0.8,0.1999999999999999,Ru0.80Yb0.20Ox,1,data\h2o_adsorbates\MAT_207_H2O_site1.cif,-625.5557810221669,uma-s-1p2,success
MAT_207,Yb,0.8,0.1999999999999999,Ru0.80Yb0.20Ox,2,data\h2o_adsorbates\MAT_207_H2O_site2.cif,-624.9151288595342,uma-s-1p2,success
MAT_208,Yb,0.6,0.4,Ru0.60Yb0.40Ox,0,data\h2o_adsorbates\MAT_208_H2O_site0.cif,-581.9976062641476,uma-s-1p2,success
MAT_208,Yb,0.6,0.4,Ru0.60Yb0.40Ox,1,data\h2o_adsorbates\MAT_208_H2O_site1.cif,-583.103091559343,uma-s-1p2,success
MAT_208,Yb,0.6,0.4,Ru0.60Yb0.40Ox,2,data\h2o_adsorbates\MAT_208_H2O_site2.cif,-582.3019811875427,uma-s-1p2,success
MAT_209,Yb,0.4,0.6,Ru0.40Yb0.60Ox,0,data\h2o_adsorbates\MAT_209_H2O_site0.cif,-498.07086479474367,uma-s-1p2,success
MAT_209,Yb,0.4,0.6,Ru0.40Yb0.60Ox,1,data\h2o_adsorbates\MAT_209_H2O_site1.cif,-498.2827759322031,uma-s-1p2,success
MAT_209,Yb,0.4,0.6,Ru0.40Yb0.60Ox,2,data\h2o_adsorbates\MAT_209_H2O_site2.cif,-498.4830172836905,uma-s-1p2,success
MAT_210,Yb,0.2,0.8,Ru0.20Yb0.80Ox,0,data\h2o_adsorbates\MAT_210_H2O_site0.cif,-458.6600074541119,uma-s-1p2,success
MAT_210,Yb,0.2,0.8,Ru0.20Yb0.80Ox,1,data\h2o_adsorbates\MAT_210_H2O_site1.cif,-458.8478915954331,uma-s-1p2,success
MAT_210,Yb,0.2,0.8,Ru0.20Yb0.80Ox,2,data\h2o_adsorbates\MAT_210_H2O_site2.cif,-458.8472820059572,uma-s-1p2,success
MAT_212,Hf,0.8,0.1999999999999999,Ru0.80Hf0.20Ox,0,data\h2o_adsorbates\MAT_212_H2O_site0.cif,-754.7985707978845,uma-s-1p2,success
MAT_212,Hf,0.8,0.1999999999999999,Ru0.80Hf0.20Ox,1,data\h2o_adsorbates\MAT_212_H2O_site1.cif,-755.3254559086505,uma-s-1p2,success
MAT_212,Hf,0.8,0.1999999999999999,Ru0.80Hf0.20Ox,2,data\h2o_adsorbates\MAT_212_H2O_site2.cif,-754.7173071199633,uma-s-1p2,success
MAT_213,Hf,0.6,0.4,Ru0.60Hf0.40Ox,0,data\h2o_adsorbates\MAT_213_H2O_site0.cif,-778.9055295355777,uma-s-1p2,success
MAT_213,Hf,0.6,0.4,Ru0.60Hf0.40Ox,1,data\h2o_adsorbates\MAT_213_H2O_site1.cif,-779.4377463745454,uma-s-1p2,success
MAT_213,Hf,0.6,0.4,Ru0.60Hf0.40Ox,2,data\h2o_adsorbates\MAT_213_H2O_site2.cif,-778.7231480498796,uma-s-1p2,success
MAT_214,Hf,0.4,0.6,Ru0.40Hf0.60Ox,0,data\h2o_adsorbates\MAT_214_H2O_site0.cif,-832.9854666927494,uma-s-1p2,success
MAT_214,Hf,0.4,0.6,Ru0.40Hf0.60Ox,1,data\h2o_adsorbates\MAT_214_H2O_site1.cif,-832.9131462659635,uma-s-1p2,success
MAT_214,Hf,0.4,0.6,Ru0.40Hf0.60Ox,2,data\h2o_adsorbates\MAT_214_H2O_site2.cif,-832.7261932216485,uma-s-1p2,success
MAT_215,Hf,0.2,0.8,Ru0.20Hf0.80Ox,0,data\h2o_adsorbates\MAT_215_H2O_site0.cif,-858.6459200005592,uma-s-1p2,success
MAT_215,Hf,0.2,0.8,Ru0.20Hf0.80Ox,1,data\h2o_adsorbates\MAT_215_H2O_site1.cif,-858.5095150090659,uma-s-1p2,success
MAT_215,Hf,0.2,0.8,Ru0.20Hf0.80Ox,2,data\h2o_adsorbates\MAT_215_H2O_site2.cif,-858.8282418616334,uma-s-1p2,success
MAT_217,Ta,0.8,0.1999999999999999,Ru0.80Ta0.20Ox,0,data\h2o_adsorbates\MAT_217_H2O_site0.cif,-761.3937943368182,uma-s-1p2,success
MAT_217,Ta,0.8,0.1999999999999999,Ru0.80Ta0.20Ox,1,data\h2o_adsorbates\MAT_217_H2O_site1.cif,-761.4796891429876,uma-s-1p2,success
MAT_217,Ta,0.8,0.1999999999999999,Ru0.80Ta0.20Ox,2,data\h2o_adsorbates\MAT_217_H2O_site2.cif,-760.9455963843207,uma-s-1p2,success
MAT_218,Ta,0.6,0.4,Ru0.60Ta0.40Ox,0,data\h2o_adsorbates\MAT_218_H2O_site0.cif,-790.249039332431,uma-s-1p2,success
MAT_218,Ta,0.6,0.4,Ru0.60Ta0.40Ox,1,data\h2o_adsorbates\MAT_218_H2O_site1.cif,-790.338047399852,uma-s-1p2,success
MAT_218,Ta,0.6,0.4,Ru0.60Ta0.40Ox,2,data\h2o_adsorbates\MAT_218_H2O_site2.cif,-789.8108275633018,uma-s-1p2,success
MAT_219,Ta,0.4,0.6,Ru0.40Ta0.60Ox,0,data\h2o_adsorbates\MAT_219_H2O_site0.cif,-845.2827898418127,uma-s-1p2,success
MAT_219,Ta,0.4,0.6,Ru0.40Ta0.60Ox,1,data\h2o_adsorbates\MAT_219_H2O_site1.cif,-845.0812177686078,uma-s-1p2,success
MAT_219,Ta,0.4,0.6,Ru0.40Ta0.60Ox,2,data\h2o_adsorbates\MAT_219_H2O_site2.cif,-844.6929865972588,uma-s-1p2,success
MAT_220,Ta,0.2,0.8,Ru0.20Ta0.80Ox,0,data\h2o_adsorbates\MAT_220_H2O_site0.cif,-864.7843802070645,uma-s-1p2,success
MAT_220,Ta,0.2,0.8,Ru0.20Ta0.80Ox,1,data\h2o_adsorbates\MAT_220_H2O_site1.cif,-864.6194883185666,uma-s-1p2,success
MAT_220,Ta,0.2,0.8,Ru0.20Ta0.80Ox,2,data\h2o_adsorbates\MAT_220_H2O_site2.cif,-864.8989360997288,uma-s-1p2,success
MAT_222,W,0.8,0.1999999999999999,Ru0.80W0.20Ox,0,data\h2o_adsorbates\MAT_222_H2O_site0.cif,-704.4779871225192,uma-s-1p2,success
MAT_222,W,0.8,0.1999999999999999,Ru0.80W0.20Ox,1,data\h2o_adsorbates\MAT_222_H2O_site1.cif,-703.9712365620667,uma-s-1p2,success
MAT_222,W,0.8,0.1999999999999999,Ru0.80W0.20Ox,2,data\h2o_adsorbates\MAT_222_H2O_site2.cif,-704.0280204311642,uma-s-1p2,success
MAT_223,W,0.6,0.4,Ru0.60W0.40Ox,0,data\h2o_adsorbates\MAT_223_H2O_site0.cif,-705.6235048638866,uma-s-1p2,success
MAT_223,W,0.6,0.4,Ru0.60W0.40Ox,1,data\h2o_adsorbates\MAT_223_H2O_site1.cif,-705.1697154000033,uma-s-1p2,success
MAT_223,W,0.6,0.4,Ru0.60W0.40Ox,2,data\h2o_adsorbates\MAT_223_H2O_site2.cif,-705.5722318943232,uma-s-1p2,success
MAT_224,W,0.4,0.6,Ru0.40W0.60Ox,0,data\h2o_adsorbates\MAT_224_H2O_site0.cif,-703.9960998655852,uma-s-1p2,success
MAT_224,W,0.4,0.6,Ru0.40W0.60Ox,1,data\h2o_adsorbates\MAT_224_H2O_site1.cif,-704.425440694027,uma-s-1p2,success
MAT_224,W,0.4,0.6,Ru0.40W0.60Ox,2,data\h2o_adsorbates\MAT_224_H2O_site2.cif,-704.3734348662708,uma-s-1p2,success
MAT_225,W,0.2,0.8,Ru0.20W0.80Ox,0,data\h2o_adsorbates\MAT_225_H2O_site0.cif,-700.5091168026826,uma-s-1p2,success
MAT_225,W,0.2,0.8,Ru0.20W0.80Ox,1,data\h2o_adsorbates\MAT_225_H2O_site1.cif,-700.9508310941437,uma-s-1p2,success
MAT_225,W,0.2,0.8,Ru0.20W0.80Ox,2,data\h2o_adsorbates\MAT_225_H2O_site2.cif,-700.9119389841225,uma-s-1p2,success
MAT_227,Re,0.8,0.1999999999999999,Ru0.80Re0.20Ox,0,data\h2o_adsorbates\MAT_227_H2O_site0.cif,-735.9063453515039,uma-s-1p2,success
MAT_227,Re,0.8,0.1999999999999999,Ru0.80Re0.20Ox,1,data\h2o_adsorbates\MAT_227_H2O_site1.cif,-735.7829086519556,uma-s-1p2,success
MAT_227,Re,0.8,0.1999999999999999,Ru0.80Re0.20Ox,2,data\h2o_adsorbates\MAT_227_H2O_site2.cif,-735.2636505686924,uma-s-1p2,success
MAT_228,Re,0.6,0.4,Ru0.60Re0.40Ox,0,data\h2o_adsorbates\MAT_228_H2O_site0.cif,-752.7566082410495,uma-s-1p2,success
MAT_228,Re,0.6,0.4,Ru0.60Re0.40Ox,1,data\h2o_adsorbates\MAT_228_H2O_site1.cif,-752.6201111767188,uma-s-1p2,success
MAT_228,Re,0.6,0.4,Ru0.60Re0.40Ox,2,data\h2o_adsorbates\MAT_228_H2O_site2.cif,-752.1281238611057,uma-s-1p2,success
MAT_229,Re,0.4,0.6,Ru0.40Re0.60Ox,0,data\h2o_adsorbates\MAT_229_H2O_site0.cif,-781.2996994348429,uma-s-1p2,success
MAT_229,Re,0.4,0.6,Ru0.40Re0.60Ox,1,data\h2o_adsorbates\MAT_229_H2O_site1.cif,-781.2673050539998,uma-s-1p2,success
MAT_229,Re,0.4,0.6,Ru0.40Re0.60Ox,2,data\h2o_adsorbates\MAT_229_H2O_site2.cif,-780.6357746339246,uma-s-1p2,success
MAT_230,Re,0.2,0.8,Ru0.20Re0.80Ox,0,data\h2o_adsorbates\MAT_230_H2O_site0.cif,-793.1065936214832,uma-s-1p2,success
MAT_230,Re,0.2,0.8,Ru0.20Re0.80Ox,1,data\h2o_adsorbates\MAT_230_H2O_site1.cif,-793.0835822336875,uma-s-1p2,success
MAT_230,Re,0.2,0.8,Ru0.20Re0.80Ox,2,data\h2o_adsorbates\MAT_230_H2O_site2.cif,-792.6840809085769,uma-s-1p2,success
MAT_232,Os,0.8,0.1999999999999999,Ru0.80Os0.20Ox,0,data\h2o_adsorbates\MAT_232_H2O_site0.cif,-717.347087492308,uma-s-1p2,success
MAT_232,Os,0.8,0.1999999999999999,Ru0.80Os0.20Ox,1,data\h2o_adsorbates\MAT_232_H2O_site1.cif,-717.2593195010784,uma-s-1p2,success
MAT_232,Os,0.8,0.1999999999999999,Ru0.80Os0.20Ox,2,data\h2o_adsorbates\MAT_232_H2O_site2.cif,-716.7263778403563,uma-s-1p2,success
MAT_233,Os,0.6,0.4,Ru0.60Os0.40Ox,0,data\h2o_adsorbates\MAT_233_H2O_site0.cif,-724.2603202645967,uma-s-1p2,success
MAT_233,Os,0.6,0.4,Ru0.60Os0.40Ox,1,data\h2o_adsorbates\MAT_233_H2O_site1.cif,-724.1727723592945,uma-s-1p2,success
MAT_233,Os,0.6,0.4,Ru0.60Os0.40Ox,2,data\h2o_adsorbates\MAT_233_H2O_site2.cif,-723.6483038493061,uma-s-1p2,success
MAT_234,Os,0.4,0.6,Ru0.40Os0.60Ox,0,data\h2o_adsorbates\MAT_234_H2O_site0.cif,-735.129326981636,uma-s-1p2,success
MAT_234,Os,0.4,0.6,Ru0.40Os0.60Ox,1,data\h2o_adsorbates\MAT_234_H2O_site1.cif,-735.1062384315331,uma-s-1p2,success
MAT_234,Os,0.4,0.6,Ru0.40Os0.60Ox,2,data\h2o_adsorbates\MAT_234_H2O_site2.cif,-734.4894455871882,uma-s-1p2,success
MAT_235,Os,0.2,0.8,Ru0.20Os0.80Ox,0,data\h2o_adsorbates\MAT_235_H2O_site0.cif,-739.4801221732963,uma-s-1p2,success
MAT_235,Os,0.2,0.8,Ru0.20Os0.80Ox,1,data\h2o_adsorbates\MAT_235_H2O_site1.cif,-739.4587044449852,uma-s-1p2,success
MAT_235,Os,0.2,0.8,Ru0.20Os0.80Ox,2,data\h2o_adsorbates\MAT_235_H2O_site2.cif,-738.8508096952406,uma-s-1p2,success
MAT_237,Ir,0.8,0.1999999999999999,Ru0.80Ir0.20Ox,0,data\h2o_adsorbates\MAT_237_H2O_site0.cif,-695.3976246706127,uma-s-1p2,success
MAT_237,Ir,0.8,0.1999999999999999,Ru0.80Ir0.20Ox,1,data\h2o_adsorbates\MAT_237_H2O_site1.cif,-695.4058106742771,uma-s-1p2,success
MAT_237,Ir,0.8,0.1999999999999999,Ru0.80Ir0.20Ox,2,data\h2o_adsorbates\MAT_237_H2O_site2.cif,-694.8722181445321,uma-s-1p2,success
MAT_238,Ir,0.6,0.4,Ru0.60Ir0.40Ox,0,data\h2o_adsorbates\MAT_238_H2O_site0.cif,-690.5364627890937,uma-s-1p2,success
MAT_238,Ir,0.6,0.4,Ru0.60Ir0.40Ox,1,data\h2o_adsorbates\MAT_238_H2O_site1.cif,-690.5449480982212,uma-s-1p2,success
MAT_238,Ir,0.6,0.4,Ru0.60Ir0.40Ox,2,data\h2o_adsorbates\MAT_238_H2O_site2.cif,-689.9719185779313,uma-s-1p2,success
MAT_239,Ir,0.4,0.6,Ru0.40Ir0.60Ox,0,data\h2o_adsorbates\MAT_239_H2O_site0.cif,-680.2804688215713,uma-s-1p2,success
MAT_239,Ir,0.4,0.6,Ru0.40Ir0.60Ox,1,data\h2o_adsorbates\MAT_239_H2O_site1.cif,-680.2116781535196,uma-s-1p2,success
MAT_239,Ir,0.4,0.6,Ru0.40Ir0.60Ox,2,data\h2o_adsorbates\MAT_239_H2O_site2.cif,-679.667564858522,uma-s-1p2,success
MAT_240,Ir,0.2,0.8,Ru0.20Ir0.80Ox,0,data\h2o_adsorbates\MAT_240_H2O_site0.cif,-674.9880977009194,uma-s-1p2,success
MAT_240,Ir,0.2,0.8,Ru0.20Ir0.80Ox,1,data\h2o_adsorbates\MAT_240_H2O_site1.cif,-674.9177176378199,uma-s-1p2,success
MAT_240,Ir,0.2,0.8,Ru0.20Ir0.80Ox,2,data\h2o_adsorbates\MAT_240_H2O_site2.cif,-674.093880868078,uma-s-1p2,success
MAT_242,Pt,0.8,0.1999999999999999,Ru0.80Pt0.20Ox,0,data\h2o_adsorbates\MAT_242_H2O_site0.cif,-665.6855701449289,uma-s-1p2,success
MAT_242,Pt,0.8,0.1999999999999999,Ru0.80Pt0.20Ox,1,data\h2o_adsorbates\MAT_242_H2O_site1.cif,-665.1365102683532,uma-s-1p2,success
MAT_242,Pt,0.8,0.1999999999999999,Ru0.80Pt0.20Ox,2,data\h2o_adsorbates\MAT_242_H2O_site2.cif,-665.0804803546614,uma-s-1p2,success
MAT_243,Pt,0.6,0.4,Ru0.60Pt0.40Ox,0,data\h2o_adsorbates\MAT_243_H2O_site0.cif,-644.8407155702723,uma-s-1p2,success
MAT_243,Pt,0.6,0.4,Ru0.60Pt0.40Ox,1,data\h2o_adsorbates\MAT_243_H2O_site1.cif,-644.2243618404221,uma-s-1p2,success
MAT_243,Pt,0.6,0.4,Ru0.60Pt0.40Ox,2,data\h2o_adsorbates\MAT_243_H2O_site2.cif,-644.4522500173841,uma-s-1p2,success
MAT_244,Pt,0.4,0.6,Ru0.40Pt0.60Ox,0,data\h2o_adsorbates\MAT_244_H2O_site0.cif,-604.8147968414729,uma-s-1p2,success
MAT_244,Pt,0.4,0.6,Ru0.40Pt0.60Ox,1,data\h2o_adsorbates\MAT_244_H2O_site1.cif,-604.9801362058612,uma-s-1p2,success
MAT_244,Pt,0.4,0.6,Ru0.40Pt0.60Ox,2,data\h2o_adsorbates\MAT_244_H2O_site2.cif,-605.0210932306161,uma-s-1p2,success
MAT_245,Pt,0.2,0.8,Ru0.20Pt0.80Ox,0,data\h2o_adsorbates\MAT_245_H2O_site0.cif,-585.7874657848558,uma-s-1p2,success
MAT_245,Pt,0.2,0.8,Ru0.20Pt0.80Ox,1,data\h2o_adsorbates\MAT_245_H2O_site1.cif,-586.0386812328866,uma-s-1p2,success
MAT_245,Pt,0.2,0.8,Ru0.20Pt0.80Ox,2,data\h2o_adsorbates\MAT_245_H2O_site2.cif,-586.0723026316459,uma-s-1p2,success
