material_id,M_element,Ru_fraction,M_fraction,nominal_formula,vacancy_site_index,vacancy_structure_file,predicted_energy_eV,backend,status
MAT_001,Li,1.0,0.0,RuO2,0,data\vacancies\MAT_001_vacancy_site0.cif,-163.98538197260933,uma-s-1p2,success
MAT_001,Li,1.0,0.0,RuO2,1,data\vacancies\MAT_001_vacancy_site1.cif,-164.67400890548328,uma-s-1p2,success
MAT_001,Li,1.0,0.0,RuO2,2,data\vacancies\MAT_001_vacancy_site2.cif,-163.98538569711732,uma-s-1p2,success
MAT_002,Li,0.8,0.1999999999999999,Ru0.80Li0.20Ox,0,data\vacancies\MAT_002_vacancy_site0.cif,-305.53148248424725,uma-s-1p2,success
MAT_002,Li,0.8,0.1999999999999999,Ru0.80Li0.20Ox,1,data\vacancies\MAT_002_vacancy_site1.cif,-304.7222822060884,uma-s-1p2,success
MAT_002,Li,0.8,0.1999999999999999,Ru0.80Li0.20Ox,2,data\vacancies\MAT_002_vacancy_site2.cif,-303.85522913003274,uma-s-1p2,success
MAT_003,Li,0.6,0.4,Ru0.60Li0.40Ox,0,data\vacancies\MAT_003_vacancy_site0.cif,-287.6822532568136,uma-s-1p2,success
MAT_003,Li,0.6,0.4,Ru0.60Li0.40Ox,1,data\vacancies\MAT_003_vacancy_site1.cif,-287.70649073764775,uma-s-1p2,success
MAT_003,Li,0.6,0.4,Ru0.60Li0.40Ox,2,data\vacancies\MAT_003_vacancy_site2.cif,-285.9809536061061,uma-s-1p2,success
MAT_004,Li,0.4,0.6,Ru0.40Li0.60Ox,0,data\vacancies\MAT_004_vacancy_site0.cif,-246.91567844309884,uma-s-1p2,success
MAT_004,Li,0.4,0.6,Ru0.40Li0.60Ox,1,data\vacancies\MAT_004_vacancy_site1.cif,-247.1817854965132,uma-s-1p2,success
MAT_004,Li,0.4,0.6,Ru0.40Li0.60Ox,2,data\vacancies\MAT_004_vacancy_site2.cif,-246.8671089839134,uma-s-1p2,success
MAT_005,Li,0.2,0.8,Ru0.20Li0.80Ox,0,data\vacancies\MAT_005_vacancy_site0.cif,-227.06795319580695,uma-s-1p2,success
MAT_005,Li,0.2,0.8,Ru0.20Li0.80Ox,1,data\vacancies\MAT_005_vacancy_site1.cif,-227.66788933934885,uma-s-1p2,success
MAT_005,Li,0.2,0.8,Ru0.20Li0.80Ox,2,data\vacancies\MAT_005_vacancy_site2.cif,-227.17443064559845,uma-s-1p2,success
MAT_007,Na,0.8,0.1999999999999999,Ru0.80Na0.20Ox,0,data\vacancies\MAT_007_vacancy_site0.cif,-295.1852078165379,uma-s-1p2,success
MAT_007,Na,0.8,0.1999999999999999,Ru0.80Na0.20Ox,1,data\vacancies\MAT_007_vacancy_site1.cif,-293.62018774638983,uma-s-1p2,success
MAT_007,Na,0.8,0.1999999999999999,Ru0.80Na0.20Ox,2,data\vacancies\MAT_007_vacancy_site2.cif,-292.7255122716331,uma-s-1p2,success
MAT_008,Na,0.6,0.4,Ru0.60Na0.40Ox,0,data\vacancies\MAT_008_vacancy_site0.cif,-271.67790486573995,uma-s-1p2,success
MAT_008,Na,0.6,0.4,Ru0.60Na0.40Ox,1,data\vacancies\MAT_008_vacancy_site1.cif,-271.4087247932581,uma-s-1p2,success
MAT_008,Na,0.6,0.4,Ru0.60Na0.40Ox,2,data\vacancies\MAT_008_vacancy_site2.cif,-269.1827775312206,uma-s-1p2,success
MAT_009,Na,0.4,0.6,Ru0.40Na0.60Ox,0,data\vacancies\MAT_009_vacancy_site0.cif,-219.76324083053487,uma-s-1p2,success
MAT_009,Na,0.4,0.6,Ru0.40Na0.60Ox,1,data\vacancies\MAT_009_vacancy_site1.cif,-219.85825292734967,uma-s-1p2,success
MAT_009,Na,0.4,0.6,Ru0.40Na0.60Ox,2,data\vacancies\MAT_009_vacancy_site2.cif,-219.76438848893417,uma-s-1p2,success
MAT_010,Na,0.2,0.8,Ru0.20Na0.80Ox,0,data\vacancies\MAT_010_vacancy_site0.cif,-195.10511561335852,uma-s-1p2,success
MAT_010,Na,0.2,0.8,Ru0.20Na0.80Ox,1,data\vacancies\MAT_010_vacancy_site1.cif,-195.57266513709772,uma-s-1p2,success
MAT_010,Na,0.2,0.8,Ru0.20Na0.80Ox,2,data\vacancies\MAT_010_vacancy_site2.cif,-195.16414753549805,uma-s-1p2,success
MAT_012,Mg,0.8,0.1999999999999999,Ru0.80Mg0.20Ox,0,data\vacancies\MAT_012_vacancy_site0.cif,-313.1698404266142,uma-s-1p2,success
MAT_012,Mg,0.8,0.1999999999999999,Ru0.80Mg0.20Ox,1,data\vacancies\MAT_012_vacancy_site1.cif,-313.5944505674594,uma-s-1p2,success
MAT_012,Mg,0.8,0.1999999999999999,Ru0.80Mg0.20Ox,2,data\vacancies\MAT_012_vacancy_site2.cif,-312.697648956056,uma-s-1p2,success
MAT_013,Mg,0.6,0.4,Ru0.60Mg0.40Ox,0,data\vacancies\MAT_013_vacancy_site0.cif,-299.8922799722306,uma-s-1p2,success
MAT_013,Mg,0.6,0.4,Ru0.60Mg0.40Ox,1,data\vacancies\MAT_013_vacancy_site1.cif,-301.03869323351944,uma-s-1p2,success
MAT_013,Mg,0.6,0.4,Ru0.60Mg0.40Ox,2,data\vacancies\MAT_013_vacancy_site2.cif,-299.4332121980891,uma-s-1p2,success
MAT_014,Mg,0.4,0.6,Ru0.40Mg0.60Ox,0,data\vacancies\MAT_014_vacancy_site0.cif,-269.87541462486394,uma-s-1p2,success
MAT_014,Mg,0.4,0.6,Ru0.40Mg0.60Ox,1,data\vacancies\MAT_014_vacancy_site1.cif,-271.0632374836249,uma-s-1p2,success
MAT_014,Mg,0.4,0.6,Ru0.40Mg0.60Ox,2,data\vacancies\MAT_014_vacancy_site2.cif,-269.58384115045317,uma-s-1p2,success
MAT_015,Mg,0.2,0.8,Ru0.20Mg0.80Ox,0,data\vacancies\MAT_015_vacancy_site0.cif,-254.8355243265961,uma-s-1p2,success
MAT_015,Mg,0.2,0.8,Ru0.20Mg0.80Ox,1,data\vacancies\MAT_015_vacancy_site1.cif,-256.5967207502002,uma-s-1p2,success
MAT_015,Mg,0.2,0.8,Ru0.20Mg0.80Ox,2,data\vacancies\MAT_015_vacancy_site2.cif,-254.54269269838198,uma-s-1p2,success
MAT_017,Al,0.8,0.1999999999999999,Ru0.80Al0.20Ox,0,data\vacancies\MAT_017_vacancy_site0.cif,-329.5358202669582,uma-s-1p2,success
MAT_017,Al,0.8,0.1999999999999999,Ru0.80Al0.20Ox,1,data\vacancies\MAT_017_vacancy_site1.cif,-330.76949110190066,uma-s-1p2,success
MAT_017,Al,0.8,0.1999999999999999,Ru0.80Al0.20Ox,2,data\vacancies\MAT_017_vacancy_site2.cif,-329.8486278089409,uma-s-1p2,success
MAT_018,Al,0.6,0.4,Ru0.60Al0.40Ox,0,data\vacancies\MAT_018_vacancy_site0.cif,-325.44443284786536,uma-s-1p2,success
MAT_018,Al,0.6,0.4,Ru0.60Al0.40Ox,1,data\vacancies\MAT_018_vacancy_site1.cif,-326.74087116649594,uma-s-1p2,success
MAT_018,Al,0.6,0.4,Ru0.60Al0.40Ox,2,data\vacancies\MAT_018_vacancy_site2.cif,-325.7467417266759,uma-s-1p2,success
MAT_019,Al,0.4,0.6,Ru0.40Al0.60Ox,0,data\vacancies\MAT_019_vacancy_site0.cif,-317.2189908658242,uma-s-1p2,success
MAT_019,Al,0.4,0.6,Ru0.40Al0.60Ox,1,data\vacancies\MAT_019_vacancy_site1.cif,-318.7349426501796,uma-s-1p2,success
MAT_019,Al,0.4,0.6,Ru0.40Al0.60Ox,2,data\vacancies\MAT_019_vacancy_site2.cif,-317.0258419449575,uma-s-1p2,success
MAT_020,Al,0.2,0.8,Ru0.20Al0.80Ox,0,data\vacancies\MAT_020_vacancy_site0.cif,-312.9890770029728,uma-s-1p2,success
MAT_020,Al,0.2,0.8,Ru0.20Al0.80Ox,1,data\vacancies\MAT_020_vacancy_site1.cif,-313.4046167019839,uma-s-1p2,success
MAT_020,Al,0.2,0.8,Ru0.20Al0.80Ox,2,data\vacancies\MAT_020_vacancy_site2.cif,-312.7141275576,uma-s-1p2,success
MAT_022,Si,0.8,0.1999999999999999,Ru0.80Si0.20Ox,0,data\vacancies\MAT_022_vacancy_site0.cif,-331.90905959582597,uma-s-1p2,success
MAT_022,Si,0.8,0.1999999999999999,Ru0.80Si0.20Ox,1,data\vacancies\MAT_022_vacancy_site1.cif,-332.26982653008133,uma-s-1p2,success
MAT_022,Si,0.8,0.1999999999999999,Ru0.80Si0.20Ox,2,data\vacancies\MAT_022_vacancy_site2.cif,-331.3478116342433,uma-s-1p2,success
MAT_023,Si,0.6,0.4,Ru0.60Si0.40Ox,0,data\vacancies\MAT_023_vacancy_site0.cif,-328.9681336212608,uma-s-1p2,success
MAT_023,Si,0.6,0.4,Ru0.60Si0.40Ox,1,data\vacancies\MAT_023_vacancy_site1.cif,-329.0220389680987,uma-s-1p2,success
MAT_023,Si,0.6,0.4,Ru0.60Si0.40Ox,2,data\vacancies\MAT_023_vacancy_site2.cif,-328.3793083900157,uma-s-1p2,success
MAT_024,Si,0.4,0.6,Ru0.40Si0.60Ox,0,data\vacancies\MAT_024_vacancy_site0.cif,-325.25605567191195,uma-s-1p2,success
MAT_024,Si,0.4,0.6,Ru0.40Si0.60Ox,1,data\vacancies\MAT_024_vacancy_site1.cif,-325.3495946008258,uma-s-1p2,success
MAT_024,Si,0.4,0.6,Ru0.40Si0.60Ox,2,data\vacancies\MAT_024_vacancy_site2.cif,-325.29595993073275,uma-s-1p2,success
MAT_025,Si,0.2,0.8,Ru0.20Si0.80Ox,0,data\vacancies\MAT_025_vacancy_site0.cif,-324.8747585539953,uma-s-1p2,success
MAT_025,Si,0.2,0.8,Ru0.20Si0.80Ox,1,data\vacancies\MAT_025_vacancy_site1.cif,-323.11500434988034,uma-s-1p2,success
MAT_025,Si,0.2,0.8,Ru0.20Si0.80Ox,2,data\vacancies\MAT_025_vacancy_site2.cif,-324.9264543052112,uma-s-1p2,success
MAT_027,K,0.8,0.1999999999999999,Ru0.80K0.20Ox,0,data\vacancies\MAT_027_vacancy_site0.cif,-278.38876812600523,uma-s-1p2,success
MAT_027,K,0.8,0.1999999999999999,Ru0.80K0.20Ox,1,data\vacancies\MAT_027_vacancy_site1.cif,-275.34532142709173,uma-s-1p2,success
MAT_027,K,0.8,0.1999999999999999,Ru0.80K0.20Ox,2,data\vacancies\MAT_027_vacancy_site2.cif,-274.4563118363963,uma-s-1p2,success
MAT_028,K,0.6,0.4,Ru0.60K0.40Ox,0,data\vacancies\MAT_028_vacancy_site0.cif,-245.75572589459762,uma-s-1p2,success
MAT_028,K,0.6,0.4,Ru0.60K0.40Ox,1,data\vacancies\MAT_028_vacancy_site1.cif,-244.67779322482014,uma-s-1p2,success
MAT_028,K,0.6,0.4,Ru0.60K0.40Ox,2,data\vacancies\MAT_028_vacancy_site2.cif,-241.8756730927156,uma-s-1p2,success
MAT_029,K,0.4,0.6,Ru0.40K0.60Ox,0,data\vacancies\MAT_029_vacancy_site0.cif,-184.00616125479144,uma-s-1p2,success
MAT_029,K,0.4,0.6,Ru0.40K0.60Ox,1,data\vacancies\MAT_029_vacancy_site1.cif,-183.18151130746674,uma-s-1p2,success
MAT_029,K,0.4,0.6,Ru0.40K0.60Ox,2,data\vacancies\MAT_029_vacancy_site2.cif,-183.95437617537544,uma-s-1p2,success
MAT_030,K,0.2,0.8,Ru0.20K0.80Ox,0,data\vacancies\MAT_030_vacancy_site0.cif,-158.9360793091878,uma-s-1p2,success
MAT_030,K,0.2,0.8,Ru0.20K0.80Ox,1,data\vacancies\MAT_030_vacancy_site1.cif,-159.37272706991564,uma-s-1p2,success
MAT_030,K,0.2,0.8,Ru0.20K0.80Ox,2,data\vacancies\MAT_030_vacancy_site2.cif,-158.99880478342516,uma-s-1p2,success
MAT_032,Ca,0.8,0.1999999999999999,Ru0.80Ca0.20Ox,0,data\vacancies\MAT_032_vacancy_site0.cif,-307.3697737794978,uma-s-1p2,success
MAT_032,Ca,0.8,0.1999999999999999,Ru0.80Ca0.20Ox,1,data\vacancies\MAT_032_vacancy_site1.cif,-306.2139243346878,uma-s-1p2,success
MAT_032,Ca,0.8,0.1999999999999999,Ru0.80Ca0.20Ox,2,data\vacancies\MAT_032_vacancy_site2.cif,-305.2993599996631,uma-s-1p2,success
MAT_033,Ca,0.6,0.4,Ru0.60Ca0.40Ox,0,data\vacancies\MAT_033_vacancy_site0.cif,-290.17360963902564,uma-s-1p2,success
MAT_033,Ca,0.6,0.4,Ru0.60Ca0.40Ox,1,data\vacancies\MAT_033_vacancy_site1.cif,-290.71299046916135,uma-s-1p2,success
MAT_033,Ca,0.6,0.4,Ru0.60Ca0.40Ox,2,data\vacancies\MAT_033_vacancy_site2.cif,-288.07430029866896,uma-s-1p2,success
MAT_034,Ca,0.4,0.6,Ru0.40Ca0.60Ox,0,data\vacancies\MAT_034_vacancy_site0.cif,-253.5570343914422,uma-s-1p2,success
MAT_034,Ca,0.4,0.6,Ru0.40Ca0.60Ox,1,data\vacancies\MAT_034_vacancy_site1.cif,-254.28266747846394,uma-s-1p2,success
MAT_034,Ca,0.4,0.6,Ru0.40Ca0.60Ox,2,data\vacancies\MAT_034_vacancy_site2.cif,-253.3191357368209,uma-s-1p2,success
MAT_035,Ca,0.2,0.8,Ru0.20Ca0.80Ox,0,data\vacancies\MAT_035_vacancy_site0.cif,-237.46076575705223,uma-s-1p2,success
MAT_035,Ca,0.2,0.8,Ru0.20Ca0.80Ox,1,data\vacancies\MAT_035_vacancy_site1.cif,-238.0559701931321,uma-s-1p2,success
MAT_035,Ca,0.2,0.8,Ru0.20Ca0.80Ox,2,data\vacancies\MAT_035_vacancy_site2.cif,-237.2087195712583,uma-s-1p2,success
MAT_037,Sc,0.8,0.1999999999999999,Ru0.80Sc0.20Ox,0,data\vacancies\MAT_037_vacancy_site0.cif,-343.0032694993387,uma-s-1p2,success
MAT_037,Sc,0.8,0.1999999999999999,Ru0.80Sc0.20Ox,1,data\vacancies\MAT_037_vacancy_site1.cif,-344.1841453357711,uma-s-1p2,success
MAT_037,Sc,0.8,0.1999999999999999,Ru0.80Sc0.20Ox,2,data\vacancies\MAT_037_vacancy_site2.cif,-343.2679979948546,uma-s-1p2,success
MAT_038,Sc,0.6,0.4,Ru0.60Sc0.40Ox,0,data\vacancies\MAT_038_vacancy_site0.cif,-345.1550531301811,uma-s-1p2,success
MAT_038,Sc,0.6,0.4,Ru0.60Sc0.40Ox,1,data\vacancies\MAT_038_vacancy_site1.cif,-347.195311200954,uma-s-1p2,success
MAT_038,Sc,0.6,0.4,Ru0.60Sc0.40Ox,2,data\vacancies\MAT_038_vacancy_site2.cif,-345.41889374298245,uma-s-1p2,success
MAT_039,Sc,0.4,0.6,Ru0.40Sc0.60Ox,0,data\vacancies\MAT_039_vacancy_site0.cif,-350.122382591763,uma-s-1p2,success
MAT_039,Sc,0.4,0.6,Ru0.40Sc0.60Ox,1,data\vacancies\MAT_039_vacancy_site1.cif,-352.1523412630419,uma-s-1p2,success
MAT_039,Sc,0.4,0.6,Ru0.40Sc0.60Ox,2,data\vacancies\MAT_039_vacancy_site2.cif,-349.6543073924633,uma-s-1p2,success
MAT_040,Sc,0.2,0.8,Ru0.20Sc0.80Ox,0,data\vacancies\MAT_040_vacancy_site0.cif,-352.785234760172,uma-s-1p2,success
MAT_040,Sc,0.2,0.8,Ru0.20Sc0.80Ox,1,data\vacancies\MAT_040_vacancy_site1.cif,-353.22680889264757,uma-s-1p2,success
MAT_040,Sc,0.2,0.8,Ru0.20Sc0.80Ox,2,data\vacancies\MAT_040_vacancy_site2.cif,-352.31497362212525,uma-s-1p2,success
MAT_042,Ti,0.8,0.1999999999999999,Ru0.80Ti0.20Ox,0,data\vacancies\MAT_042_vacancy_site0.cif,-350.50729812083165,uma-s-1p2,success
MAT_042,Ti,0.8,0.1999999999999999,Ru0.80Ti0.20Ox,1,data\vacancies\MAT_042_vacancy_site1.cif,-352.34068752805626,uma-s-1p2,success
MAT_042,Ti,0.8,0.1999999999999999,Ru0.80Ti0.20Ox,2,data\vacancies\MAT_042_vacancy_site2.cif,-351.48614203230363,uma-s-1p2,success
MAT_043,Ti,0.6,0.4,Ru0.60Ti0.40Ox,0,data\vacancies\MAT_043_vacancy_site0.cif,-357.4921878211461,uma-s-1p2,success
MAT_043,Ti,0.6,0.4,Ru0.60Ti0.40Ox,1,data\vacancies\MAT_043_vacancy_site1.cif,-359.4724527267554,uma-s-1p2,success
MAT_043,Ti,0.6,0.4,Ru0.60Ti0.40Ox,2,data\vacancies\MAT_043_vacancy_site2.cif,-358.46326196897,uma-s-1p2,success
MAT_044,Ti,0.4,0.6,Ru0.40Ti0.60Ox,0,data\vacancies\MAT_044_vacancy_site0.cif,-373.63904342446693,uma-s-1p2,success
MAT_044,Ti,0.4,0.6,Ru0.40Ti0.60Ox,1,data\vacancies\MAT_044_vacancy_site1.cif,-375.7716777627362,uma-s-1p2,success
MAT_044,Ti,0.4,0.6,Ru0.40Ti0.60Ox,2,data\vacancies\MAT_044_vacancy_site2.cif,-373.67141132630775,uma-s-1p2,success
MAT_045,Ti,0.2,0.8,Ru0.20Ti0.80Ox,0,data\vacancies\MAT_045_vacancy_site0.cif,-381.1819673133895,uma-s-1p2,success
MAT_045,Ti,0.2,0.8,Ru0.20Ti0.80Ox,1,data\vacancies\MAT_045_vacancy_site1.cif,-381.9348474261975,uma-s-1p2,success
MAT_045,Ti,0.2,0.8,Ru0.20Ti0.80Ox,2,data\vacancies\MAT_045_vacancy_site2.cif,-381.20676384787504,uma-s-1p2,success
MAT_047,V,0.8,0.1999999999999999,Ru0.80V0.20Ox,0,data\vacancies\MAT_047_vacancy_site0.cif,-338.17356778432895,uma-s-1p2,success
MAT_047,V,0.8,0.1999999999999999,Ru0.80V0.20Ox,1,data\vacancies\MAT_047_vacancy_site1.cif,-339.52659290308907,uma-s-1p2,success
MAT_047,V,0.8,0.1999999999999999,Ru0.80V0.20Ox,2,data\vacancies\MAT_047_vacancy_site2.cif,-338.6299710779368,uma-s-1p2,success
MAT_048,V,0.6,0.4,Ru0.60V0.40Ox,0,data\vacancies\MAT_048_vacancy_site0.cif,-338.8207340335288,uma-s-1p2,success
MAT_048,V,0.6,0.4,Ru0.60V0.40Ox,1,data\vacancies\MAT_048_vacancy_site1.cif,-340.3022850395776,uma-s-1p2,success
MAT_048,V,0.6,0.4,Ru0.60V0.40Ox,2,data\vacancies\MAT_048_vacancy_site2.cif,-339.25990235380175,uma-s-1p2,success
MAT_049,V,0.4,0.6,Ru0.40V0.60Ox,0,data\vacancies\MAT_049_vacancy_site0.cif,-342.0480497432444,uma-s-1p2,success
MAT_049,V,0.4,0.6,Ru0.40V0.60Ox,1,data\vacancies\MAT_049_vacancy_site1.cif,-343.72821915766434,uma-s-1p2,success
MAT_049,V,0.4,0.6,Ru0.40V0.60Ox,2,data\vacancies\MAT_049_vacancy_site2.cif,-342.0474127398898,uma-s-1p2,success
MAT_050,V,0.2,0.8,Ru0.20V0.80Ox,0,data\vacancies\MAT_050_vacancy_site0.cif,-343.8968553061116,uma-s-1p2,success
MAT_050,V,0.2,0.8,Ru0.20V0.80Ox,1,data\vacancies\MAT_050_vacancy_site1.cif,-344.81989278187126,uma-s-1p2,success
MAT_050,V,0.2,0.8,Ru0.20V0.80Ox,2,data\vacancies\MAT_050_vacancy_site2.cif,-343.889141620056,uma-s-1p2,success
MAT_052,Cr,0.8,0.1999999999999999,Ru0.80Cr0.20Ox,0,data\vacancies\MAT_052_vacancy_site0.cif,-336.10787001772786,uma-s-1p2,success
MAT_052,Cr,0.8,0.1999999999999999,Ru0.80Cr0.20Ox,1,data\vacancies\MAT_052_vacancy_site1.cif,-337.25572828063827,uma-s-1p2,success
MAT_052,Cr,0.8,0.1999999999999999,Ru0.80Cr0.20Ox,2,data\vacancies\MAT_052_vacancy_site2.cif,-336.36357883220444,uma-s-1p2,success
MAT_053,Cr,0.6,0.4,Ru0.60Cr0.40Ox,0,data\vacancies\MAT_053_vacancy_site0.cif,-335.40613586141023,uma-s-1p2,success
MAT_053,Cr,0.6,0.4,Ru0.60Cr0.40Ox,1,data\vacancies\MAT_053_vacancy_site1.cif,-336.88051846437395,uma-s-1p2,success
MAT_053,Cr,0.6,0.4,Ru0.60Cr0.40Ox,2,data\vacancies\MAT_053_vacancy_site2.cif,-335.6507159934374,uma-s-1p2,success
MAT_054,Cr,0.4,0.6,Ru0.40Cr0.60Ox,0,data\vacancies\MAT_054_vacancy_site0.cif,-334.8315381860648,uma-s-1p2,success
MAT_054,Cr,0.4,0.6,Ru0.40Cr0.60Ox,1,data\vacancies\MAT_054_vacancy_site1.cif,-336.5140774899327,uma-s-1p2,success
MAT_054,Cr,0.4,0.6,Ru0.40Cr0.60Ox,2,data\vacancies\MAT_054_vacancy_site2.cif,-334.778466416615,uma-s-1p2,success
MAT_055,Cr,0.2,0.8,Ru0.20Cr0.80Ox,0,data\vacancies\MAT_055_vacancy_site0.cif,-334.9118580413099,uma-s-1p2,success
MAT_055,Cr,0.2,0.8,Ru0.20Cr0.80Ox,1,data\vacancies\MAT_055_vacancy_site1.cif,-336.46972027697683,uma-s-1p2,success
MAT_055,Cr,0.2,0.8,Ru0.20Cr0.80Ox,2,data\vacancies\MAT_055_vacancy_site2.cif,-334.8463094299967,uma-s-1p2,success
MAT_057,Mn,0.8,0.1999999999999999,Ru0.80Mn0.20Ox,0,data\vacancies\MAT_057_vacancy_site0.cif,-333.1431883290402,uma-s-1p2,success
MAT_057,Mn,0.8,0.1999999999999999,Ru0.80Mn0.20Ox,1,data\vacancies\MAT_057_vacancy_site1.cif,-333.54013685136493,uma-s-1p2,success
MAT_057,Mn,0.8,0.1999999999999999,Ru0.80Mn0.20Ox,2,data\vacancies\MAT_057_vacancy_site2.cif,-332.6421952305519,uma-s-1p2,success
MAT_058,Mn,0.6,0.4,Ru0.60Mn0.40Ox,0,data\vacancies\MAT_058_vacancy_site0.cif,-330.26731599805044,uma-s-1p2,success
MAT_058,Mn,0.6,0.4,Ru0.60Mn0.40Ox,1,data\vacancies\MAT_058_vacancy_site1.cif,-331.24215390119866,uma-s-1p2,success
MAT_058,Mn,0.6,0.4,Ru0.60Mn0.40Ox,2,data\vacancies\MAT_058_vacancy_site2.cif,-329.75577696013494,uma-s-1p2,success
MAT_059,Mn,0.4,0.6,Ru0.40Mn0.60Ox,0,data\vacancies\MAT_059_vacancy_site0.cif,-326.3334056730527,uma-s-1p2,success
MAT_059,Mn,0.4,0.6,Ru0.40Mn0.60Ox,1,data\vacancies\MAT_059_vacancy_site1.cif,-327.4362221507873,uma-s-1p2,success
MAT_059,Mn,0.4,0.6,Ru0.40Mn0.60Ox,2,data\vacancies\MAT_059_vacancy_site2.cif,-326.2313579081191,uma-s-1p2,success
MAT_060,Mn,0.2,0.8,Ru0.20Mn0.80Ox,0,data\vacancies\MAT_060_vacancy_site0.cif,-325.3811579721066,uma-s-1p2,success
MAT_060,Mn,0.2,0.8,Ru0.20Mn0.80Ox,1,data\vacancies\MAT_060_vacancy_site1.cif,-326.61269828598165,uma-s-1p2,success
MAT_060,Mn,0.2,0.8,Ru0.20Mn0.80Ox,2,data\vacancies\MAT_060_vacancy_site2.cif,-325.2578571346116,uma-s-1p2,success
MAT_062,Fe,0.8,0.1999999999999999,Ru0.80Fe0.20Ox,0,data\vacancies\MAT_062_vacancy_site0.cif,-323.63106588480974,uma-s-1p2,success
MAT_062,Fe,0.8,0.1999999999999999,Ru0.80Fe0.20Ox,1,data\vacancies\MAT_062_vacancy_site1.cif,-324.1784527923774,uma-s-1p2,success
MAT_062,Fe,0.8,0.1999999999999999,Ru0.80Fe0.20Ox,2,data\vacancies\MAT_062_vacancy_site2.cif,-323.2894275862447,uma-s-1p2,success
MAT_063,Fe,0.6,0.4,Ru0.60Fe0.40Ox,0,data\vacancies\MAT_063_vacancy_site0.cif,-316.0487436882602,uma-s-1p2,success
MAT_063,Fe,0.6,0.4,Ru0.60Fe0.40Ox,1,data\vacancies\MAT_063_vacancy_site1.cif,-317.1524305360226,uma-s-1p2,success
MAT_063,Fe,0.6,0.4,Ru0.60Fe0.40Ox,2,data\vacancies\MAT_063_vacancy_site2.cif,-315.72438406475726,uma-s-1p2,success
MAT_064,Fe,0.4,0.6,Ru0.40Fe0.60Ox,0,data\vacancies\MAT_064_vacancy_site0.cif,-301.3127273652551,uma-s-1p2,success
MAT_064,Fe,0.4,0.6,Ru0.40Fe0.60Ox,1,data\vacancies\MAT_064_vacancy_site1.cif,-302.71603578930905,uma-s-1p2,success
MAT_064,Fe,0.4,0.6,Ru0.40Fe0.60Ox,2,data\vacancies\MAT_064_vacancy_site2.cif,-301.25024039451245,uma-s-1p2,success
MAT_065,Fe,0.2,0.8,Ru0.20Fe0.80Ox,0,data\vacancies\MAT_065_vacancy_site0.cif,-294.68557483244274,uma-s-1p2,success
MAT_065,Fe,0.2,0.8,Ru0.20Fe0.80Ox,1,data\vacancies\MAT_065_vacancy_site1.cif,-296.51091695767826,uma-s-1p2,success
MAT_065,Fe,0.2,0.8,Ru0.20Fe0.80Ox,2,data\vacancies\MAT_065_vacancy_site2.cif,-294.6035739494031,uma-s-1p2,success
MAT_067,Co,0.8,0.1999999999999999,Ru0.80Co0.20Ox,0,data\vacancies\MAT_067_vacancy_site0.cif,-318.0645981500688,uma-s-1p2,success
MAT_067,Co,0.8,0.1999999999999999,Ru0.80Co0.20Ox,1,data\vacancies\MAT_067_vacancy_site1.cif,-318.39891666054604,uma-s-1p2,success
MAT_067,Co,0.8,0.1999999999999999,Ru0.80Co0.20Ox,2,data\vacancies\MAT_067_vacancy_site2.cif,-317.5485997412168,uma-s-1p2,success
MAT_068,Co,0.6,0.4,Ru0.60Co0.40Ox,0,data\vacancies\MAT_068_vacancy_site0.cif,-307.5102053469115,uma-s-1p2,success
MAT_068,Co,0.6,0.4,Ru0.60Co0.40Ox,1,data\vacancies\MAT_068_vacancy_site1.cif,-308.42840535417974,uma-s-1p2,success
MAT_068,Co,0.6,0.4,Ru0.60Co0.40Ox,2,data\vacancies\MAT_068_vacancy_site2.cif,-307.0114473856713,uma-s-1p2,success
MAT_069,Co,0.4,0.6,Ru0.40Co0.60Ox,0,data\vacancies\MAT_069_vacancy_site0.cif,-286.55301104604416,uma-s-1p2,success
MAT_069,Co,0.4,0.6,Ru0.40Co0.60Ox,1,data\vacancies\MAT_069_vacancy_site1.cif,-287.5126069525939,uma-s-1p2,success
MAT_069,Co,0.4,0.6,Ru0.40Co0.60Ox,2,data\vacancies\MAT_069_vacancy_site2.cif,-286.41010137379095,uma-s-1p2,success
MAT_070,Co,0.2,0.8,Ru0.20Co0.80Ox,0,data\vacancies\MAT_070_vacancy_site0.cif,-276.8983244955997,uma-s-1p2,success
MAT_070,Co,0.2,0.8,Ru0.20Co0.80Ox,1,data\vacancies\MAT_070_vacancy_site1.cif,-278.2532112709431,uma-s-1p2,success
MAT_070,Co,0.2,0.8,Ru0.20Co0.80Ox,2,data\vacancies\MAT_070_vacancy_site2.cif,-276.75137849652776,uma-s-1p2,success
MAT_072,Ni,0.8,0.1999999999999999,Ru0.80Ni0.20Ox,0,data\vacancies\MAT_072_vacancy_site0.cif,-305.4923025482097,uma-s-1p2,success
MAT_072,Ni,0.8,0.1999999999999999,Ru0.80Ni0.20Ox,1,data\vacancies\MAT_072_vacancy_site1.cif,-305.8305651176939,uma-s-1p2,success
MAT_072,Ni,0.8,0.1999999999999999,Ru0.80Ni0.20Ox,2,data\vacancies\MAT_072_vacancy_site2.cif,-304.9684703116723,uma-s-1p2,success
MAT_073,Ni,0.6,0.4,Ru0.60Ni0.40Ox,0,data\vacancies\MAT_073_vacancy_site0.cif,-288.4291174307458,uma-s-1p2,success
MAT_073,Ni,0.6,0.4,Ru0.60Ni0.40Ox,1,data\vacancies\MAT_073_vacancy_site1.cif,-289.4461655881029,uma-s-1p2,success
MAT_073,Ni,0.6,0.4,Ru0.60Ni0.40Ox,2,data\vacancies\MAT_073_vacancy_site2.cif,-287.9101233676068,uma-s-1p2,success
MAT_074,Ni,0.4,0.6,Ru0.40Ni0.60Ox,0,data\vacancies\MAT_074_vacancy_site0.cif,-253.1796359789305,uma-s-1p2,success
MAT_074,Ni,0.4,0.6,Ru0.40Ni0.60Ox,1,data\vacancies\MAT_074_vacancy_site1.cif,-254.26152059167347,uma-s-1p2,success
MAT_074,Ni,0.4,0.6,Ru0.40Ni0.60Ox,2,data\vacancies\MAT_074_vacancy_site2.cif,-253.01349560535203,uma-s-1p2,success
MAT_075,Ni,0.2,0.8,Ru0.20Ni0.80Ox,0,data\vacancies\MAT_075_vacancy_site0.cif,-236.23037550501616,uma-s-1p2,success
MAT_075,Ni,0.2,0.8,Ru0.20Ni0.80Ox,1,data\vacancies\MAT_075_vacancy_site1.cif,-237.85505735160274,uma-s-1p2,success
MAT_075,Ni,0.2,0.8,Ru0.20Ni0.80Ox,2,data\vacancies\MAT_075_vacancy_site2.cif,-236.09740530980125,uma-s-1p2,success
MAT_077,Cu,0.8,0.1999999999999999,Ru0.80Cu0.20Ox,0,data\vacancies\MAT_077_vacancy_site0.cif,-308.29128761667647,uma-s-1p2,success
MAT_077,Cu,0.8,0.1999999999999999,Ru0.80Cu0.20Ox,1,data\vacancies\MAT_077_vacancy_site1.cif,-308.10711588996145,uma-s-1p2,success
MAT_077,Cu,0.8,0.1999999999999999,Ru0.80Cu0.20Ox,2,data\vacancies\MAT_077_vacancy_site2.cif,-307.2665406462992,uma-s-1p2,success
MAT_078,Cu,0.6,0.4,Ru0.60Cu0.40Ox,0,data\vacancies\MAT_078_vacancy_site0.cif,-292.28399185068366,uma-s-1p2,success
MAT_078,Cu,0.6,0.4,Ru0.60Cu0.40Ox,1,data\vacancies\MAT_078_vacancy_site1.cif,-292.8464530045089,uma-s-1p2,success
MAT_078,Cu,0.6,0.4,Ru0.60Cu0.40Ox,2,data\vacancies\MAT_078_vacancy_site2.cif,-291.2518720017316,uma-s-1p2,success
MAT_079,Cu,0.4,0.6,Ru0.40Cu0.60Ox,0,data\vacancies\MAT_079_vacancy_site0.cif,-260.25460219096635,uma-s-1p2,success
MAT_079,Cu,0.4,0.6,Ru0.40Cu0.60Ox,1,data\vacancies\MAT_079_vacancy_site1.cif,-260.86245598112157,uma-s-1p2,success
MAT_079,Cu,0.4,0.6,Ru0.40Cu0.60Ox,2,data\vacancies\MAT_079_vacancy_site2.cif,-260.2962604780876,uma-s-1p2,success
MAT_080,Cu,0.2,0.8,Ru0.20Cu0.80Ox,0,data\vacancies\MAT_080_vacancy_site0.cif,-245.10124171633154,uma-s-1p2,success
MAT_080,Cu,0.2,0.8,Ru0.20Cu0.80Ox,1,data\vacancies\MAT_080_vacancy_site1.cif,-246.78878190960364,uma-s-1p2,success
MAT_080,Cu,0.2,0.8,Ru0.20Cu0.80Ox,2,data\vacancies\MAT_080_vacancy_site2.cif,-245.03854351849108,uma-s-1p2,success
MAT_082,Zn,0.8,0.1999999999999999,Ru0.80Zn0.20Ox,0,data\vacancies\MAT_082_vacancy_site0.cif,-301.7559224681654,uma-s-1p2,success
MAT_082,Zn,0.8,0.1999999999999999,Ru0.80Zn0.20Ox,1,data\vacancies\MAT_082_vacancy_site1.cif,-301.5072696391238,uma-s-1p2,success
MAT_082,Zn,0.8,0.1999999999999999,Ru0.80Zn0.20Ox,2,data\vacancies\MAT_082_vacancy_site2.cif,-300.61534528845556,uma-s-1p2,success
MAT_083,Zn,0.6,0.4,Ru0.60Zn0.40Ox,0,data\vacancies\MAT_083_vacancy_site0.cif,-282.3855078471351,uma-s-1p2,success
MAT_083,Zn,0.6,0.4,Ru0.60Zn0.40Ox,1,data\vacancies\MAT_083_vacancy_site1.cif,-283.0365472926528,uma-s-1p2,success
MAT_083,Zn,0.6,0.4,Ru0.60Zn0.40Ox,2,data\vacancies\MAT_083_vacancy_site2.cif,-281.26803370561424,uma-s-1p2,success
MAT_084,Zn,0.4,0.6,Ru0.40Zn0.60Ox,0,data\vacancies\MAT_084_vacancy_site0.cif,-241.96250616774506,uma-s-1p2,success
MAT_084,Zn,0.4,0.6,Ru0.40Zn0.60Ox,1,data\vacancies\MAT_084_vacancy_site1.cif,-242.71815683457496,uma-s-1p2,success
MAT_084,Zn,0.4,0.6,Ru0.40Zn0.60Ox,2,data\vacancies\MAT_084_vacancy_site2.cif,-241.8912620362853,uma-s-1p2,success
MAT_085,Zn,0.2,0.8,Ru0.20Zn0.80Ox,0,data\vacancies\MAT_085_vacancy_site0.cif,-222.689116030202,uma-s-1p2,success
MAT_085,Zn,0.2,0.8,Ru0.20Zn0.80Ox,1,data\vacancies\MAT_085_vacancy_site1.cif,-224.70555869688633,uma-s-1p2,success
MAT_085,Zn,0.2,0.8,Ru0.20Zn0.80Ox,2,data\vacancies\MAT_085_vacancy_site2.cif,-222.52470631801071,uma-s-1p2,success
MAT_087,Ga,0.8,0.1999999999999999,Ru0.80Ga0.20Ox,0,data\vacancies\MAT_087_vacancy_site0.cif,-316.33284816483354,uma-s-1p2,success
MAT_087,Ga,0.8,0.1999999999999999,Ru0.80Ga0.20Ox,1,data\vacancies\MAT_087_vacancy_site1.cif,-316.37847900719754,uma-s-1p2,success
MAT_087,Ga,0.8,0.1999999999999999,Ru0.80Ga0.20Ox,2,data\vacancies\MAT_087_vacancy_site2.cif,-315.45379085948446,uma-s-1p2,success
MAT_088,Ga,0.6,0.4,Ru0.60Ga0.40Ox,0,data\vacancies\MAT_088_vacancy_site0.cif,-304.72747698291175,uma-s-1p2,success
MAT_088,Ga,0.6,0.4,Ru0.60Ga0.40Ox,1,data\vacancies\MAT_088_vacancy_site1.cif,-305.23612598258876,uma-s-1p2,success
MAT_088,Ga,0.6,0.4,Ru0.60Ga0.40Ox,2,data\vacancies\MAT_088_vacancy_site2.cif,-303.84233555624866,uma-s-1p2,success
MAT_089,Ga,0.4,0.6,Ru0.40Ga0.60Ox,0,data\vacancies\MAT_089_vacancy_site0.cif,-281.8196826809455,uma-s-1p2,success
MAT_089,Ga,0.4,0.6,Ru0.40Ga0.60Ox,1,data\vacancies\MAT_089_vacancy_site1.cif,-282.63729970228917,uma-s-1p2,success
MAT_089,Ga,0.4,0.6,Ru0.40Ga0.60Ox,2,data\vacancies\MAT_089_vacancy_site2.cif,-281.68831188445694,uma-s-1p2,success
MAT_090,Ga,0.2,0.8,Ru0.20Ga0.80Ox,0,data\vacancies\MAT_090_vacancy_site0.cif,-271.40998271355096,uma-s-1p2,success
MAT_090,Ga,0.2,0.8,Ru0.20Ga0.80Ox,1,data\vacancies\MAT_090_vacancy_site1.cif,-271.72023688532283,uma-s-1p2,success
MAT_090,Ga,0.2,0.8,Ru0.20Ga0.80Ox,2,data\vacancies\MAT_090_vacancy_site2.cif,-271.19305894573824,uma-s-1p2,success
MAT_092,Ge,0.8,0.1999999999999999,Ru0.80Ge0.20Ox,0,data\vacancies\MAT_092_vacancy_site0.cif,-322.76607167140344,uma-s-1p2,success
MAT_092,Ge,0.8,0.1999999999999999,Ru0.80Ge0.20Ox,1,data\vacancies\MAT_092_vacancy_site1.cif,-322.24891236090156,uma-s-1p2,success
MAT_092,Ge,0.8,0.1999999999999999,Ru0.80Ge0.20Ox,2,data\vacancies\MAT_092_vacancy_site2.cif,-321.3118162447272,uma-s-1p2,success
MAT_093,Ge,0.6,0.4,Ru0.60Ge0.40Ox,0,data\vacancies\MAT_093_vacancy_site0.cif,-314.57699654408805,uma-s-1p2,success
MAT_093,Ge,0.6,0.4,Ru0.60Ge0.40Ox,1,data\vacancies\MAT_093_vacancy_site1.cif,-314.22669984176054,uma-s-1p2,success
MAT_093,Ge,0.6,0.4,Ru0.60Ge0.40Ox,2,data\vacancies\MAT_093_vacancy_site2.cif,-313.07696751390597,uma-s-1p2,success
MAT_094,Ge,0.4,0.6,Ru0.40Ge0.60Ox,0,data\vacancies\MAT_094_vacancy_site0.cif,-301.02291632707454,uma-s-1p2,success
MAT_094,Ge,0.4,0.6,Ru0.40Ge0.60Ox,1,data\vacancies\MAT_094_vacancy_site1.cif,-300.7042654219747,uma-s-1p2,success
MAT_094,Ge,0.4,0.6,Ru0.40Ge0.60Ox,2,data\vacancies\MAT_094_vacancy_site2.cif,-301.0207434566013,uma-s-1p2,success
MAT_095,Ge,0.2,0.8,Ru0.20Ge0.80Ox,0,data\vacancies\MAT_095_vacancy_site0.cif,-297.0198091390805,uma-s-1p2,success
MAT_095,Ge,0.2,0.8,Ru0.20Ge0.80Ox,1,data\vacancies\MAT_095_vacancy_site1.cif,-294.72681972552,uma-s-1p2,success
MAT_095,Ge,0.2,0.8,Ru0.20Ge0.80Ox,2,data\vacancies\MAT_095_vacancy_site2.cif,-297.0192733198599,uma-s-1p2,success
MAT_097,Sr,0.8,0.1999999999999999,Ru0.80Sr0.20Ox,0,data\vacancies\MAT_097_vacancy_site0.cif,-292.4465932160552,uma-s-1p2,success
MAT_097,Sr,0.8,0.1999999999999999,Ru0.80Sr0.20Ox,1,data\vacancies\MAT_097_vacancy_site1.cif,-289.76125900203823,uma-s-1p2,success
MAT_097,Sr,0.8,0.1999999999999999,Ru0.80Sr0.20Ox,2,data\vacancies\MAT_097_vacancy_site2.cif,-288.83670976097625,uma-s-1p2,success
MAT_098,Sr,0.6,0.4,Ru0.60Sr0.40Ox,0,data\vacancies\MAT_098_vacancy_site0.cif,-266.9442026103819,uma-s-1p2,success
MAT_098,Sr,0.6,0.4,Ru0.60Sr0.40Ox,1,data\vacancies\MAT_098_vacancy_site1.cif,-266.6101991507879,uma-s-1p2,success
MAT_098,Sr,0.6,0.4,Ru0.60Sr0.40Ox,2,data\vacancies\MAT_098_vacancy_site2.cif,-263.43368003516247,uma-s-1p2,success
MAT_099,Sr,0.4,0.6,Ru0.40Sr0.60Ox,0,data\vacancies\MAT_099_vacancy_site0.cif,-217.99631441240467,uma-s-1p2,success
MAT_099,Sr,0.4,0.6,Ru0.40Sr0.60Ox,1,data\vacancies\MAT_099_vacancy_site1.cif,-217.93122757009377,uma-s-1p2,success
MAT_099,Sr,0.4,0.6,Ru0.40Sr0.60Ox,2,data\vacancies\MAT_099_vacancy_site2.cif,-217.9006020955859,uma-s-1p2,success
MAT_100,Sr,0.2,0.8,Ru0.20Sr0.80Ox,0,data\vacancies\MAT_100_vacancy_site0.cif,-199.0995375738513,uma-s-1p2,success
MAT_100,Sr,0.2,0.8,Ru0.20Sr0.80Ox,1,data\vacancies\MAT_100_vacancy_site1.cif,-198.20669903394344,uma-s-1p2,success
MAT_100,Sr,0.2,0.8,Ru0.20Sr0.80Ox,2,data\vacancies\MAT_100_vacancy_site2.cif,-199.07018793081164,uma-s-1p2,success
MAT_102,Y,0.8,0.1999999999999999,Ru0.80Y0.20Ox,0,data\vacancies\MAT_102_vacancy_site0.cif,-334.7023905636442,uma-s-1p2,success
MAT_102,Y,0.8,0.1999999999999999,Ru0.80Y0.20Ox,1,data\vacancies\MAT_102_vacancy_site1.cif,-334.5808460741432,uma-s-1p2,success
MAT_102,Y,0.8,0.1999999999999999,Ru0.80Y0.20Ox,2,data\vacancies\MAT_102_vacancy_site2.cif,-333.6282318653415,uma-s-1p2,success
MAT_103,Y,0.6,0.4,Ru0.60Y0.40Ox,0,data\vacancies\MAT_103_vacancy_site0.cif,-331.7291040261206,uma-s-1p2,success
MAT_103,Y,0.6,0.4,Ru0.60Y0.40Ox,1,data\vacancies\MAT_103_vacancy_site1.cif,-333.32794026679943,uma-s-1p2,success
MAT_103,Y,0.6,0.4,Ru0.60Y0.40Ox,2,data\vacancies\MAT_103_vacancy_site2.cif,-330.63078689904137,uma-s-1p2,success
MAT_104,Y,0.4,0.6,Ru0.40Y0.60Ox,0,data\vacancies\MAT_104_vacancy_site0.cif,-327.33524603915595,uma-s-1p2,success
MAT_104,Y,0.4,0.6,Ru0.40Y0.60Ox,1,data\vacancies\MAT_104_vacancy_site1.cif,-329.0060803692,uma-s-1p2,success
MAT_104,Y,0.4,0.6,Ru0.40Y0.60Ox,2,data\vacancies\MAT_104_vacancy_site2.cif,-326.98913119942256,uma-s-1p2,success
MAT_105,Y,0.2,0.8,Ru0.20Y0.80Ox,0,data\vacancies\MAT_105_vacancy_site0.cif,-327.38497597428994,uma-s-1p2,success
MAT_105,Y,0.2,0.8,Ru0.20Y0.80Ox,1,data\vacancies\MAT_105_vacancy_site1.cif,-326.98618657263734,uma-s-1p2,success
MAT_105,Y,0.2,0.8,Ru0.20Y0.80Ox,2,data\vacancies\MAT_105_vacancy_site2.cif,-327.0480908753479,uma-s-1p2,success
MAT_107,Zr,0.8,0.1999999999999999,Ru0.80Zr0.20Ox,0,data\vacancies\MAT_107_vacancy_site0.cif,-352.7602944055334,uma-s-1p2,success
MAT_107,Zr,0.8,0.1999999999999999,Ru0.80Zr0.20Ox,1,data\vacancies\MAT_107_vacancy_site1.cif,-354.30345336593905,uma-s-1p2,success
MAT_107,Zr,0.8,0.1999999999999999,Ru0.80Zr0.20Ox,2,data\vacancies\MAT_107_vacancy_site2.cif,-353.4016394166438,uma-s-1p2,success
MAT_108,Zr,0.6,0.4,Ru0.60Zr0.40Ox,0,data\vacancies\MAT_108_vacancy_site0.cif,-360.53639830400095,uma-s-1p2,success
MAT_108,Zr,0.6,0.4,Ru0.60Zr0.40Ox,1,data\vacancies\MAT_108_vacancy_site1.cif,-362.860588596061,uma-s-1p2,success
MAT_108,Zr,0.6,0.4,Ru0.60Zr0.40Ox,2,data\vacancies\MAT_108_vacancy_site2.cif,-361.16017551824103,uma-s-1p2,success
MAT_109,Zr,0.4,0.6,Ru0.40Zr0.60Ox,0,data\vacancies\MAT_109_vacancy_site0.cif,-379.5373428302975,uma-s-1p2,success
MAT_109,Zr,0.4,0.6,Ru0.40Zr0.60Ox,1,data\vacancies\MAT_109_vacancy_site1.cif,-382.07587265153694,uma-s-1p2,success
MAT_109,Zr,0.4,0.6,Ru0.40Zr0.60Ox,2,data\vacancies\MAT_109_vacancy_site2.cif,-379.8575668950898,uma-s-1p2,success
MAT_110,Zr,0.2,0.8,Ru0.20Zr0.80Ox,0,data\vacancies\MAT_110_vacancy_site0.cif,-388.2843536336811,uma-s-1p2,success
MAT_110,Zr,0.2,0.8,Ru0.20Zr0.80Ox,1,data\vacancies\MAT_110_vacancy_site1.cif,-389.1732459448687,uma-s-1p2,success
MAT_110,Zr,0.2,0.8,Ru0.20Zr0.80Ox,2,data\vacancies\MAT_110_vacancy_site2.cif,-388.5361438207913,uma-s-1p2,success
MAT_112,Nb,0.8,0.1999999999999999,Ru0.80Nb0.20Ox,0,data\vacancies\MAT_112_vacancy_site0.cif,-353.82887736079357,uma-s-1p2,success
MAT_112,Nb,0.8,0.1999999999999999,Ru0.80Nb0.20Ox,1,data\vacancies\MAT_112_vacancy_site1.cif,-355.16767952584405,uma-s-1p2,success
MAT_112,Nb,0.8,0.1999999999999999,Ru0.80Nb0.20Ox,2,data\vacancies\MAT_112_vacancy_site2.cif,-354.3774526063869,uma-s-1p2,success
MAT_113,Nb,0.6,0.4,Ru0.60Nb0.40Ox,0,data\vacancies\MAT_113_vacancy_site0.cif,-362.7598842993001,uma-s-1p2,success
MAT_113,Nb,0.6,0.4,Ru0.60Nb0.40Ox,1,data\vacancies\MAT_113_vacancy_site1.cif,-364.21466056217616,uma-s-1p2,success
MAT_113,Nb,0.6,0.4,Ru0.60Nb0.40Ox,2,data\vacancies\MAT_113_vacancy_site2.cif,-363.29609111870883,uma-s-1p2,success
MAT_114,Nb,0.4,0.6,Ru0.40Nb0.60Ox,0,data\vacancies\MAT_114_vacancy_site0.cif,-380.45283467886674,uma-s-1p2,success
MAT_114,Nb,0.4,0.6,Ru0.40Nb0.60Ox,1,data\vacancies\MAT_114_vacancy_site1.cif,-381.9701925249875,uma-s-1p2,success
MAT_114,Nb,0.4,0.6,Ru0.40Nb0.60Ox,2,data\vacancies\MAT_114_vacancy_site2.cif,-380.5094985513154,uma-s-1p2,success
MAT_115,Nb,0.2,0.8,Ru0.20Nb0.80Ox,0,data\vacancies\MAT_115_vacancy_site0.cif,-386.9231527936763,uma-s-1p2,success
MAT_115,Nb,0.2,0.8,Ru0.20Nb0.80Ox,1,data\vacancies\MAT_115_vacancy_site1.cif,-387.3787002578355,uma-s-1p2,success
MAT_115,Nb,0.2,0.8,Ru0.20Nb0.80Ox,2,data\vacancies\MAT_115_vacancy_site2.cif,-386.94422149559233,uma-s-1p2,success
MAT_117,Mo,0.8,0.1999999999999999,Ru0.80Mo0.20Ox,0,data\vacancies\MAT_117_vacancy_site0.cif,-334.1210070941655,uma-s-1p2,success
MAT_117,Mo,0.8,0.1999999999999999,Ru0.80Mo0.20Ox,1,data\vacancies\MAT_117_vacancy_site1.cif,-335.165414247518,uma-s-1p2,success
MAT_117,Mo,0.8,0.1999999999999999,Ru0.80Mo0.20Ox,2,data\vacancies\MAT_117_vacancy_site2.cif,-334.33724139555375,uma-s-1p2,success
MAT_118,Mo,0.6,0.4,Ru0.60Mo0.40Ox,0,data\vacancies\MAT_118_vacancy_site0.cif,-333.1963696551418,uma-s-1p2,success
MAT_118,Mo,0.6,0.4,Ru0.60Mo0.40Ox,1,data\vacancies\MAT_118_vacancy_site1.cif,-334.3679671622012,uma-s-1p2,success
MAT_118,Mo,0.6,0.4,Ru0.60Mo0.40Ox,2,data\vacancies\MAT_118_vacancy_site2.cif,-333.37714558042745,uma-s-1p2,success
MAT_119,Mo,0.4,0.6,Ru0.40Mo0.60Ox,0,data\vacancies\MAT_119_vacancy_site0.cif,-331.8611737744922,uma-s-1p2,success
MAT_119,Mo,0.4,0.6,Ru0.40Mo0.60Ox,1,data\vacancies\MAT_119_vacancy_site1.cif,-333.1501620297438,uma-s-1p2,success
MAT_119,Mo,0.4,0.6,Ru0.40Mo0.60Ox,2,data\vacancies\MAT_119_vacancy_site2.cif,-331.8884657193449,uma-s-1p2,success
MAT_120,Mo,0.2,0.8,Ru0.20Mo0.80Ox,0,data\vacancies\MAT_120_vacancy_site0.cif,-331.02835078717834,uma-s-1p2,success
MAT_120,Mo,0.2,0.8,Ru0.20Mo0.80Ox,1,data\vacancies\MAT_120_vacancy_site1.cif,-331.744997008826,uma-s-1p2,success
MAT_120,Mo,0.2,0.8,Ru0.20Mo0.80Ox,2,data\vacancies\MAT_120_vacancy_site2.cif,-331.04813623860616,uma-s-1p2,success
MAT_122,Rh,0.8,0.1999999999999999,Ru0.80Rh0.20Ox,0,data\vacancies\MAT_122_vacancy_site0.cif,-327.0846424214214,uma-s-1p2,success
MAT_122,Rh,0.8,0.1999999999999999,Ru0.80Rh0.20Ox,1,data\vacancies\MAT_122_vacancy_site1.cif,-327.44085358497426,uma-s-1p2,success
MAT_122,Rh,0.8,0.1999999999999999,Ru0.80Rh0.20Ox,2,data\vacancies\MAT_122_vacancy_site2.cif,-326.6601811359131,uma-s-1p2,success
MAT_123,Rh,0.6,0.4,Ru0.60Rh0.40Ox,0,data\vacancies\MAT_123_vacancy_site0.cif,-321.7303635458129,uma-s-1p2,success
MAT_123,Rh,0.6,0.4,Ru0.60Rh0.40Ox,1,data\vacancies\MAT_123_vacancy_site1.cif,-322.36208694039703,uma-s-1p2,success
MAT_123,Rh,0.6,0.4,Ru0.60Rh0.40Ox,2,data\vacancies\MAT_123_vacancy_site2.cif,-321.3039738200432,uma-s-1p2,success
MAT_124,Rh,0.4,0.6,Ru0.40Rh0.60Ox,0,data\vacancies\MAT_124_vacancy_site0.cif,-311.3105115828156,uma-s-1p2,success
MAT_124,Rh,0.4,0.6,Ru0.40Rh0.60Ox,1,data\vacancies\MAT_124_vacancy_site1.cif,-312.0317881603133,uma-s-1p2,success
MAT_124,Rh,0.4,0.6,Ru0.40Rh0.60Ox,2,data\vacancies\MAT_124_vacancy_site2.cif,-311.2891781958633,uma-s-1p2,success
MAT_125,Rh,0.2,0.8,Ru0.20Rh0.80Ox,0,data\vacancies\MAT_125_vacancy_site0.cif,-306.65795749741096,uma-s-1p2,success
MAT_125,Rh,0.2,0.8,Ru0.20Rh0.80Ox,1,data\vacancies\MAT_125_vacancy_site1.cif,-307.9299737095957,uma-s-1p2,success
MAT_125,Rh,0.2,0.8,Ru0.20Rh0.80Ox,2,data\vacancies\MAT_125_vacancy_site2.cif,-306.6310112568923,uma-s-1p2,success
MAT_127,Pd,0.8,0.1999999999999999,Ru0.80Pd0.20Ox,0,data\vacancies\MAT_127_vacancy_site0.cif,-313.93697338067824,uma-s-1p2,success
MAT_127,Pd,0.8,0.1999999999999999,Ru0.80Pd0.20Ox,1,data\vacancies\MAT_127_vacancy_site1.cif,-313.6450908320948,uma-s-1p2,success
MAT_127,Pd,0.8,0.1999999999999999,Ru0.80Pd0.20Ox,2,data\vacancies\MAT_127_vacancy_site2.cif,-312.7728850741861,uma-s-1p2,success
MAT_128,Pd,0.6,0.4,Ru0.60Pd0.40Ox,0,data\vacancies\MAT_128_vacancy_site0.cif,-301.07311938696586,uma-s-1p2,success
MAT_128,Pd,0.6,0.4,Ru0.60Pd0.40Ox,1,data\vacancies\MAT_128_vacancy_site1.cif,-301.4231140641895,uma-s-1p2,success
MAT_128,Pd,0.6,0.4,Ru0.60Pd0.40Ox,2,data\vacancies\MAT_128_vacancy_site2.cif,-299.91595279114574,uma-s-1p2,success
MAT_129,Pd,0.4,0.6,Ru0.40Pd0.60Ox,0,data\vacancies\MAT_129_vacancy_site0.cif,-276.9422954380971,uma-s-1p2,success
MAT_129,Pd,0.4,0.6,Ru0.40Pd0.60Ox,1,data\vacancies\MAT_129_vacancy_site1.cif,-277.3986110757839,uma-s-1p2,success
MAT_129,Pd,0.4,0.6,Ru0.40Pd0.60Ox,2,data\vacancies\MAT_129_vacancy_site2.cif,-276.914319083652,uma-s-1p2,success
MAT_130,Pd,0.2,0.8,Ru0.20Pd0.80Ox,0,data\vacancies\MAT_130_vacancy_site0.cif,-266.3386245740127,uma-s-1p2,success
MAT_130,Pd,0.2,0.8,Ru0.20Pd0.80Ox,1,data\vacancies\MAT_130_vacancy_site1.cif,-267.8577217628739,uma-s-1p2,success
MAT_130,Pd,0.2,0.8,Ru0.20Pd0.80Ox,2,data\vacancies\MAT_130_vacancy_site2.cif,-266.27674484805567,uma-s-1p2,success
MAT_132,Ag,0.8,0.1999999999999999,Ru0.80Ag0.20Ox,0,data\vacancies\MAT_132_vacancy_site0.cif,-296.1826882123517,uma-s-1p2,success
MAT_132,Ag,0.8,0.1999999999999999,Ru0.80Ag0.20Ox,1,data\vacancies\MAT_132_vacancy_site1.cif,-294.970798322741,uma-s-1p2,success
MAT_132,Ag,0.8,0.1999999999999999,Ru0.80Ag0.20Ox,2,data\vacancies\MAT_132_vacancy_site2.cif,-294.1356686047485,uma-s-1p2,success
MAT_133,Ag,0.6,0.4,Ru0.60Ag0.40Ox,0,data\vacancies\MAT_133_vacancy_site0.cif,-273.38875950473584,uma-s-1p2,success
MAT_133,Ag,0.6,0.4,Ru0.60Ag0.40Ox,1,data\vacancies\MAT_133_vacancy_site1.cif,-273.42822621135537,uma-s-1p2,success
MAT_133,Ag,0.6,0.4,Ru0.60Ag0.40Ox,2,data\vacancies\MAT_133_vacancy_site2.cif,-271.3476030801316,uma-s-1p2,success
MAT_134,Ag,0.4,0.6,Ru0.40Ag0.60Ox,0,data\vacancies\MAT_134_vacancy_site0.cif,-231.2087655930408,uma-s-1p2,success
MAT_134,Ag,0.4,0.6,Ru0.40Ag0.60Ox,1,data\vacancies\MAT_134_vacancy_site1.cif,-231.29319643509336,uma-s-1p2,success
MAT_134,Ag,0.4,0.6,Ru0.40Ag0.60Ox,2,data\vacancies\MAT_134_vacancy_site2.cif,-231.33372634626818,uma-s-1p2,success
MAT_135,Ag,0.2,0.8,Ru0.20Ag0.80Ox,0,data\vacancies\MAT_135_vacancy_site0.cif,-212.99549662767387,uma-s-1p2,success
MAT_135,Ag,0.2,0.8,Ru0.20Ag0.80Ox,1,data\vacancies\MAT_135_vacancy_site1.cif,-214.7298640852678,uma-s-1p2,success
MAT_135,Ag,0.2,0.8,Ru0.20Ag0.80Ox,2,data\vacancies\MAT_135_vacancy_site2.cif,-213.06728486475964,uma-s-1p2,success
MAT_137,Cd,0.8,0.1999999999999999,Ru0.80Cd0.20Ox,0,data\vacancies\MAT_137_vacancy_site0.cif,-289.83688112275826,uma-s-1p2,success
MAT_137,Cd,0.8,0.1999999999999999,Ru0.80Cd0.20Ox,1,data\vacancies\MAT_137_vacancy_site1.cif,-288.33001588061006,uma-s-1p2,success
MAT_137,Cd,0.8,0.1999999999999999,Ru0.80Cd0.20Ox,2,data\vacancies\MAT_137_vacancy_site2.cif,-287.4769468598215,uma-s-1p2,success
MAT_138,Cd,0.6,0.4,Ru0.60Cd0.40Ox,0,data\vacancies\MAT_138_vacancy_site0.cif,-263.6026721733956,uma-s-1p2,success
MAT_138,Cd,0.6,0.4,Ru0.60Cd0.40Ox,1,data\vacancies\MAT_138_vacancy_site1.cif,-263.7110394685467,uma-s-1p2,success
MAT_138,Cd,0.6,0.4,Ru0.60Cd0.40Ox,2,data\vacancies\MAT_138_vacancy_site2.cif,-261.2732851553005,uma-s-1p2,success
MAT_139,Cd,0.4,0.6,Ru0.40Cd0.60Ox,0,data\vacancies\MAT_139_vacancy_site0.cif,-212.69206737432785,uma-s-1p2,success
MAT_139,Cd,0.4,0.6,Ru0.40Cd0.60Ox,1,data\vacancies\MAT_139_vacancy_site1.cif,-212.7539946340059,uma-s-1p2,success
MAT_139,Cd,0.4,0.6,Ru0.40Cd0.60Ox,2,data\vacancies\MAT_139_vacancy_site2.cif,-212.67120563007362,uma-s-1p2,success
MAT_140,Cd,0.2,0.8,Ru0.20Cd0.80Ox,0,data\vacancies\MAT_140_vacancy_site0.cif,-191.14715500176035,uma-s-1p2,success
MAT_140,Cd,0.2,0.8,Ru0.20Cd0.80Ox,1,data\vacancies\MAT_140_vacancy_site1.cif,-192.52626710704288,uma-s-1p2,success
MAT_140,Cd,0.2,0.8,Ru0.20Cd0.80Ox,2,data\vacancies\MAT_140_vacancy_site2.cif,-191.15024753325036,uma-s-1p2,success
MAT_142,In,0.8,0.1999999999999999,Ru0.80In0.20Ox,0,data\vacancies\MAT_142_vacancy_site0.cif,-306.5637931817681,uma-s-1p2,success
MAT_142,In,0.8,0.1999999999999999,Ru0.80In0.20Ox,1,data\vacancies\MAT_142_vacancy_site1.cif,-305.8044065634412,uma-s-1p2,success
MAT_142,In,0.8,0.1999999999999999,Ru0.80In0.20Ox,2,data\vacancies\MAT_142_vacancy_site2.cif,-304.8773085590597,uma-s-1p2,success
MAT_143,In,0.6,0.4,Ru0.60In0.40Ox,0,data\vacancies\MAT_143_vacancy_site0.cif,-289.28064246846174,uma-s-1p2,success
MAT_143,In,0.6,0.4,Ru0.60In0.40Ox,1,data\vacancies\MAT_143_vacancy_site1.cif,-289.7165959359027,uma-s-1p2,success
MAT_143,In,0.6,0.4,Ru0.60In0.40Ox,2,data\vacancies\MAT_143_vacancy_site2.cif,-287.576745935791,uma-s-1p2,success
MAT_144,In,0.4,0.6,Ru0.40In0.60Ox,0,data\vacancies\MAT_144_vacancy_site0.cif,-256.13706721090324,uma-s-1p2,success
MAT_144,In,0.4,0.6,Ru0.40In0.60Ox,1,data\vacancies\MAT_144_vacancy_site1.cif,-256.5039881272443,uma-s-1p2,success
MAT_144,In,0.4,0.6,Ru0.40In0.60Ox,2,data\vacancies\MAT_144_vacancy_site2.cif,-255.88177791351032,uma-s-1p2,success
MAT_145,In,0.2,0.8,Ru0.20In0.80Ox,0,data\vacancies\MAT_145_vacancy_site0.cif,-242.4429171911979,uma-s-1p2,success
MAT_145,In,0.2,0.8,Ru0.20In0.80Ox,1,data\vacancies\MAT_145_vacancy_site1.cif,-242.1460748577805,uma-s-1p2,success
MAT_145,In,0.2,0.8,Ru0.20In0.80Ox,2,data\vacancies\MAT_145_vacancy_site2.cif,-242.195280862881,uma-s-1p2,success
MAT_147,Sn,0.8,0.1999999999999999,Ru0.80Sn0.20Ox,0,data\vacancies\MAT_147_vacancy_site0.cif,-317.28064113324535,uma-s-1p2,success
MAT_147,Sn,0.8,0.1999999999999999,Ru0.80Sn0.20Ox,1,data\vacancies\MAT_147_vacancy_site1.cif,-316.32383187359164,uma-s-1p2,success
MAT_147,Sn,0.8,0.1999999999999999,Ru0.80Sn0.20Ox,2,data\vacancies\MAT_147_vacancy_site2.cif,-315.4233943474768,uma-s-1p2,success
MAT_148,Sn,0.6,0.4,Ru0.60Sn0.40Ox,0,data\vacancies\MAT_148_vacancy_site0.cif,-306.0035586346874,uma-s-1p2,success
MAT_148,Sn,0.6,0.4,Ru0.60Sn0.40Ox,1,data\vacancies\MAT_148_vacancy_site1.cif,-305.62345818430555,uma-s-1p2,success
MAT_148,Sn,0.6,0.4,Ru0.60Sn0.40Ox,2,data\vacancies\MAT_148_vacancy_site2.cif,-304.0884834428001,uma-s-1p2,success
MAT_149,Sn,0.4,0.6,Ru0.40Sn0.60Ox,0,data\vacancies\MAT_149_vacancy_site0.cif,-287.19240175246125,uma-s-1p2,success
MAT_149,Sn,0.4,0.6,Ru0.40Sn0.60Ox,1,data\vacancies\MAT_149_vacancy_site1.cif,-286.86997131162167,uma-s-1p2,success
MAT_149,Sn,0.4,0.6,Ru0.40Sn0.60Ox,2,data\vacancies\MAT_149_vacancy_site2.cif,-287.23015333064177,uma-s-1p2,success
MAT_150,Sn,0.2,0.8,Ru0.20Sn0.80Ox,0,data\vacancies\MAT_150_vacancy_site0.cif,-280.7474054663079,uma-s-1p2,success
MAT_150,Sn,0.2,0.8,Ru0.20Sn0.80Ox,1,data\vacancies\MAT_150_vacancy_site1.cif,-278.4958204884013,uma-s-1p2,success
MAT_150,Sn,0.2,0.8,Ru0.20Sn0.80Ox,2,data\vacancies\MAT_150_vacancy_site2.cif,-280.7884666473043,uma-s-1p2,success
MAT_152,Ba,0.8,0.1999999999999999,Ru0.80Ba0.20Ox,0,data\vacancies\MAT_152_vacancy_site0.cif,-277.9983247264297,uma-s-1p2,success
MAT_152,Ba,0.8,0.1999999999999999,Ru0.80Ba0.20Ox,1,data\vacancies\MAT_152_vacancy_site1.cif,-273.63151981738633,uma-s-1p2,success
MAT_152,Ba,0.8,0.1999999999999999,Ru0.80Ba0.20Ox,2,data\vacancies\MAT_152_vacancy_site2.cif,-272.65541053218215,uma-s-1p2,success
MAT_153,Ba,0.6,0.4,Ru0.60Ba0.40Ox,0,data\vacancies\MAT_153_vacancy_site0.cif,-242.7199263273527,uma-s-1p2,success
MAT_153,Ba,0.6,0.4,Ru0.60Ba0.40Ox,1,data\vacancies\MAT_153_vacancy_site1.cif,-241.32940428927276,uma-s-1p2,success
MAT_153,Ba,0.6,0.4,Ru0.60Ba0.40Ox,2,data\vacancies\MAT_153_vacancy_site2.cif,-237.33852038769749,uma-s-1p2,success
MAT_154,Ba,0.4,0.6,Ru0.40Ba0.60Ox,0,data\vacancies\MAT_154_vacancy_site0.cif,-178.1335138073743,uma-s-1p2,success
MAT_154,Ba,0.4,0.6,Ru0.40Ba0.60Ox,1,data\vacancies\MAT_154_vacancy_site1.cif,-176.9921876116062,uma-s-1p2,success
MAT_154,Ba,0.4,0.6,Ru0.40Ba0.60Ox,2,data\vacancies\MAT_154_vacancy_site2.cif,-178.18654520215745,uma-s-1p2,success
MAT_155,Ba,0.2,0.8,Ru0.20Ba0.80Ox,0,data\vacancies\MAT_155_vacancy_site0.cif,-155.07458734914223,uma-s-1p2,success
MAT_155,Ba,0.2,0.8,Ru0.20Ba0.80Ox,1,data\vacancies\MAT_155_vacancy_site1.cif,-152.87598721466804,uma-s-1p2,success
MAT_155,Ba,0.2,0.8,Ru0.20Ba0.80Ox,2,data\vacancies\MAT_155_vacancy_site2.cif,-155.32059229295794,uma-s-1p2,success
MAT_157,La,0.8,0.1999999999999999,Ru0.80La0.20Ox,0,data\vacancies\MAT_157_vacancy_site0.cif,-252.72066137880273,uma-s-1p2,success
MAT_157,La,0.8,0.1999999999999999,Ru0.80La0.20Ox,1,data\vacancies\MAT_157_vacancy_site1.cif,-250.64495347079932,uma-s-1p2,success
MAT_157,La,0.8,0.1999999999999999,Ru0.80La0.20Ox,2,data\vacancies\MAT_157_vacancy_site2.cif,-249.7130593249673,uma-s-1p2,success
MAT_158,La,0.6,0.4,Ru0.60La0.40Ox,0,data\vacancies\MAT_158_vacancy_site0.cif,-207.04781505257023,uma-s-1p2,success
MAT_158,La,0.6,0.4,Ru0.60La0.40Ox,1,data\vacancies\MAT_158_vacancy_site1.cif,-207.49224720501374,uma-s-1p2,success
MAT_158,La,0.6,0.4,Ru0.60La0.40Ox,2,data\vacancies\MAT_158_vacancy_site2.cif,-203.96801945018893,uma-s-1p2,success
MAT_159,La,0.4,0.6,Ru0.40La0.60Ox,0,data\vacancies\MAT_159_vacancy_site0.cif,-118.66847913726772,uma-s-1p2,success
MAT_159,La,0.4,0.6,Ru0.40La0.60Ox,1,data\vacancies\MAT_159_vacancy_site1.cif,-119.24747761408443,uma-s-1p2,success
MAT_159,La,0.4,0.6,Ru0.40La0.60Ox,2,data\vacancies\MAT_159_vacancy_site2.cif,-118.79091288430166,uma-s-1p2,success
MAT_160,La,0.2,0.8,Ru0.20La0.80Ox,0,data\vacancies\MAT_160_vacancy_site0.cif,-79.03073296052531,uma-s-1p2,success
MAT_160,La,0.2,0.8,Ru0.20La0.80Ox,1,data\vacancies\MAT_160_vacancy_site1.cif,-78.32427092109145,uma-s-1p2,success
MAT_160,La,0.2,0.8,Ru0.20La0.80Ox,2,data\vacancies\MAT_160_vacancy_site2.cif,-79.26321201105276,uma-s-1p2,success
MAT_162,Ce,0.8,0.1999999999999999,Ru0.80Ce0.20Ox,0,data\vacancies\MAT_162_vacancy_site0.cif,-332.70791644376305,uma-s-1p2,success
MAT_162,Ce,0.8,0.1999999999999999,Ru0.80Ce0.20Ox,1,data\vacancies\MAT_162_vacancy_site1.cif,-332.44754580259354,uma-s-1p2,success
MAT_162,Ce,0.8,0.1999999999999999,Ru0.80Ce0.20Ox,2,data\vacancies\MAT_162_vacancy_site2.cif,-331.57167849086017,uma-s-1p2,success
MAT_163,Ce,0.6,0.4,Ru0.60Ce0.40Ox,0,data\vacancies\MAT_163_vacancy_site0.cif,-328.2987255023491,uma-s-1p2,success
MAT_163,Ce,0.6,0.4,Ru0.60Ce0.40Ox,1,data\vacancies\MAT_163_vacancy_site1.cif,-329.9687488095258,uma-s-1p2,success
MAT_163,Ce,0.6,0.4,Ru0.60Ce0.40Ox,2,data\vacancies\MAT_163_vacancy_site2.cif,-327.03144810418763,uma-s-1p2,success
MAT_164,Ce,0.4,0.6,Ru0.40Ce0.60Ox,0,data\vacancies\MAT_164_vacancy_site0.cif,-320.87492655617416,uma-s-1p2,success
MAT_164,Ce,0.4,0.6,Ru0.40Ce0.60Ox,1,data\vacancies\MAT_164_vacancy_site1.cif,-322.70348989090195,uma-s-1p2,success
MAT_164,Ce,0.4,0.6,Ru0.40Ce0.60Ox,2,data\vacancies\MAT_164_vacancy_site2.cif,-321.13846414400376,uma-s-1p2,success
MAT_165,Ce,0.2,0.8,Ru0.20Ce0.80Ox,0,data\vacancies\MAT_165_vacancy_site0.cif,-317.9765633809762,uma-s-1p2,success
MAT_165,Ce,0.2,0.8,Ru0.20Ce0.80Ox,1,data\vacancies\MAT_165_vacancy_site1.cif,-318.36150237220784,uma-s-1p2,success
MAT_165,Ce,0.2,0.8,Ru0.20Ce0.80Ox,2,data\vacancies\MAT_165_vacancy_site2.cif,-318.30565035001734,uma-s-1p2,success
MAT_167,Pr,0.8,0.1999999999999999,Ru0.80Pr0.20Ox,0,data\vacancies\MAT_167_vacancy_site0.cif,-291.06199816844804,uma-s-1p2,success
MAT_167,Pr,0.8,0.1999999999999999,Ru0.80Pr0.20Ox,1,data\vacancies\MAT_167_vacancy_site1.cif,-288.8469397430426,uma-s-1p2,success
MAT_167,Pr,0.8,0.1999999999999999,Ru0.80Pr0.20Ox,2,data\vacancies\MAT_167_vacancy_site2.cif,-287.8472883876436,uma-s-1p2,success
MAT_168,Pr,0.6,0.4,Ru0.60Pr0.40Ox,0,data\vacancies\MAT_168_vacancy_site0.cif,-264.51107543101534,uma-s-1p2,success
MAT_168,Pr,0.6,0.4,Ru0.60Pr0.40Ox,1,data\vacancies\MAT_168_vacancy_site1.cif,-264.8544364345185,uma-s-1p2,success
MAT_168,Pr,0.6,0.4,Ru0.60Pr0.40Ox,2,data\vacancies\MAT_168_vacancy_site2.cif,-261.294974883925,uma-s-1p2,success
MAT_169,Pr,0.4,0.6,Ru0.40Pr0.60Ox,0,data\vacancies\MAT_169_vacancy_site0.cif,-214.5537164031516,uma-s-1p2,success
MAT_169,Pr,0.4,0.6,Ru0.40Pr0.60Ox,1,data\vacancies\MAT_169_vacancy_site1.cif,-214.98053338248297,uma-s-1p2,success
MAT_169,Pr,0.4,0.6,Ru0.40Pr0.60Ox,2,data\vacancies\MAT_169_vacancy_site2.cif,-214.66098415354782,uma-s-1p2,success
MAT_170,Pr,0.2,0.8,Ru0.20Pr0.80Ox,0,data\vacancies\MAT_170_vacancy_site0.cif,-194.5441595097102,uma-s-1p2,success
MAT_170,Pr,0.2,0.8,Ru0.20Pr0.80Ox,1,data\vacancies\MAT_170_vacancy_site1.cif,-193.29352943250996,uma-s-1p2,success
MAT_170,Pr,0.2,0.8,Ru0.20Pr0.80Ox,2,data\vacancies\MAT_170_vacancy_site2.cif,-194.7248945953906,uma-s-1p2,success
MAT_172,Nd,0.8,0.1999999999999999,Ru0.80Nd0.20Ox,0,data\vacancies\MAT_172_vacancy_site0.cif,-292.0794046361351,uma-s-1p2,success
MAT_172,Nd,0.8,0.1999999999999999,Ru0.80Nd0.20Ox,1,data\vacancies\MAT_172_vacancy_site1.cif,-290.24054095703804,uma-s-1p2,success
MAT_172,Nd,0.8,0.1999999999999999,Ru0.80Nd0.20Ox,2,data\vacancies\MAT_172_vacancy_site2.cif,-289.242342109769,uma-s-1p2,success
MAT_173,Nd,0.6,0.4,Ru0.60Nd0.40Ox,0,data\vacancies\MAT_173_vacancy_site0.cif,-266.3207090902628,uma-s-1p2,success
MAT_173,Nd,0.6,0.4,Ru0.60Nd0.40Ox,1,data\vacancies\MAT_173_vacancy_site1.cif,-266.94076350376866,uma-s-1p2,success
MAT_173,Nd,0.6,0.4,Ru0.60Nd0.40Ox,2,data\vacancies\MAT_173_vacancy_site2.cif,-263.4760744341422,uma-s-1p2,success
MAT_174,Nd,0.4,0.6,Ru0.40Nd0.60Ox,0,data\vacancies\MAT_174_vacancy_site0.cif,-217.9764337237168,uma-s-1p2,success
MAT_174,Nd,0.4,0.6,Ru0.40Nd0.60Ox,1,data\vacancies\MAT_174_vacancy_site1.cif,-218.65163989191547,uma-s-1p2,success
MAT_174,Nd,0.4,0.6,Ru0.40Nd0.60Ox,2,data\vacancies\MAT_174_vacancy_site2.cif,-218.0102148613753,uma-s-1p2,success
MAT_175,Nd,0.2,0.8,Ru0.20Nd0.80Ox,0,data\vacancies\MAT_175_vacancy_site0.cif,-198.43390785883622,uma-s-1p2,success
MAT_175,Nd,0.2,0.8,Ru0.20Nd0.80Ox,1,data\vacancies\MAT_175_vacancy_site1.cif,-197.32446089196048,uma-s-1p2,success
MAT_175,Nd,0.2,0.8,Ru0.20Nd0.80Ox,2,data\vacancies\MAT_175_vacancy_site2.cif,-198.51863578664506,uma-s-1p2,success
MAT_177,Sm,0.8,0.1999999999999999,Ru0.80Sm0.20Ox,0,data\vacancies\MAT_177_vacancy_site0.cif,-291.0880709452589,uma-s-1p2,success
MAT_177,Sm,0.8,0.1999999999999999,Ru0.80Sm0.20Ox,1,data\vacancies\MAT_177_vacancy_site1.cif,-289.80632525579585,uma-s-1p2,success
MAT_177,Sm,0.8,0.1999999999999999,Ru0.80Sm0.20Ox,2,data\vacancies\MAT_177_vacancy_site2.cif,-288.8176755146314,uma-s-1p2,success
MAT_178,Sm,0.6,0.4,Ru0.60Sm0.40Ox,0,data\vacancies\MAT_178_vacancy_site0.cif,-265.4181936535062,uma-s-1p2,success
MAT_178,Sm,0.6,0.4,Ru0.60Sm0.40Ox,1,data\vacancies\MAT_178_vacancy_site1.cif,-266.3013217636197,uma-s-1p2,success
MAT_178,Sm,0.6,0.4,Ru0.60Sm0.40Ox,2,data\vacancies\MAT_178_vacancy_site2.cif,-263.12949830521836,uma-s-1p2,success
MAT_179,Sm,0.4,0.6,Ru0.40Sm0.60Ox,0,data\vacancies\MAT_179_vacancy_site0.cif,-216.70444802562665,uma-s-1p2,success
MAT_179,Sm,0.4,0.6,Ru0.40Sm0.60Ox,1,data\vacancies\MAT_179_vacancy_site1.cif,-217.65742458156387,uma-s-1p2,success
MAT_179,Sm,0.4,0.6,Ru0.40Sm0.60Ox,2,data\vacancies\MAT_179_vacancy_site2.cif,-216.64832447930328,uma-s-1p2,success
MAT_180,Sm,0.2,0.8,Ru0.20Sm0.80Ox,0,data\vacancies\MAT_180_vacancy_site0.cif,-196.1068090482293,uma-s-1p2,success
MAT_180,Sm,0.2,0.8,Ru0.20Sm0.80Ox,1,data\vacancies\MAT_180_vacancy_site1.cif,-195.16573599989044,uma-s-1p2,success
MAT_180,Sm,0.2,0.8,Ru0.20Sm0.80Ox,2,data\vacancies\MAT_180_vacancy_site2.cif,-196.09169520470238,uma-s-1p2,success
MAT_182,Gd,0.8,0.1999999999999999,Ru0.80Gd0.20Ox,0,data\vacancies\MAT_182_vacancy_site0.cif,-316.2622298204658,uma-s-1p2,success
MAT_182,Gd,0.8,0.1999999999999999,Ru0.80Gd0.20Ox,1,data\vacancies\MAT_182_vacancy_site1.cif,-315.50989804272507,uma-s-1p2,success
MAT_182,Gd,0.8,0.1999999999999999,Ru0.80Gd0.20Ox,2,data\vacancies\MAT_182_vacancy_site2.cif,-314.5693018463961,uma-s-1p2,success
MAT_183,Gd,0.6,0.4,Ru0.60Gd0.40Ox,0,data\vacancies\MAT_183_vacancy_site0.cif,-303.22275394742104,uma-s-1p2,success
MAT_183,Gd,0.6,0.4,Ru0.60Gd0.40Ox,1,data\vacancies\MAT_183_vacancy_site1.cif,-304.4730387102358,uma-s-1p2,success
MAT_183,Gd,0.6,0.4,Ru0.60Gd0.40Ox,2,data\vacancies\MAT_183_vacancy_site2.cif,-301.5102500167502,uma-s-1p2,success
MAT_184,Gd,0.4,0.6,Ru0.40Gd0.60Ox,0,data\vacancies\MAT_184_vacancy_site0.cif,-279.96679243658616,uma-s-1p2,success
MAT_184,Gd,0.4,0.6,Ru0.40Gd0.60Ox,1,data\vacancies\MAT_184_vacancy_site1.cif,-281.22254139760406,uma-s-1p2,success
MAT_184,Gd,0.4,0.6,Ru0.40Gd0.60Ox,2,data\vacancies\MAT_184_vacancy_site2.cif,-279.8505068174112,uma-s-1p2,success
MAT_185,Gd,0.2,0.8,Ru0.20Gd0.80Ox,0,data\vacancies\MAT_185_vacancy_site0.cif,-273.22940054312744,uma-s-1p2,success
MAT_185,Gd,0.2,0.8,Ru0.20Gd0.80Ox,1,data\vacancies\MAT_185_vacancy_site1.cif,-272.87220402723534,uma-s-1p2,success
MAT_185,Gd,0.2,0.8,Ru0.20Gd0.80Ox,2,data\vacancies\MAT_185_vacancy_site2.cif,-273.11426391217617,uma-s-1p2,success
MAT_187,Tb,0.8,0.1999999999999999,Ru0.80Tb0.20Ox,0,data\vacancies\MAT_187_vacancy_site0.cif,-302.2012684717007,uma-s-1p2,success
MAT_187,Tb,0.8,0.1999999999999999,Ru0.80Tb0.20Ox,1,data\vacancies\MAT_187_vacancy_site1.cif,-301.672208268255,uma-s-1p2,success
MAT_187,Tb,0.8,0.1999999999999999,Ru0.80Tb0.20Ox,2,data\vacancies\MAT_187_vacancy_site2.cif,-300.68585489375056,uma-s-1p2,success
MAT_188,Tb,0.6,0.4,Ru0.60Tb0.40Ox,0,data\vacancies\MAT_188_vacancy_site0.cif,-282.59910180251285,uma-s-1p2,success
MAT_188,Tb,0.6,0.4,Ru0.60Tb0.40Ox,1,data\vacancies\MAT_188_vacancy_site1.cif,-284.03572305608674,uma-s-1p2,success
MAT_188,Tb,0.6,0.4,Ru0.60Tb0.40Ox,2,data\vacancies\MAT_188_vacancy_site2.cif,-281.0485238271268,uma-s-1p2,success
MAT_189,Tb,0.4,0.6,Ru0.40Tb0.60Ox,0,data\vacancies\MAT_189_vacancy_site0.cif,-245.67183542348468,uma-s-1p2,success
MAT_189,Tb,0.4,0.6,Ru0.40Tb0.60Ox,1,data\vacancies\MAT_189_vacancy_site1.cif,-247.10460148131318,uma-s-1p2,success
MAT_189,Tb,0.4,0.6,Ru0.40Tb0.60Ox,2,data\vacancies\MAT_189_vacancy_site2.cif,-245.43483345041565,uma-s-1p2,success
MAT_190,Tb,0.2,0.8,Ru0.20Tb0.80Ox,0,data\vacancies\MAT_190_vacancy_site0.cif,-230.26062800178812,uma-s-1p2,success
MAT_190,Tb,0.2,0.8,Ru0.20Tb0.80Ox,1,data\vacancies\MAT_190_vacancy_site1.cif,-229.5827273095244,uma-s-1p2,success
MAT_190,Tb,0.2,0.8,Ru0.20Tb0.80Ox,2,data\vacancies\MAT_190_vacancy_site2.cif,-230.0261049012708,uma-s-1p2,success
MAT_192,Dy,0.8,0.1999999999999999,Ru0.80Dy0.20Ox,0,data\vacancies\MAT_192_vacancy_site0.cif,-299.8748936848245,uma-s-1p2,success
MAT_192,Dy,0.8,0.1999999999999999,Ru0.80Dy0.20Ox,1,data\vacancies\MAT_192_vacancy_site1.cif,-299.45910191911025,uma-s-1p2,success
MAT_192,Dy,0.8,0.1999999999999999,Ru0.80Dy0.20Ox,2,data\vacancies\MAT_192_vacancy_site2.cif,-298.479990075531,uma-s-1p2,success
MAT_193,Dy,0.6,0.4,Ru0.60Dy0.40Ox,0,data\vacancies\MAT_193_vacancy_site0.cif,-279.2379532193202,uma-s-1p2,success
MAT_193,Dy,0.6,0.4,Ru0.60Dy0.40Ox,1,data\vacancies\MAT_193_vacancy_site1.cif,-280.6897520480024,uma-s-1p2,success
MAT_193,Dy,0.6,0.4,Ru0.60Dy0.40Ox,2,data\vacancies\MAT_193_vacancy_site2.cif,-277.82935177445137,uma-s-1p2,success
MAT_194,Dy,0.4,0.6,Ru0.40Dy0.60Ox,0,data\vacancies\MAT_194_vacancy_site0.cif,-240.02522358418042,uma-s-1p2,success
MAT_194,Dy,0.4,0.6,Ru0.40Dy0.60Ox,1,data\vacancies\MAT_194_vacancy_site1.cif,-241.50581056507275,uma-s-1p2,success
MAT_194,Dy,0.4,0.6,Ru0.40Dy0.60Ox,2,data\vacancies\MAT_194_vacancy_site2.cif,-239.75968186108838,uma-s-1p2,success
MAT_195,Dy,0.2,0.8,Ru0.20Dy0.80Ox,0,data\vacancies\MAT_195_vacancy_site0.cif,-223.1722368448286,uma-s-1p2,success
MAT_195,Dy,0.2,0.8,Ru0.20Dy0.80Ox,1,data\vacancies\MAT_195_vacancy_site1.cif,-222.65058651257115,uma-s-1p2,success
MAT_195,Dy,0.2,0.8,Ru0.20Dy0.80Ox,2,data\vacancies\MAT_195_vacancy_site2.cif,-222.9059449408322,uma-s-1p2,success
MAT_197,Ho,0.8,0.1999999999999999,Ru0.80Ho0.20Ox,0,data\vacancies\MAT_197_vacancy_site0.cif,-300.97865875346054,uma-s-1p2,success
MAT_197,Ho,0.8,0.1999999999999999,Ru0.80Ho0.20Ox,1,data\vacancies\MAT_197_vacancy_site1.cif,-300.75921216390157,uma-s-1p2,success
MAT_197,Ho,0.8,0.1999999999999999,Ru0.80Ho0.20Ox,2,data\vacancies\MAT_197_vacancy_site2.cif,-299.7838524846777,uma-s-1p2,success
MAT_198,Ho,0.6,0.4,Ru0.60Ho0.40Ox,0,data\vacancies\MAT_198_vacancy_site0.cif,-281.03693044155426,uma-s-1p2,success
MAT_198,Ho,0.6,0.4,Ru0.60Ho0.40Ox,1,data\vacancies\MAT_198_vacancy_site1.cif,-282.6081916447758,uma-s-1p2,success
MAT_198,Ho,0.6,0.4,Ru0.60Ho0.40Ox,2,data\vacancies\MAT_198_vacancy_site2.cif,-279.8243198071508,uma-s-1p2,success
MAT_199,Ho,0.4,0.6,Ru0.40Ho0.60Ox,0,data\vacancies\MAT_199_vacancy_site0.cif,-243.06173675449844,uma-s-1p2,success
MAT_199,Ho,0.4,0.6,Ru0.40Ho0.60Ox,1,data\vacancies\MAT_199_vacancy_site1.cif,-244.6779061255461,uma-s-1p2,success
MAT_199,Ho,0.4,0.6,Ru0.40Ho0.60Ox,2,data\vacancies\MAT_199_vacancy_site2.cif,-242.76038298202255,uma-s-1p2,success
MAT_200,Ho,0.2,0.8,Ru0.20Ho0.80Ox,0,data\vacancies\MAT_200_vacancy_site0.cif,-226.62220392778414,uma-s-1p2,success
MAT_200,Ho,0.2,0.8,Ru0.20Ho0.80Ox,1,data\vacancies\MAT_200_vacancy_site1.cif,-226.18380727807693,uma-s-1p2,success
MAT_200,Ho,0.2,0.8,Ru0.20Ho0.80Ox,2,data\vacancies\MAT_200_vacancy_site2.cif,-226.31851074433428,uma-s-1p2,success
MAT_202,Er,0.8,0.1999999999999999,Ru0.80Er0.20Ox,0,data\vacancies\MAT_202_vacancy_site0.cif,-302.56251085294923,uma-s-1p2,success
MAT_202,Er,0.8,0.1999999999999999,Ru0.80Er0.20Ox,1,data\vacancies\MAT_202_vacancy_site1.cif,-302.5286858385867,uma-s-1p2,success
MAT_202,Er,0.8,0.1999999999999999,Ru0.80Er0.20Ox,2,data\vacancies\MAT_202_vacancy_site2.cif,-301.5616708695628,uma-s-1p2,success
MAT_203,Er,0.6,0.4,Ru0.60Er0.40Ox,0,data\vacancies\MAT_203_vacancy_site0.cif,-283.5723226989571,uma-s-1p2,success
MAT_203,Er,0.6,0.4,Ru0.60Er0.40Ox,1,data\vacancies\MAT_203_vacancy_site1.cif,-285.20751763181073,uma-s-1p2,success
MAT_203,Er,0.6,0.4,Ru0.60Er0.40Ox,2,data\vacancies\MAT_203_vacancy_site2.cif,-282.55789253577444,uma-s-1p2,success
MAT_204,Er,0.4,0.6,Ru0.40Er0.60Ox,0,data\vacancies\MAT_204_vacancy_site0.cif,-247.1238874982083,uma-s-1p2,success
MAT_204,Er,0.4,0.6,Ru0.40Er0.60Ox,1,data\vacancies\MAT_204_vacancy_site1.cif,-248.83226678872617,uma-s-1p2,success
MAT_204,Er,0.4,0.6,Ru0.40Er0.60Ox,2,data\vacancies\MAT_204_vacancy_site2.cif,-246.7984013535139,uma-s-1p2,success
MAT_205,Er,0.2,0.8,Ru0.20Er0.80Ox,0,data\vacancies\MAT_205_vacancy_site0.cif,-231.1991414976258,uma-s-1p2,success
MAT_205,Er,0.2,0.8,Ru0.20Er0.80Ox,1,data\vacancies\MAT_205_vacancy_site1.cif,-230.78188399552903,uma-s-1p2,success
MAT_205,Er,0.2,0.8,Ru0.20Er0.80Ox,2,data\vacancies\MAT_205_vacancy_site2.cif,-230.86820243323842,uma-s-1p2,success
MAT_207,Yb,0.8,0.1999999999999999,Ru0.80Yb0.20Ox,0,data\vacancies\MAT_207_vacancy_site0.cif,-297.48133914817885,uma-s-1p2,success
MAT_207,Yb,0.8,0.1999999999999999,Ru0.80Yb0.20Ox,1,data\vacancies\MAT_207_vacancy_site1.cif,-297.7430354817301,uma-s-1p2,success
MAT_207,Yb,0.8,0.1999999999999999,Ru0.80Yb0.20Ox,2,data\vacancies\MAT_207_vacancy_site2.cif,-296.7763297893522,uma-s-1p2,success
MAT_208,Yb,0.6,0.4,Ru0.60Yb0.40Ox,0,data\vacancies\MAT_208_vacancy_site0.cif,-276.22836387204615,uma-s-1p2,success
MAT_208,Yb,0.6,0.4,Ru0.60Yb0.40Ox,1,data\vacancies\MAT_208_vacancy_site1.cif,-277.86227030510497,uma-s-1p2,success
MAT_208,Yb,0.6,0.4,Ru0.60Yb0.40Ox,2,data\vacancies\MAT_208_vacancy_site2.cif,-275.4493347184128,uma-s-1p2,success
MAT_209,Yb,0.4,0.6,Ru0.40Yb0.60Ox,0,data\vacancies\MAT_209_vacancy_site0.cif,-234.6413011386921,uma-s-1p2,success
MAT_209,Yb,0.4,0.6,Ru0.40Yb0.60Ox,1,data\vacancies\MAT_209_vacancy_site1.cif,-236.2684073900254,uma-s-1p2,success
MAT_209,Yb,0.4,0.6,Ru0.40Yb0.60Ox,2,data\vacancies\MAT_209_vacancy_site2.cif,-234.20171777074523,uma-s-1p2,success
MAT_210,Yb,0.2,0.8,Ru0.20Yb0.80Ox,0,data\vacancies\MAT_210_vacancy_site0.cif,-215.5893550186705,uma-s-1p2,success
MAT_210,Yb,0.2,0.8,Ru0.20Yb0.80Ox,1,data\vacancies\MAT_210_vacancy_site1.cif,-215.31433815720305,uma-s-1p2,success
MAT_210,Yb,0.2,0.8,Ru0.20Yb0.80Ox,2,data\vacancies\MAT_210_vacancy_site2.cif,-215.17180775484997,uma-s-1p2,success
MAT_212,Hf,0.8,0.1999999999999999,Ru0.80Hf0.20Ox,0,data\vacancies\MAT_212_vacancy_site0.cif,-360.7066580466104,uma-s-1p2,success
MAT_212,Hf,0.8,0.1999999999999999,Ru0.80Hf0.20Ox,1,data\vacancies\MAT_212_vacancy_site1.cif,-362.5718491804651,uma-s-1p2,success
MAT_212,Hf,0.8,0.1999999999999999,Ru0.80Hf0.20Ox,2,data\vacancies\MAT_212_vacancy_site2.cif,-361.67180345009575,uma-s-1p2,success
MAT_213,Hf,0.6,0.4,Ru0.60Hf0.40Ox,0,data\vacancies\MAT_213_vacancy_site0.cif,-372.7037924521319,uma-s-1p2,success
MAT_213,Hf,0.6,0.4,Ru0.60Hf0.40Ox,1,data\vacancies\MAT_213_vacancy_site1.cif,-375.1752254390716,uma-s-1p2,success
MAT_213,Hf,0.6,0.4,Ru0.60Hf0.40Ox,2,data\vacancies\MAT_213_vacancy_site2.cif,-373.6540514470471,uma-s-1p2,success
MAT_214,Hf,0.4,0.6,Ru0.40Hf0.60Ox,0,data\vacancies\MAT_214_vacancy_site0.cif,-399.50922495816394,uma-s-1p2,success
MAT_214,Hf,0.4,0.6,Ru0.40Hf0.60Ox,1,data\vacancies\MAT_214_vacancy_site1.cif,-402.21667326600516,uma-s-1p2,success
MAT_214,Hf,0.4,0.6,Ru0.40Hf0.60Ox,2,data\vacancies\MAT_214_vacancy_site2.cif,-399.6907671547285,uma-s-1p2,success
MAT_215,Hf,0.2,0.8,Ru0.20Hf0.80Ox,0,data\vacancies\MAT_215_vacancy_site0.cif,-412.0044016544625,uma-s-1p2,success
MAT_215,Hf,0.2,0.8,Ru0.20Hf0.80Ox,1,data\vacancies\MAT_215_vacancy_site1.cif,-412.82824888032326,uma-s-1p2,success
MAT_215,Hf,0.2,0.8,Ru0.20Hf0.80Ox,2,data\vacancies\MAT_215_vacancy_site2.cif,-412.13953535138825,uma-s-1p2,success
MAT_217,Ta,0.8,0.1999999999999999,Ru0.80Ta0.20Ox,0,data\vacancies\MAT_217_vacancy_site0.cif,-363.8142138303973,uma-s-1p2,success
MAT_217,Ta,0.8,0.1999999999999999,Ru0.80Ta0.20Ox,1,data\vacancies\MAT_217_vacancy_site1.cif,-365.5549986352876,uma-s-1p2,success
MAT_217,Ta,0.8,0.1999999999999999,Ru0.80Ta0.20Ox,2,data\vacancies\MAT_217_vacancy_site2.cif,-364.752854355062,uma-s-1p2,success
MAT_218,Ta,0.6,0.4,Ru0.60Ta0.40Ox,0,data\vacancies\MAT_218_vacancy_site0.cif,-378.2442101708794,uma-s-1p2,success
MAT_218,Ta,0.6,0.4,Ru0.60Ta0.40Ox,1,data\vacancies\MAT_218_vacancy_site1.cif,-379.86312449183106,uma-s-1p2,success
MAT_218,Ta,0.6,0.4,Ru0.60Ta0.40Ox,2,data\vacancies\MAT_218_vacancy_site2.cif,-379.14126680109587,uma-s-1p2,success
MAT_219,Ta,0.4,0.6,Ru0.40Ta0.60Ox,0,data\vacancies\MAT_219_vacancy_site0.cif,-405.578067500193,uma-s-1p2,success
MAT_219,Ta,0.4,0.6,Ru0.40Ta0.60Ox,1,data\vacancies\MAT_219_vacancy_site1.cif,-407.19097461966993,uma-s-1p2,success
MAT_219,Ta,0.4,0.6,Ru0.40Ta0.60Ox,2,data\vacancies\MAT_219_vacancy_site2.cif,-405.5964314343971,uma-s-1p2,success
MAT_220,Ta,0.2,0.8,Ru0.20Ta0.80Ox,0,data\vacancies\MAT_220_vacancy_site0.cif,-415.54218376153125,uma-s-1p2,success
MAT_220,Ta,0.2,0.8,Ru0.20Ta0.80Ox,1,data\vacancies\MAT_220_vacancy_site1.cif,-415.9673336785743,uma-s-1p2,success
MAT_220,Ta,0.2,0.8,Ru0.20Ta0.80Ox,2,data\vacancies\MAT_220_vacancy_site2.cif,-415.4756108130285,uma-s-1p2,success
MAT_222,W,0.8,0.1999999999999999,Ru0.80W0.20Ox,0,data\vacancies\MAT_222_vacancy_site0.cif,-335.892355027808,uma-s-1p2,success
MAT_222,W,0.8,0.1999999999999999,Ru0.80W0.20Ox,1,data\vacancies\MAT_222_vacancy_site1.cif,-337.0293241966204,uma-s-1p2,success
MAT_222,W,0.8,0.1999999999999999,Ru0.80W0.20Ox,2,data\vacancies\MAT_222_vacancy_site2.cif,-336.21496320766903,uma-s-1p2,success
MAT_223,W,0.6,0.4,Ru0.60W0.40Ox,0,data\vacancies\MAT_223_vacancy_site0.cif,-336.4931763978075,uma-s-1p2,success
MAT_223,W,0.6,0.4,Ru0.60W0.40Ox,1,data\vacancies\MAT_223_vacancy_site1.cif,-337.38500645093205,uma-s-1p2,success
MAT_223,W,0.6,0.4,Ru0.60W0.40Ox,2,data\vacancies\MAT_223_vacancy_site2.cif,-336.7515731722162,uma-s-1p2,success
MAT_224,W,0.4,0.6,Ru0.40W0.60Ox,0,data\vacancies\MAT_224_vacancy_site0.cif,-335.89738861556935,uma-s-1p2,success
MAT_224,W,0.4,0.6,Ru0.40W0.60Ox,1,data\vacancies\MAT_224_vacancy_site1.cif,-336.76337055561737,uma-s-1p2,success
MAT_224,W,0.4,0.6,Ru0.40W0.60Ox,2,data\vacancies\MAT_224_vacancy_site2.cif,-335.85800871248347,uma-s-1p2,success
MAT_225,W,0.2,0.8,Ru0.20W0.80Ox,0,data\vacancies\MAT_225_vacancy_site0.cif,-334.17802675669316,uma-s-1p2,success
MAT_225,W,0.2,0.8,Ru0.20W0.80Ox,1,data\vacancies\MAT_225_vacancy_site1.cif,-334.77772012480466,uma-s-1p2,success
MAT_225,W,0.2,0.8,Ru0.20W0.80Ox,2,data\vacancies\MAT_225_vacancy_site2.cif,-334.1477759926877,uma-s-1p2,success
MAT_227,Re,0.8,0.1999999999999999,Ru0.80Re0.20Ox,0,data\vacancies\MAT_227_vacancy_site0.cif,-351.6437593625104,uma-s-1p2,success
MAT_227,Re,0.8,0.1999999999999999,Ru0.80Re0.20Ox,1,data\vacancies\MAT_227_vacancy_site1.cif,-352.6125767284455,uma-s-1p2,success
MAT_227,Re,0.8,0.1999999999999999,Ru0.80Re0.20Ox,2,data\vacancies\MAT_227_vacancy_site2.cif,-351.8909658501074,uma-s-1p2,success
MAT_228,Re,0.6,0.4,Ru0.60Re0.40Ox,0,data\vacancies\MAT_228_vacancy_site0.cif,-360.0388639586996,uma-s-1p2,success
MAT_228,Re,0.6,0.4,Ru0.60Re0.40Ox,1,data\vacancies\MAT_228_vacancy_site1.cif,-360.73950516703997,uma-s-1p2,success
MAT_228,Re,0.6,0.4,Ru0.60Re0.40Ox,2,data\vacancies\MAT_228_vacancy_site2.cif,-360.2740166385522,uma-s-1p2,success
MAT_229,Re,0.4,0.6,Ru0.40Re0.60Ox,0,data\vacancies\MAT_229_vacancy_site0.cif,-374.2417997961474,uma-s-1p2,success
MAT_229,Re,0.4,0.6,Ru0.40Re0.60Ox,1,data\vacancies\MAT_229_vacancy_site1.cif,-374.9134318039771,uma-s-1p2,success
MAT_229,Re,0.4,0.6,Ru0.40Re0.60Ox,2,data\vacancies\MAT_229_vacancy_site2.cif,-374.26957514214484,uma-s-1p2,success
MAT_230,Re,0.2,0.8,Ru0.20Re0.80Ox,0,data\vacancies\MAT_230_vacancy_site0.cif,-380.07097807005584,uma-s-1p2,success
MAT_230,Re,0.2,0.8,Ru0.20Re0.80Ox,1,data\vacancies\MAT_230_vacancy_site1.cif,-380.643028699653,uma-s-1p2,success
MAT_230,Re,0.2,0.8,Ru0.20Re0.80Ox,2,data\vacancies\MAT_230_vacancy_site2.cif,-380.10945101294726,uma-s-1p2,success
MAT_232,Os,0.8,0.1999999999999999,Ru0.80Os0.20Ox,0,data\vacancies\MAT_232_vacancy_site0.cif,-342.53856857039244,uma-s-1p2,success
MAT_232,Os,0.8,0.1999999999999999,Ru0.80Os0.20Ox,1,data\vacancies\MAT_232_vacancy_site1.cif,-343.32649031435324,uma-s-1p2,success
MAT_232,Os,0.8,0.1999999999999999,Ru0.80Os0.20Ox,2,data\vacancies\MAT_232_vacancy_site2.cif,-342.6466391422394,uma-s-1p2,success
MAT_233,Os,0.6,0.4,Ru0.60Os0.40Ox,0,data\vacancies\MAT_233_vacancy_site0.cif,-345.9835897707104,uma-s-1p2,success
MAT_233,Os,0.6,0.4,Ru0.60Os0.40Ox,1,data\vacancies\MAT_233_vacancy_site1.cif,-346.5699463130586,uma-s-1p2,success
MAT_233,Os,0.6,0.4,Ru0.60Os0.40Ox,2,data\vacancies\MAT_233_vacancy_site2.cif,-346.0917724477488,uma-s-1p2,success
MAT_234,Os,0.4,0.6,Ru0.40Os0.60Ox,0,data\vacancies\MAT_234_vacancy_site0.cif,-351.3833951876774,uma-s-1p2,success
MAT_234,Os,0.4,0.6,Ru0.40Os0.60Ox,1,data\vacancies\MAT_234_vacancy_site1.cif,-351.9452377432168,uma-s-1p2,success
MAT_234,Os,0.4,0.6,Ru0.40Os0.60Ox,2,data\vacancies\MAT_234_vacancy_site2.cif,-351.3910846694303,uma-s-1p2,success
MAT_235,Os,0.2,0.8,Ru0.20Os0.80Ox,0,data\vacancies\MAT_235_vacancy_site0.cif,-353.41450920649123,uma-s-1p2,success
MAT_235,Os,0.2,0.8,Ru0.20Os0.80Ox,1,data\vacancies\MAT_235_vacancy_site1.cif,-354.3325116423578,uma-s-1p2,success
MAT_235,Os,0.2,0.8,Ru0.20Os0.80Ox,2,data\vacancies\MAT_235_vacancy_site2.cif,-353.4275060196687,uma-s-1p2,success
MAT_237,Ir,0.8,0.1999999999999999,Ru0.80Ir0.20Ox,0,data\vacancies\MAT_237_vacancy_site0.cif,-331.90931118392706,uma-s-1p2,success
MAT_237,Ir,0.8,0.1999999999999999,Ru0.80Ir0.20Ox,1,data\vacancies\MAT_237_vacancy_site1.cif,-332.42704365871646,uma-s-1p2,success
MAT_237,Ir,0.8,0.1999999999999999,Ru0.80Ir0.20Ox,2,data\vacancies\MAT_237_vacancy_site2.cif,-331.6681531348576,uma-s-1p2,success
MAT_238,Ir,0.6,0.4,Ru0.60Ir0.40Ox,0,data\vacancies\MAT_238_vacancy_site0.cif,-329.47940480406106,uma-s-1p2,success
MAT_238,Ir,0.6,0.4,Ru0.60Ir0.40Ox,1,data\vacancies\MAT_238_vacancy_site1.cif,-330.12291816374204,uma-s-1p2,success
MAT_238,Ir,0.6,0.4,Ru0.60Ir0.40Ox,2,data\vacancies\MAT_238_vacancy_site2.cif,-329.2448136575323,uma-s-1p2,success
MAT_239,Ir,0.4,0.6,Ru0.40Ir0.60Ox,0,data\vacancies\MAT_239_vacancy_site0.cif,-324.2594185516826,uma-s-1p2,success
MAT_239,Ir,0.4,0.6,Ru0.40Ir0.60Ox,1,data\vacancies\MAT_239_vacancy_site1.cif,-324.96941226959706,uma-s-1p2,success
MAT_239,Ir,0.4,0.6,Ru0.40Ir0.60Ox,2,data\vacancies\MAT_239_vacancy_site2.cif,-324.2428747170513,uma-s-1p2,success
MAT_240,Ir,0.2,0.8,Ru0.20Ir0.80Ox,0,data\vacancies\MAT_240_vacancy_site0.cif,-321.6665435242669,uma-s-1p2,success
MAT_240,Ir,0.2,0.8,Ru0.20Ir0.80Ox,1,data\vacancies\MAT_240_vacancy_site1.cif,-323.2990310497573,uma-s-1p2,success
MAT_240,Ir,0.2,0.8,Ru0.20Ir0.80Ox,2,data\vacancies\MAT_240_vacancy_site2.cif,-321.6504683477279,uma-s-1p2,success
MAT_242,Pt,0.8,0.1999999999999999,Ru0.80Pt0.20Ox,0,data\vacancies\MAT_242_vacancy_site0.cif,-317.63107348009476,uma-s-1p2,success
MAT_242,Pt,0.8,0.1999999999999999,Ru0.80Pt0.20Ox,1,data\vacancies\MAT_242_vacancy_site1.cif,-317.6013236099233,uma-s-1p2,success
MAT_242,Pt,0.8,0.1999999999999999,Ru0.80Pt0.20Ox,2,data\vacancies\MAT_242_vacancy_site2.cif,-316.7435991440988,uma-s-1p2,success
MAT_243,Pt,0.6,0.4,Ru0.60Pt0.40Ox,0,data\vacancies\MAT_243_vacancy_site0.cif,-307.1929234471728,uma-s-1p2,success
MAT_243,Pt,0.6,0.4,Ru0.60Pt0.40Ox,1,data\vacancies\MAT_243_vacancy_site1.cif,-307.6053034160705,uma-s-1p2,success
MAT_243,Pt,0.6,0.4,Ru0.60Pt0.40Ox,2,data\vacancies\MAT_243_vacancy_site2.cif,-306.31156036640664,uma-s-1p2,success
MAT_244,Pt,0.4,0.6,Ru0.40Pt0.60Ox,0,data\vacancies\MAT_244_vacancy_site0.cif,-287.3531697680546,uma-s-1p2,success
MAT_244,Pt,0.4,0.6,Ru0.40Pt0.60Ox,1,data\vacancies\MAT_244_vacancy_site1.cif,-287.9312750128634,uma-s-1p2,success
MAT_244,Pt,0.4,0.6,Ru0.40Pt0.60Ox,2,data\vacancies\MAT_244_vacancy_site2.cif,-287.3457627664874,uma-s-1p2,success
MAT_245,Pt,0.2,0.8,Ru0.20Pt0.80Ox,0,data\vacancies\MAT_245_vacancy_site0.cif,-278.25643796711216,uma-s-1p2,success
MAT_245,Pt,0.2,0.8,Ru0.20Pt0.80Ox,1,data\vacancies\MAT_245_vacancy_site1.cif,-280.5490854083457,uma-s-1p2,success
MAT_245,Pt,0.2,0.8,Ru0.20Pt0.80Ox,2,data\vacancies\MAT_245_vacancy_site2.cif,-278.2328543824013,uma-s-1p2,success
