material_id,M_element,Ru_fraction,M_fraction,nominal_formula,adsorption_site_index,h2o_structure_file,parent_slab_file,notes
MAT_001,Li,1.0,0.0,RuO2,0,data\h2o_adsorbates\MAT_001_H2O_site0.cif,data\substituted_slabs\MAT_001_110_slab.cif,H2O adsorption structure
MAT_001,Li,1.0,0.0,RuO2,1,data\h2o_adsorbates\MAT_001_H2O_site1.cif,data\substituted_slabs\MAT_001_110_slab.cif,H2O adsorption structure
MAT_001,Li,1.0,0.0,RuO2,2,data\h2o_adsorbates\MAT_001_H2O_site2.cif,data\substituted_slabs\MAT_001_110_slab.cif,H2O adsorption structure
MAT_002,Li,0.8,0.1999999999999999,Ru0.80Li0.20Ox,0,data\h2o_adsorbates\MAT_002_H2O_site0.cif,data\substituted_slabs\MAT_002_110_slab.cif,H2O adsorption structure
MAT_002,Li,0.8,0.1999999999999999,Ru0.80Li0.20Ox,1,data\h2o_adsorbates\MAT_002_H2O_site1.cif,data\substituted_slabs\MAT_002_110_slab.cif,H2O adsorption structure
MAT_002,Li,0.8,0.1999999999999999,Ru0.80Li0.20Ox,2,data\h2o_adsorbates\MAT_002_H2O_site2.cif,data\substituted_slabs\MAT_002_110_slab.cif,H2O adsorption structure
MAT_003,Li,0.6,0.4,Ru0.60Li0.40Ox,0,data\h2o_adsorbates\MAT_003_H2O_site0.cif,data\substituted_slabs\MAT_003_110_slab.cif,H2O adsorption structure
MAT_003,Li,0.6,0.4,Ru0.60Li0.40Ox,1,data\h2o_adsorbates\MAT_003_H2O_site1.cif,data\substituted_slabs\MAT_003_110_slab.cif,H2O adsorption structure
MAT_003,Li,0.6,0.4,Ru0.60Li0.40Ox,2,data\h2o_adsorbates\MAT_003_H2O_site2.cif,data\substituted_slabs\MAT_003_110_slab.cif,H2O adsorption structure
MAT_004,Li,0.4,0.6,Ru0.40Li0.60Ox,0,data\h2o_adsorbates\MAT_004_H2O_site0.cif,data\substituted_slabs\MAT_004_110_slab.cif,H2O adsorption structure
MAT_004,Li,0.4,0.6,Ru0.40Li0.60Ox,1,data\h2o_adsorbates\MAT_004_H2O_site1.cif,data\substituted_slabs\MAT_004_110_slab.cif,H2O adsorption structure
MAT_004,Li,0.4,0.6,Ru0.40Li0.60Ox,2,data\h2o_adsorbates\MAT_004_H2O_site2.cif,data\substituted_slabs\MAT_004_110_slab.cif,H2O adsorption structure
MAT_005,Li,0.2,0.8,Ru0.20Li0.80Ox,0,data\h2o_adsorbates\MAT_005_H2O_site0.cif,data\substituted_slabs\MAT_005_110_slab.cif,H2O adsorption structure
MAT_005,Li,0.2,0.8,Ru0.20Li0.80Ox,1,data\h2o_adsorbates\MAT_005_H2O_site1.cif,data\substituted_slabs\MAT_005_110_slab.cif,H2O adsorption structure
MAT_005,Li,0.2,0.8,Ru0.20Li0.80Ox,2,data\h2o_adsorbates\MAT_005_H2O_site2.cif,data\substituted_slabs\MAT_005_110_slab.cif,H2O adsorption structure
MAT_007,Na,0.8,0.1999999999999999,Ru0.80Na0.20Ox,0,data\h2o_adsorbates\MAT_007_H2O_site0.cif,data\substituted_slabs\MAT_007_110_slab.cif,H2O adsorption structure
MAT_007,Na,0.8,0.1999999999999999,Ru0.80Na0.20Ox,1,data\h2o_adsorbates\MAT_007_H2O_site1.cif,data\substituted_slabs\MAT_007_110_slab.cif,H2O adsorption structure
MAT_007,Na,0.8,0.1999999999999999,Ru0.80Na0.20Ox,2,data\h2o_adsorbates\MAT_007_H2O_site2.cif,data\substituted_slabs\MAT_007_110_slab.cif,H2O adsorption structure
MAT_008,Na,0.6,0.4,Ru0.60Na0.40Ox,0,data\h2o_adsorbates\MAT_008_H2O_site0.cif,data\substituted_slabs\MAT_008_110_slab.cif,H2O adsorption structure
MAT_008,Na,0.6,0.4,Ru0.60Na0.40Ox,1,data\h2o_adsorbates\MAT_008_H2O_site1.cif,data\substituted_slabs\MAT_008_110_slab.cif,H2O adsorption structure
MAT_008,Na,0.6,0.4,Ru0.60Na0.40Ox,2,data\h2o_adsorbates\MAT_008_H2O_site2.cif,data\substituted_slabs\MAT_008_110_slab.cif,H2O adsorption structure
MAT_009,Na,0.4,0.6,Ru0.40Na0.60Ox,0,data\h2o_adsorbates\MAT_009_H2O_site0.cif,data\substituted_slabs\MAT_009_110_slab.cif,H2O adsorption structure
MAT_009,Na,0.4,0.6,Ru0.40Na0.60Ox,1,data\h2o_adsorbates\MAT_009_H2O_site1.cif,data\substituted_slabs\MAT_009_110_slab.cif,H2O adsorption structure
MAT_009,Na,0.4,0.6,Ru0.40Na0.60Ox,2,data\h2o_adsorbates\MAT_009_H2O_site2.cif,data\substituted_slabs\MAT_009_110_slab.cif,H2O adsorption structure
MAT_010,Na,0.2,0.8,Ru0.20Na0.80Ox,0,data\h2o_adsorbates\MAT_010_H2O_site0.cif,data\substituted_slabs\MAT_010_110_slab.cif,H2O adsorption structure
MAT_010,Na,0.2,0.8,Ru0.20Na0.80Ox,1,data\h2o_adsorbates\MAT_010_H2O_site1.cif,data\substituted_slabs\MAT_010_110_slab.cif,H2O adsorption structure
MAT_010,Na,0.2,0.8,Ru0.20Na0.80Ox,2,data\h2o_adsorbates\MAT_010_H2O_site2.cif,data\substituted_slabs\MAT_010_110_slab.cif,H2O adsorption structure
MAT_012,Mg,0.8,0.1999999999999999,Ru0.80Mg0.20Ox,0,data\h2o_adsorbates\MAT_012_H2O_site0.cif,data\substituted_slabs\MAT_012_110_slab.cif,H2O adsorption structure
MAT_012,Mg,0.8,0.1999999999999999,Ru0.80Mg0.20Ox,1,data\h2o_adsorbates\MAT_012_H2O_site1.cif,data\substituted_slabs\MAT_012_110_slab.cif,H2O adsorption structure
MAT_012,Mg,0.8,0.1999999999999999,Ru0.80Mg0.20Ox,2,data\h2o_adsorbates\MAT_012_H2O_site2.cif,data\substituted_slabs\MAT_012_110_slab.cif,H2O adsorption structure
MAT_013,Mg,0.6,0.4,Ru0.60Mg0.40Ox,0,data\h2o_adsorbates\MAT_013_H2O_site0.cif,data\substituted_slabs\MAT_013_110_slab.cif,H2O adsorption structure
MAT_013,Mg,0.6,0.4,Ru0.60Mg0.40Ox,1,data\h2o_adsorbates\MAT_013_H2O_site1.cif,data\substituted_slabs\MAT_013_110_slab.cif,H2O adsorption structure
MAT_013,Mg,0.6,0.4,Ru0.60Mg0.40Ox,2,data\h2o_adsorbates\MAT_013_H2O_site2.cif,data\substituted_slabs\MAT_013_110_slab.cif,H2O adsorption structure
MAT_014,Mg,0.4,0.6,Ru0.40Mg0.60Ox,0,data\h2o_adsorbates\MAT_014_H2O_site0.cif,data\substituted_slabs\MAT_014_110_slab.cif,H2O adsorption structure
MAT_014,Mg,0.4,0.6,Ru0.40Mg0.60Ox,1,data\h2o_adsorbates\MAT_014_H2O_site1.cif,data\substituted_slabs\MAT_014_110_slab.cif,H2O adsorption structure
MAT_014,Mg,0.4,0.6,Ru0.40Mg0.60Ox,2,data\h2o_adsorbates\MAT_014_H2O_site2.cif,data\substituted_slabs\MAT_014_110_slab.cif,H2O adsorption structure
MAT_015,Mg,0.2,0.8,Ru0.20Mg0.80Ox,0,data\h2o_adsorbates\MAT_015_H2O_site0.cif,data\substituted_slabs\MAT_015_110_slab.cif,H2O adsorption structure
MAT_015,Mg,0.2,0.8,Ru0.20Mg0.80Ox,1,data\h2o_adsorbates\MAT_015_H2O_site1.cif,data\substituted_slabs\MAT_015_110_slab.cif,H2O adsorption structure
MAT_015,Mg,0.2,0.8,Ru0.20Mg0.80Ox,2,data\h2o_adsorbates\MAT_015_H2O_site2.cif,data\substituted_slabs\MAT_015_110_slab.cif,H2O adsorption structure
MAT_017,Al,0.8,0.1999999999999999,Ru0.80Al0.20Ox,0,data\h2o_adsorbates\MAT_017_H2O_site0.cif,data\substituted_slabs\MAT_017_110_slab.cif,H2O adsorption structure
MAT_017,Al,0.8,0.1999999999999999,Ru0.80Al0.20Ox,1,data\h2o_adsorbates\MAT_017_H2O_site1.cif,data\substituted_slabs\MAT_017_110_slab.cif,H2O adsorption structure
MAT_017,Al,0.8,0.1999999999999999,Ru0.80Al0.20Ox,2,data\h2o_adsorbates\MAT_017_H2O_site2.cif,data\substituted_slabs\MAT_017_110_slab.cif,H2O adsorption structure
MAT_018,Al,0.6,0.4,Ru0.60Al0.40Ox,0,data\h2o_adsorbates\MAT_018_H2O_site0.cif,data\substituted_slabs\MAT_018_110_slab.cif,H2O adsorption structure
MAT_018,Al,0.6,0.4,Ru0.60Al0.40Ox,1,data\h2o_adsorbates\MAT_018_H2O_site1.cif,data\substituted_slabs\MAT_018_110_slab.cif,H2O adsorption structure
MAT_018,Al,0.6,0.4,Ru0.60Al0.40Ox,2,data\h2o_adsorbates\MAT_018_H2O_site2.cif,data\substituted_slabs\MAT_018_110_slab.cif,H2O adsorption structure
MAT_019,Al,0.4,0.6,Ru0.40Al0.60Ox,0,data\h2o_adsorbates\MAT_019_H2O_site0.cif,data\substituted_slabs\MAT_019_110_slab.cif,H2O adsorption structure
MAT_019,Al,0.4,0.6,Ru0.40Al0.60Ox,1,data\h2o_adsorbates\MAT_019_H2O_site1.cif,data\substituted_slabs\MAT_019_110_slab.cif,H2O adsorption structure
MAT_019,Al,0.4,0.6,Ru0.40Al0.60Ox,2,data\h2o_adsorbates\MAT_019_H2O_site2.cif,data\substituted_slabs\MAT_019_110_slab.cif,H2O adsorption structure
MAT_020,Al,0.2,0.8,Ru0.20Al0.80Ox,0,data\h2o_adsorbates\MAT_020_H2O_site0.cif,data\substituted_slabs\MAT_020_110_slab.cif,H2O adsorption structure
MAT_020,Al,0.2,0.8,Ru0.20Al0.80Ox,1,data\h2o_adsorbates\MAT_020_H2O_site1.cif,data\substituted_slabs\MAT_020_110_slab.cif,H2O adsorption structure
MAT_020,Al,0.2,0.8,Ru0.20Al0.80Ox,2,data\h2o_adsorbates\MAT_020_H2O_site2.cif,data\substituted_slabs\MAT_020_110_slab.cif,H2O adsorption structure
MAT_022,Si,0.8,0.1999999999999999,Ru0.80Si0.20Ox,0,data\h2o_adsorbates\MAT_022_H2O_site0.cif,data\substituted_slabs\MAT_022_110_slab.cif,H2O adsorption structure
MAT_022,Si,0.8,0.1999999999999999,Ru0.80Si0.20Ox,1,data\h2o_adsorbates\MAT_022_H2O_site1.cif,data\substituted_slabs\MAT_022_110_slab.cif,H2O adsorption structure
MAT_022,Si,0.8,0.1999999999999999,Ru0.80Si0.20Ox,2,data\h2o_adsorbates\MAT_022_H2O_site2.cif,data\substituted_slabs\MAT_022_110_slab.cif,H2O adsorption structure
MAT_023,Si,0.6,0.4,Ru0.60Si0.40Ox,0,data\h2o_adsorbates\MAT_023_H2O_site0.cif,data\substituted_slabs\MAT_023_110_slab.cif,H2O adsorption structure
MAT_023,Si,0.6,0.4,Ru0.60Si0.40Ox,1,data\h2o_adsorbates\MAT_023_H2O_site1.cif,data\substituted_slabs\MAT_023_110_slab.cif,H2O adsorption structure
MAT_023,Si,0.6,0.4,Ru0.60Si0.40Ox,2,data\h2o_adsorbates\MAT_023_H2O_site2.cif,data\substituted_slabs\MAT_023_110_slab.cif,H2O adsorption structure
MAT_024,Si,0.4,0.6,Ru0.40Si0.60Ox,0,data\h2o_adsorbates\MAT_024_H2O_site0.cif,data\substituted_slabs\MAT_024_110_slab.cif,H2O adsorption structure
MAT_024,Si,0.4,0.6,Ru0.40Si0.60Ox,1,data\h2o_adsorbates\MAT_024_H2O_site1.cif,data\substituted_slabs\MAT_024_110_slab.cif,H2O adsorption structure
MAT_024,Si,0.4,0.6,Ru0.40Si0.60Ox,2,data\h2o_adsorbates\MAT_024_H2O_site2.cif,data\substituted_slabs\MAT_024_110_slab.cif,H2O adsorption structure
MAT_025,Si,0.2,0.8,Ru0.20Si0.80Ox,0,data\h2o_adsorbates\MAT_025_H2O_site0.cif,data\substituted_slabs\MAT_025_110_slab.cif,H2O adsorption structure
MAT_025,Si,0.2,0.8,Ru0.20Si0.80Ox,1,data\h2o_adsorbates\MAT_025_H2O_site1.cif,data\substituted_slabs\MAT_025_110_slab.cif,H2O adsorption structure
MAT_025,Si,0.2,0.8,Ru0.20Si0.80Ox,2,data\h2o_adsorbates\MAT_025_H2O_site2.cif,data\substituted_slabs\MAT_025_110_slab.cif,H2O adsorption structure
MAT_027,K,0.8,0.1999999999999999,Ru0.80K0.20Ox,0,data\h2o_adsorbates\MAT_027_H2O_site0.cif,data\substituted_slabs\MAT_027_110_slab.cif,H2O adsorption structure
MAT_027,K,0.8,0.1999999999999999,Ru0.80K0.20Ox,1,data\h2o_adsorbates\MAT_027_H2O_site1.cif,data\substituted_slabs\MAT_027_110_slab.cif,H2O adsorption structure
MAT_027,K,0.8,0.1999999999999999,Ru0.80K0.20Ox,2,data\h2o_adsorbates\MAT_027_H2O_site2.cif,data\substituted_slabs\MAT_027_110_slab.cif,H2O adsorption structure
MAT_028,K,0.6,0.4,Ru0.60K0.40Ox,0,data\h2o_adsorbates\MAT_028_H2O_site0.cif,data\substituted_slabs\MAT_028_110_slab.cif,H2O adsorption structure
MAT_028,K,0.6,0.4,Ru0.60K0.40Ox,1,data\h2o_adsorbates\MAT_028_H2O_site1.cif,data\substituted_slabs\MAT_028_110_slab.cif,H2O adsorption structure
MAT_028,K,0.6,0.4,Ru0.60K0.40Ox,2,data\h2o_adsorbates\MAT_028_H2O_site2.cif,data\substituted_slabs\MAT_028_110_slab.cif,H2O adsorption structure
MAT_029,K,0.4,0.6,Ru0.40K0.60Ox,0,data\h2o_adsorbates\MAT_029_H2O_site0.cif,data\substituted_slabs\MAT_029_110_slab.cif,H2O adsorption structure
MAT_029,K,0.4,0.6,Ru0.40K0.60Ox,1,data\h2o_adsorbates\MAT_029_H2O_site1.cif,data\substituted_slabs\MAT_029_110_slab.cif,H2O adsorption structure
MAT_029,K,0.4,0.6,Ru0.40K0.60Ox,2,data\h2o_adsorbates\MAT_029_H2O_site2.cif,data\substituted_slabs\MAT_029_110_slab.cif,H2O adsorption structure
MAT_030,K,0.2,0.8,Ru0.20K0.80Ox,0,data\h2o_adsorbates\MAT_030_H2O_site0.cif,data\substituted_slabs\MAT_030_110_slab.cif,H2O adsorption structure
MAT_030,K,0.2,0.8,Ru0.20K0.80Ox,1,data\h2o_adsorbates\MAT_030_H2O_site1.cif,data\substituted_slabs\MAT_030_110_slab.cif,H2O adsorption structure
MAT_030,K,0.2,0.8,Ru0.20K0.80Ox,2,data\h2o_adsorbates\MAT_030_H2O_site2.cif,data\substituted_slabs\MAT_030_110_slab.cif,H2O adsorption structure
MAT_032,Ca,0.8,0.1999999999999999,Ru0.80Ca0.20Ox,0,data\h2o_adsorbates\MAT_032_H2O_site0.cif,data\substituted_slabs\MAT_032_110_slab.cif,H2O adsorption structure
MAT_032,Ca,0.8,0.1999999999999999,Ru0.80Ca0.20Ox,1,data\h2o_adsorbates\MAT_032_H2O_site1.cif,data\substituted_slabs\MAT_032_110_slab.cif,H2O adsorption structure
MAT_032,Ca,0.8,0.1999999999999999,Ru0.80Ca0.20Ox,2,data\h2o_adsorbates\MAT_032_H2O_site2.cif,data\substituted_slabs\MAT_032_110_slab.cif,H2O adsorption structure
MAT_033,Ca,0.6,0.4,Ru0.60Ca0.40Ox,0,data\h2o_adsorbates\MAT_033_H2O_site0.cif,data\substituted_slabs\MAT_033_110_slab.cif,H2O adsorption structure
MAT_033,Ca,0.6,0.4,Ru0.60Ca0.40Ox,1,data\h2o_adsorbates\MAT_033_H2O_site1.cif,data\substituted_slabs\MAT_033_110_slab.cif,H2O adsorption structure
MAT_033,Ca,0.6,0.4,Ru0.60Ca0.40Ox,2,data\h2o_adsorbates\MAT_033_H2O_site2.cif,data\substituted_slabs\MAT_033_110_slab.cif,H2O adsorption structure
MAT_034,Ca,0.4,0.6,Ru0.40Ca0.60Ox,0,data\h2o_adsorbates\MAT_034_H2O_site0.cif,data\substituted_slabs\MAT_034_110_slab.cif,H2O adsorption structure
MAT_034,Ca,0.4,0.6,Ru0.40Ca0.60Ox,1,data\h2o_adsorbates\MAT_034_H2O_site1.cif,data\substituted_slabs\MAT_034_110_slab.cif,H2O adsorption structure
MAT_034,Ca,0.4,0.6,Ru0.40Ca0.60Ox,2,data\h2o_adsorbates\MAT_034_H2O_site2.cif,data\substituted_slabs\MAT_034_110_slab.cif,H2O adsorption structure
MAT_035,Ca,0.2,0.8,Ru0.20Ca0.80Ox,0,data\h2o_adsorbates\MAT_035_H2O_site0.cif,data\substituted_slabs\MAT_035_110_slab.cif,H2O adsorption structure
MAT_035,Ca,0.2,0.8,Ru0.20Ca0.80Ox,1,data\h2o_adsorbates\MAT_035_H2O_site1.cif,data\substituted_slabs\MAT_035_110_slab.cif,H2O adsorption structure
MAT_035,Ca,0.2,0.8,Ru0.20Ca0.80Ox,2,data\h2o_adsorbates\MAT_035_H2O_site2.cif,data\substituted_slabs\MAT_035_110_slab.cif,H2O adsorption structure
MAT_037,Sc,0.8,0.1999999999999999,Ru0.80Sc0.20Ox,0,data\h2o_adsorbates\MAT_037_H2O_site0.cif,data\substituted_slabs\MAT_037_110_slab.cif,H2O adsorption structure
MAT_037,Sc,0.8,0.1999999999999999,Ru0.80Sc0.20Ox,1,data\h2o_adsorbates\MAT_037_H2O_site1.cif,data\substituted_slabs\MAT_037_110_slab.cif,H2O adsorption structure
MAT_037,Sc,0.8,0.1999999999999999,Ru0.80Sc0.20Ox,2,data\h2o_adsorbates\MAT_037_H2O_site2.cif,data\substituted_slabs\MAT_037_110_slab.cif,H2O adsorption structure
MAT_038,Sc,0.6,0.4,Ru0.60Sc0.40Ox,0,data\h2o_adsorbates\MAT_038_H2O_site0.cif,data\substituted_slabs\MAT_038_110_slab.cif,H2O adsorption structure
MAT_038,Sc,0.6,0.4,Ru0.60Sc0.40Ox,1,data\h2o_adsorbates\MAT_038_H2O_site1.cif,data\substituted_slabs\MAT_038_110_slab.cif,H2O adsorption structure
MAT_038,Sc,0.6,0.4,Ru0.60Sc0.40Ox,2,data\h2o_adsorbates\MAT_038_H2O_site2.cif,data\substituted_slabs\MAT_038_110_slab.cif,H2O adsorption structure
MAT_039,Sc,0.4,0.6,Ru0.40Sc0.60Ox,0,data\h2o_adsorbates\MAT_039_H2O_site0.cif,data\substituted_slabs\MAT_039_110_slab.cif,H2O adsorption structure
MAT_039,Sc,0.4,0.6,Ru0.40Sc0.60Ox,1,data\h2o_adsorbates\MAT_039_H2O_site1.cif,data\substituted_slabs\MAT_039_110_slab.cif,H2O adsorption structure
MAT_039,Sc,0.4,0.6,Ru0.40Sc0.60Ox,2,data\h2o_adsorbates\MAT_039_H2O_site2.cif,data\substituted_slabs\MAT_039_110_slab.cif,H2O adsorption structure
MAT_040,Sc,0.2,0.8,Ru0.20Sc0.80Ox,0,data\h2o_adsorbates\MAT_040_H2O_site0.cif,data\substituted_slabs\MAT_040_110_slab.cif,H2O adsorption structure
MAT_040,Sc,0.2,0.8,Ru0.20Sc0.80Ox,1,data\h2o_adsorbates\MAT_040_H2O_site1.cif,data\substituted_slabs\MAT_040_110_slab.cif,H2O adsorption structure
MAT_040,Sc,0.2,0.8,Ru0.20Sc0.80Ox,2,data\h2o_adsorbates\MAT_040_H2O_site2.cif,data\substituted_slabs\MAT_040_110_slab.cif,H2O adsorption structure
MAT_042,Ti,0.8,0.1999999999999999,Ru0.80Ti0.20Ox,0,data\h2o_adsorbates\MAT_042_H2O_site0.cif,data\substituted_slabs\MAT_042_110_slab.cif,H2O adsorption structure
MAT_042,Ti,0.8,0.1999999999999999,Ru0.80Ti0.20Ox,1,data\h2o_adsorbates\MAT_042_H2O_site1.cif,data\substituted_slabs\MAT_042_110_slab.cif,H2O adsorption structure
MAT_042,Ti,0.8,0.1999999999999999,Ru0.80Ti0.20Ox,2,data\h2o_adsorbates\MAT_042_H2O_site2.cif,data\substituted_slabs\MAT_042_110_slab.cif,H2O adsorption structure
MAT_043,Ti,0.6,0.4,Ru0.60Ti0.40Ox,0,data\h2o_adsorbates\MAT_043_H2O_site0.cif,data\substituted_slabs\MAT_043_110_slab.cif,H2O adsorption structure
MAT_043,Ti,0.6,0.4,Ru0.60Ti0.40Ox,1,data\h2o_adsorbates\MAT_043_H2O_site1.cif,data\substituted_slabs\MAT_043_110_slab.cif,H2O adsorption structure
MAT_043,Ti,0.6,0.4,Ru0.60Ti0.40Ox,2,data\h2o_adsorbates\MAT_043_H2O_site2.cif,data\substituted_slabs\MAT_043_110_slab.cif,H2O adsorption structure
MAT_044,Ti,0.4,0.6,Ru0.40Ti0.60Ox,0,data\h2o_adsorbates\MAT_044_H2O_site0.cif,data\substituted_slabs\MAT_044_110_slab.cif,H2O adsorption structure
MAT_044,Ti,0.4,0.6,Ru0.40Ti0.60Ox,1,data\h2o_adsorbates\MAT_044_H2O_site1.cif,data\substituted_slabs\MAT_044_110_slab.cif,H2O adsorption structure
MAT_044,Ti,0.4,0.6,Ru0.40Ti0.60Ox,2,data\h2o_adsorbates\MAT_044_H2O_site2.cif,data\substituted_slabs\MAT_044_110_slab.cif,H2O adsorption structure
MAT_045,Ti,0.2,0.8,Ru0.20Ti0.80Ox,0,data\h2o_adsorbates\MAT_045_H2O_site0.cif,data\substituted_slabs\MAT_045_110_slab.cif,H2O adsorption structure
MAT_045,Ti,0.2,0.8,Ru0.20Ti0.80Ox,1,data\h2o_adsorbates\MAT_045_H2O_site1.cif,data\substituted_slabs\MAT_045_110_slab.cif,H2O adsorption structure
MAT_045,Ti,0.2,0.8,Ru0.20Ti0.80Ox,2,data\h2o_adsorbates\MAT_045_H2O_site2.cif,data\substituted_slabs\MAT_045_110_slab.cif,H2O adsorption structure
MAT_047,V,0.8,0.1999999999999999,Ru0.80V0.20Ox,0,data\h2o_adsorbates\MAT_047_H2O_site0.cif,data\substituted_slabs\MAT_047_110_slab.cif,H2O adsorption structure
MAT_047,V,0.8,0.1999999999999999,Ru0.80V0.20Ox,1,data\h2o_adsorbates\MAT_047_H2O_site1.cif,data\substituted_slabs\MAT_047_110_slab.cif,H2O adsorption structure
MAT_047,V,0.8,0.1999999999999999,Ru0.80V0.20Ox,2,data\h2o_adsorbates\MAT_047_H2O_site2.cif,data\substituted_slabs\MAT_047_110_slab.cif,H2O adsorption structure
MAT_048,V,0.6,0.4,Ru0.60V0.40Ox,0,data\h2o_adsorbates\MAT_048_H2O_site0.cif,data\substituted_slabs\MAT_048_110_slab.cif,H2O adsorption structure
MAT_048,V,0.6,0.4,Ru0.60V0.40Ox,1,data\h2o_adsorbates\MAT_048_H2O_site1.cif,data\substituted_slabs\MAT_048_110_slab.cif,H2O adsorption structure
MAT_048,V,0.6,0.4,Ru0.60V0.40Ox,2,data\h2o_adsorbates\MAT_048_H2O_site2.cif,data\substituted_slabs\MAT_048_110_slab.cif,H2O adsorption structure
MAT_049,V,0.4,0.6,Ru0.40V0.60Ox,0,data\h2o_adsorbates\MAT_049_H2O_site0.cif,data\substituted_slabs\MAT_049_110_slab.cif,H2O adsorption structure
MAT_049,V,0.4,0.6,Ru0.40V0.60Ox,1,data\h2o_adsorbates\MAT_049_H2O_site1.cif,data\substituted_slabs\MAT_049_110_slab.cif,H2O adsorption structure
MAT_049,V,0.4,0.6,Ru0.40V0.60Ox,2,data\h2o_adsorbates\MAT_049_H2O_site2.cif,data\substituted_slabs\MAT_049_110_slab.cif,H2O adsorption structure
MAT_050,V,0.2,0.8,Ru0.20V0.80Ox,0,data\h2o_adsorbates\MAT_050_H2O_site0.cif,data\substituted_slabs\MAT_050_110_slab.cif,H2O adsorption structure
MAT_050,V,0.2,0.8,Ru0.20V0.80Ox,1,data\h2o_adsorbates\MAT_050_H2O_site1.cif,data\substituted_slabs\MAT_050_110_slab.cif,H2O adsorption structure
MAT_050,V,0.2,0.8,Ru0.20V0.80Ox,2,data\h2o_adsorbates\MAT_050_H2O_site2.cif,data\substituted_slabs\MAT_050_110_slab.cif,H2O adsorption structure
MAT_052,Cr,0.8,0.1999999999999999,Ru0.80Cr0.20Ox,0,data\h2o_adsorbates\MAT_052_H2O_site0.cif,data\substituted_slabs\MAT_052_110_slab.cif,H2O adsorption structure
MAT_052,Cr,0.8,0.1999999999999999,Ru0.80Cr0.20Ox,1,data\h2o_adsorbates\MAT_052_H2O_site1.cif,data\substituted_slabs\MAT_052_110_slab.cif,H2O adsorption structure
MAT_052,Cr,0.8,0.1999999999999999,Ru0.80Cr0.20Ox,2,data\h2o_adsorbates\MAT_052_H2O_site2.cif,data\substituted_slabs\MAT_052_110_slab.cif,H2O adsorption structure
MAT_053,Cr,0.6,0.4,Ru0.60Cr0.40Ox,0,data\h2o_adsorbates\MAT_053_H2O_site0.cif,data\substituted_slabs\MAT_053_110_slab.cif,H2O adsorption structure
MAT_053,Cr,0.6,0.4,Ru0.60Cr0.40Ox,1,data\h2o_adsorbates\MAT_053_H2O_site1.cif,data\substituted_slabs\MAT_053_110_slab.cif,H2O adsorption structure
MAT_053,Cr,0.6,0.4,Ru0.60Cr0.40Ox,2,data\h2o_adsorbates\MAT_053_H2O_site2.cif,data\substituted_slabs\MAT_053_110_slab.cif,H2O adsorption structure
MAT_054,Cr,0.4,0.6,Ru0.40Cr0.60Ox,0,data\h2o_adsorbates\MAT_054_H2O_site0.cif,data\substituted_slabs\MAT_054_110_slab.cif,H2O adsorption structure
MAT_054,Cr,0.4,0.6,Ru0.40Cr0.60Ox,1,data\h2o_adsorbates\MAT_054_H2O_site1.cif,data\substituted_slabs\MAT_054_110_slab.cif,H2O adsorption structure
MAT_054,Cr,0.4,0.6,Ru0.40Cr0.60Ox,2,data\h2o_adsorbates\MAT_054_H2O_site2.cif,data\substituted_slabs\MAT_054_110_slab.cif,H2O adsorption structure
MAT_055,Cr,0.2,0.8,Ru0.20Cr0.80Ox,0,data\h2o_adsorbates\MAT_055_H2O_site0.cif,data\substituted_slabs\MAT_055_110_slab.cif,H2O adsorption structure
MAT_055,Cr,0.2,0.8,Ru0.20Cr0.80Ox,1,data\h2o_adsorbates\MAT_055_H2O_site1.cif,data\substituted_slabs\MAT_055_110_slab.cif,H2O adsorption structure
MAT_055,Cr,0.2,0.8,Ru0.20Cr0.80Ox,2,data\h2o_adsorbates\MAT_055_H2O_site2.cif,data\substituted_slabs\MAT_055_110_slab.cif,H2O adsorption structure
MAT_057,Mn,0.8,0.1999999999999999,Ru0.80Mn0.20Ox,0,data\h2o_adsorbates\MAT_057_H2O_site0.cif,data\substituted_slabs\MAT_057_110_slab.cif,H2O adsorption structure
MAT_057,Mn,0.8,0.1999999999999999,Ru0.80Mn0.20Ox,1,data\h2o_adsorbates\MAT_057_H2O_site1.cif,data\substituted_slabs\MAT_057_110_slab.cif,H2O adsorption structure
MAT_057,Mn,0.8,0.1999999999999999,Ru0.80Mn0.20Ox,2,data\h2o_adsorbates\MAT_057_H2O_site2.cif,data\substituted_slabs\MAT_057_110_slab.cif,H2O adsorption structure
MAT_058,Mn,0.6,0.4,Ru0.60Mn0.40Ox,0,data\h2o_adsorbates\MAT_058_H2O_site0.cif,data\substituted_slabs\MAT_058_110_slab.cif,H2O adsorption structure
MAT_058,Mn,0.6,0.4,Ru0.60Mn0.40Ox,1,data\h2o_adsorbates\MAT_058_H2O_site1.cif,data\substituted_slabs\MAT_058_110_slab.cif,H2O adsorption structure
MAT_058,Mn,0.6,0.4,Ru0.60Mn0.40Ox,2,data\h2o_adsorbates\MAT_058_H2O_site2.cif,data\substituted_slabs\MAT_058_110_slab.cif,H2O adsorption structure
MAT_059,Mn,0.4,0.6,Ru0.40Mn0.60Ox,0,data\h2o_adsorbates\MAT_059_H2O_site0.cif,data\substituted_slabs\MAT_059_110_slab.cif,H2O adsorption structure
MAT_059,Mn,0.4,0.6,Ru0.40Mn0.60Ox,1,data\h2o_adsorbates\MAT_059_H2O_site1.cif,data\substituted_slabs\MAT_059_110_slab.cif,H2O adsorption structure
MAT_059,Mn,0.4,0.6,Ru0.40Mn0.60Ox,2,data\h2o_adsorbates\MAT_059_H2O_site2.cif,data\substituted_slabs\MAT_059_110_slab.cif,H2O adsorption structure
MAT_060,Mn,0.2,0.8,Ru0.20Mn0.80Ox,0,data\h2o_adsorbates\MAT_060_H2O_site0.cif,data\substituted_slabs\MAT_060_110_slab.cif,H2O adsorption structure
MAT_060,Mn,0.2,0.8,Ru0.20Mn0.80Ox,1,data\h2o_adsorbates\MAT_060_H2O_site1.cif,data\substituted_slabs\MAT_060_110_slab.cif,H2O adsorption structure
MAT_060,Mn,0.2,0.8,Ru0.20Mn0.80Ox,2,data\h2o_adsorbates\MAT_060_H2O_site2.cif,data\substituted_slabs\MAT_060_110_slab.cif,H2O adsorption structure
MAT_062,Fe,0.8,0.1999999999999999,Ru0.80Fe0.20Ox,0,data\h2o_adsorbates\MAT_062_H2O_site0.cif,data\substituted_slabs\MAT_062_110_slab.cif,H2O adsorption structure
MAT_062,Fe,0.8,0.1999999999999999,Ru0.80Fe0.20Ox,1,data\h2o_adsorbates\MAT_062_H2O_site1.cif,data\substituted_slabs\MAT_062_110_slab.cif,H2O adsorption structure
MAT_062,Fe,0.8,0.1999999999999999,Ru0.80Fe0.20Ox,2,data\h2o_adsorbates\MAT_062_H2O_site2.cif,data\substituted_slabs\MAT_062_110_slab.cif,H2O adsorption structure
MAT_063,Fe,0.6,0.4,Ru0.60Fe0.40Ox,0,data\h2o_adsorbates\MAT_063_H2O_site0.cif,data\substituted_slabs\MAT_063_110_slab.cif,H2O adsorption structure
MAT_063,Fe,0.6,0.4,Ru0.60Fe0.40Ox,1,data\h2o_adsorbates\MAT_063_H2O_site1.cif,data\substituted_slabs\MAT_063_110_slab.cif,H2O adsorption structure
MAT_063,Fe,0.6,0.4,Ru0.60Fe0.40Ox,2,data\h2o_adsorbates\MAT_063_H2O_site2.cif,data\substituted_slabs\MAT_063_110_slab.cif,H2O adsorption structure
MAT_064,Fe,0.4,0.6,Ru0.40Fe0.60Ox,0,data\h2o_adsorbates\MAT_064_H2O_site0.cif,data\substituted_slabs\MAT_064_110_slab.cif,H2O adsorption structure
MAT_064,Fe,0.4,0.6,Ru0.40Fe0.60Ox,1,data\h2o_adsorbates\MAT_064_H2O_site1.cif,data\substituted_slabs\MAT_064_110_slab.cif,H2O adsorption structure
MAT_064,Fe,0.4,0.6,Ru0.40Fe0.60Ox,2,data\h2o_adsorbates\MAT_064_H2O_site2.cif,data\substituted_slabs\MAT_064_110_slab.cif,H2O adsorption structure
MAT_065,Fe,0.2,0.8,Ru0.20Fe0.80Ox,0,data\h2o_adsorbates\MAT_065_H2O_site0.cif,data\substituted_slabs\MAT_065_110_slab.cif,H2O adsorption structure
MAT_065,Fe,0.2,0.8,Ru0.20Fe0.80Ox,1,data\h2o_adsorbates\MAT_065_H2O_site1.cif,data\substituted_slabs\MAT_065_110_slab.cif,H2O adsorption structure
MAT_065,Fe,0.2,0.8,Ru0.20Fe0.80Ox,2,data\h2o_adsorbates\MAT_065_H2O_site2.cif,data\substituted_slabs\MAT_065_110_slab.cif,H2O adsorption structure
MAT_067,Co,0.8,0.1999999999999999,Ru0.80Co0.20Ox,0,data\h2o_adsorbates\MAT_067_H2O_site0.cif,data\substituted_slabs\MAT_067_110_slab.cif,H2O adsorption structure
MAT_067,Co,0.8,0.1999999999999999,Ru0.80Co0.20Ox,1,data\h2o_adsorbates\MAT_067_H2O_site1.cif,data\substituted_slabs\MAT_067_110_slab.cif,H2O adsorption structure
MAT_067,Co,0.8,0.1999999999999999,Ru0.80Co0.20Ox,2,data\h2o_adsorbates\MAT_067_H2O_site2.cif,data\substituted_slabs\MAT_067_110_slab.cif,H2O adsorption structure
MAT_068,Co,0.6,0.4,Ru0.60Co0.40Ox,0,data\h2o_adsorbates\MAT_068_H2O_site0.cif,data\substituted_slabs\MAT_068_110_slab.cif,H2O adsorption structure
MAT_068,Co,0.6,0.4,Ru0.60Co0.40Ox,1,data\h2o_adsorbates\MAT_068_H2O_site1.cif,data\substituted_slabs\MAT_068_110_slab.cif,H2O adsorption structure
MAT_068,Co,0.6,0.4,Ru0.60Co0.40Ox,2,data\h2o_adsorbates\MAT_068_H2O_site2.cif,data\substituted_slabs\MAT_068_110_slab.cif,H2O adsorption structure
MAT_069,Co,0.4,0.6,Ru0.40Co0.60Ox,0,data\h2o_adsorbates\MAT_069_H2O_site0.cif,data\substituted_slabs\MAT_069_110_slab.cif,H2O adsorption structure
MAT_069,Co,0.4,0.6,Ru0.40Co0.60Ox,1,data\h2o_adsorbates\MAT_069_H2O_site1.cif,data\substituted_slabs\MAT_069_110_slab.cif,H2O adsorption structure
MAT_069,Co,0.4,0.6,Ru0.40Co0.60Ox,2,data\h2o_adsorbates\MAT_069_H2O_site2.cif,data\substituted_slabs\MAT_069_110_slab.cif,H2O adsorption structure
MAT_070,Co,0.2,0.8,Ru0.20Co0.80Ox,0,data\h2o_adsorbates\MAT_070_H2O_site0.cif,data\substituted_slabs\MAT_070_110_slab.cif,H2O adsorption structure
MAT_070,Co,0.2,0.8,Ru0.20Co0.80Ox,1,data\h2o_adsorbates\MAT_070_H2O_site1.cif,data\substituted_slabs\MAT_070_110_slab.cif,H2O adsorption structure
MAT_070,Co,0.2,0.8,Ru0.20Co0.80Ox,2,data\h2o_adsorbates\MAT_070_H2O_site2.cif,data\substituted_slabs\MAT_070_110_slab.cif,H2O adsorption structure
MAT_072,Ni,0.8,0.1999999999999999,Ru0.80Ni0.20Ox,0,data\h2o_adsorbates\MAT_072_H2O_site0.cif,data\substituted_slabs\MAT_072_110_slab.cif,H2O adsorption structure
MAT_072,Ni,0.8,0.1999999999999999,Ru0.80Ni0.20Ox,1,data\h2o_adsorbates\MAT_072_H2O_site1.cif,data\substituted_slabs\MAT_072_110_slab.cif,H2O adsorption structure
MAT_072,Ni,0.8,0.1999999999999999,Ru0.80Ni0.20Ox,2,data\h2o_adsorbates\MAT_072_H2O_site2.cif,data\substituted_slabs\MAT_072_110_slab.cif,H2O adsorption structure
MAT_073,Ni,0.6,0.4,Ru0.60Ni0.40Ox,0,data\h2o_adsorbates\MAT_073_H2O_site0.cif,data\substituted_slabs\MAT_073_110_slab.cif,H2O adsorption structure
MAT_073,Ni,0.6,0.4,Ru0.60Ni0.40Ox,1,data\h2o_adsorbates\MAT_073_H2O_site1.cif,data\substituted_slabs\MAT_073_110_slab.cif,H2O adsorption structure
MAT_073,Ni,0.6,0.4,Ru0.60Ni0.40Ox,2,data\h2o_adsorbates\MAT_073_H2O_site2.cif,data\substituted_slabs\MAT_073_110_slab.cif,H2O adsorption structure
MAT_074,Ni,0.4,0.6,Ru0.40Ni0.60Ox,0,data\h2o_adsorbates\MAT_074_H2O_site0.cif,data\substituted_slabs\MAT_074_110_slab.cif,H2O adsorption structure
MAT_074,Ni,0.4,0.6,Ru0.40Ni0.60Ox,1,data\h2o_adsorbates\MAT_074_H2O_site1.cif,data\substituted_slabs\MAT_074_110_slab.cif,H2O adsorption structure
MAT_074,Ni,0.4,0.6,Ru0.40Ni0.60Ox,2,data\h2o_adsorbates\MAT_074_H2O_site2.cif,data\substituted_slabs\MAT_074_110_slab.cif,H2O adsorption structure
MAT_075,Ni,0.2,0.8,Ru0.20Ni0.80Ox,0,data\h2o_adsorbates\MAT_075_H2O_site0.cif,data\substituted_slabs\MAT_075_110_slab.cif,H2O adsorption structure
MAT_075,Ni,0.2,0.8,Ru0.20Ni0.80Ox,1,data\h2o_adsorbates\MAT_075_H2O_site1.cif,data\substituted_slabs\MAT_075_110_slab.cif,H2O adsorption structure
MAT_075,Ni,0.2,0.8,Ru0.20Ni0.80Ox,2,data\h2o_adsorbates\MAT_075_H2O_site2.cif,data\substituted_slabs\MAT_075_110_slab.cif,H2O adsorption structure
MAT_077,Cu,0.8,0.1999999999999999,Ru0.80Cu0.20Ox,0,data\h2o_adsorbates\MAT_077_H2O_site0.cif,data\substituted_slabs\MAT_077_110_slab.cif,H2O adsorption structure
MAT_077,Cu,0.8,0.1999999999999999,Ru0.80Cu0.20Ox,1,data\h2o_adsorbates\MAT_077_H2O_site1.cif,data\substituted_slabs\MAT_077_110_slab.cif,H2O adsorption structure
MAT_077,Cu,0.8,0.1999999999999999,Ru0.80Cu0.20Ox,2,data\h2o_adsorbates\MAT_077_H2O_site2.cif,data\substituted_slabs\MAT_077_110_slab.cif,H2O adsorption structure
MAT_078,Cu,0.6,0.4,Ru0.60Cu0.40Ox,0,data\h2o_adsorbates\MAT_078_H2O_site0.cif,data\substituted_slabs\MAT_078_110_slab.cif,H2O adsorption structure
MAT_078,Cu,0.6,0.4,Ru0.60Cu0.40Ox,1,data\h2o_adsorbates\MAT_078_H2O_site1.cif,data\substituted_slabs\MAT_078_110_slab.cif,H2O adsorption structure
MAT_078,Cu,0.6,0.4,Ru0.60Cu0.40Ox,2,data\h2o_adsorbates\MAT_078_H2O_site2.cif,data\substituted_slabs\MAT_078_110_slab.cif,H2O adsorption structure
MAT_079,Cu,0.4,0.6,Ru0.40Cu0.60Ox,0,data\h2o_adsorbates\MAT_079_H2O_site0.cif,data\substituted_slabs\MAT_079_110_slab.cif,H2O adsorption structure
MAT_079,Cu,0.4,0.6,Ru0.40Cu0.60Ox,1,data\h2o_adsorbates\MAT_079_H2O_site1.cif,data\substituted_slabs\MAT_079_110_slab.cif,H2O adsorption structure
MAT_079,Cu,0.4,0.6,Ru0.40Cu0.60Ox,2,data\h2o_adsorbates\MAT_079_H2O_site2.cif,data\substituted_slabs\MAT_079_110_slab.cif,H2O adsorption structure
MAT_080,Cu,0.2,0.8,Ru0.20Cu0.80Ox,0,data\h2o_adsorbates\MAT_080_H2O_site0.cif,data\substituted_slabs\MAT_080_110_slab.cif,H2O adsorption structure
MAT_080,Cu,0.2,0.8,Ru0.20Cu0.80Ox,1,data\h2o_adsorbates\MAT_080_H2O_site1.cif,data\substituted_slabs\MAT_080_110_slab.cif,H2O adsorption structure
MAT_080,Cu,0.2,0.8,Ru0.20Cu0.80Ox,2,data\h2o_adsorbates\MAT_080_H2O_site2.cif,data\substituted_slabs\MAT_080_110_slab.cif,H2O adsorption structure
MAT_082,Zn,0.8,0.1999999999999999,Ru0.80Zn0.20Ox,0,data\h2o_adsorbates\MAT_082_H2O_site0.cif,data\substituted_slabs\MAT_082_110_slab.cif,H2O adsorption structure
MAT_082,Zn,0.8,0.1999999999999999,Ru0.80Zn0.20Ox,1,data\h2o_adsorbates\MAT_082_H2O_site1.cif,data\substituted_slabs\MAT_082_110_slab.cif,H2O adsorption structure
MAT_082,Zn,0.8,0.1999999999999999,Ru0.80Zn0.20Ox,2,data\h2o_adsorbates\MAT_082_H2O_site2.cif,data\substituted_slabs\MAT_082_110_slab.cif,H2O adsorption structure
MAT_083,Zn,0.6,0.4,Ru0.60Zn0.40Ox,0,data\h2o_adsorbates\MAT_083_H2O_site0.cif,data\substituted_slabs\MAT_083_110_slab.cif,H2O adsorption structure
MAT_083,Zn,0.6,0.4,Ru0.60Zn0.40Ox,1,data\h2o_adsorbates\MAT_083_H2O_site1.cif,data\substituted_slabs\MAT_083_110_slab.cif,H2O adsorption structure
MAT_083,Zn,0.6,0.4,Ru0.60Zn0.40Ox,2,data\h2o_adsorbates\MAT_083_H2O_site2.cif,data\substituted_slabs\MAT_083_110_slab.cif,H2O adsorption structure
MAT_084,Zn,0.4,0.6,Ru0.40Zn0.60Ox,0,data\h2o_adsorbates\MAT_084_H2O_site0.cif,data\substituted_slabs\MAT_084_110_slab.cif,H2O adsorption structure
MAT_084,Zn,0.4,0.6,Ru0.40Zn0.60Ox,1,data\h2o_adsorbates\MAT_084_H2O_site1.cif,data\substituted_slabs\MAT_084_110_slab.cif,H2O adsorption structure
MAT_084,Zn,0.4,0.6,Ru0.40Zn0.60Ox,2,data\h2o_adsorbates\MAT_084_H2O_site2.cif,data\substituted_slabs\MAT_084_110_slab.cif,H2O adsorption structure
MAT_085,Zn,0.2,0.8,Ru0.20Zn0.80Ox,0,data\h2o_adsorbates\MAT_085_H2O_site0.cif,data\substituted_slabs\MAT_085_110_slab.cif,H2O adsorption structure
MAT_085,Zn,0.2,0.8,Ru0.20Zn0.80Ox,1,data\h2o_adsorbates\MAT_085_H2O_site1.cif,data\substituted_slabs\MAT_085_110_slab.cif,H2O adsorption structure
MAT_085,Zn,0.2,0.8,Ru0.20Zn0.80Ox,2,data\h2o_adsorbates\MAT_085_H2O_site2.cif,data\substituted_slabs\MAT_085_110_slab.cif,H2O adsorption structure
MAT_087,Ga,0.8,0.1999999999999999,Ru0.80Ga0.20Ox,0,data\h2o_adsorbates\MAT_087_H2O_site0.cif,data\substituted_slabs\MAT_087_110_slab.cif,H2O adsorption structure
MAT_087,Ga,0.8,0.1999999999999999,Ru0.80Ga0.20Ox,1,data\h2o_adsorbates\MAT_087_H2O_site1.cif,data\substituted_slabs\MAT_087_110_slab.cif,H2O adsorption structure
MAT_087,Ga,0.8,0.1999999999999999,Ru0.80Ga0.20Ox,2,data\h2o_adsorbates\MAT_087_H2O_site2.cif,data\substituted_slabs\MAT_087_110_slab.cif,H2O adsorption structure
MAT_088,Ga,0.6,0.4,Ru0.60Ga0.40Ox,0,data\h2o_adsorbates\MAT_088_H2O_site0.cif,data\substituted_slabs\MAT_088_110_slab.cif,H2O adsorption structure
MAT_088,Ga,0.6,0.4,Ru0.60Ga0.40Ox,1,data\h2o_adsorbates\MAT_088_H2O_site1.cif,data\substituted_slabs\MAT_088_110_slab.cif,H2O adsorption structure
MAT_088,Ga,0.6,0.4,Ru0.60Ga0.40Ox,2,data\h2o_adsorbates\MAT_088_H2O_site2.cif,data\substituted_slabs\MAT_088_110_slab.cif,H2O adsorption structure
MAT_089,Ga,0.4,0.6,Ru0.40Ga0.60Ox,0,data\h2o_adsorbates\MAT_089_H2O_site0.cif,data\substituted_slabs\MAT_089_110_slab.cif,H2O adsorption structure
MAT_089,Ga,0.4,0.6,Ru0.40Ga0.60Ox,1,data\h2o_adsorbates\MAT_089_H2O_site1.cif,data\substituted_slabs\MAT_089_110_slab.cif,H2O adsorption structure
MAT_089,Ga,0.4,0.6,Ru0.40Ga0.60Ox,2,data\h2o_adsorbates\MAT_089_H2O_site2.cif,data\substituted_slabs\MAT_089_110_slab.cif,H2O adsorption structure
MAT_090,Ga,0.2,0.8,Ru0.20Ga0.80Ox,0,data\h2o_adsorbates\MAT_090_H2O_site0.cif,data\substituted_slabs\MAT_090_110_slab.cif,H2O adsorption structure
MAT_090,Ga,0.2,0.8,Ru0.20Ga0.80Ox,1,data\h2o_adsorbates\MAT_090_H2O_site1.cif,data\substituted_slabs\MAT_090_110_slab.cif,H2O adsorption structure
MAT_090,Ga,0.2,0.8,Ru0.20Ga0.80Ox,2,data\h2o_adsorbates\MAT_090_H2O_site2.cif,data\substituted_slabs\MAT_090_110_slab.cif,H2O adsorption structure
MAT_092,Ge,0.8,0.1999999999999999,Ru0.80Ge0.20Ox,0,data\h2o_adsorbates\MAT_092_H2O_site0.cif,data\substituted_slabs\MAT_092_110_slab.cif,H2O adsorption structure
MAT_092,Ge,0.8,0.1999999999999999,Ru0.80Ge0.20Ox,1,data\h2o_adsorbates\MAT_092_H2O_site1.cif,data\substituted_slabs\MAT_092_110_slab.cif,H2O adsorption structure
MAT_092,Ge,0.8,0.1999999999999999,Ru0.80Ge0.20Ox,2,data\h2o_adsorbates\MAT_092_H2O_site2.cif,data\substituted_slabs\MAT_092_110_slab.cif,H2O adsorption structure
MAT_093,Ge,0.6,0.4,Ru0.60Ge0.40Ox,0,data\h2o_adsorbates\MAT_093_H2O_site0.cif,data\substituted_slabs\MAT_093_110_slab.cif,H2O adsorption structure
MAT_093,Ge,0.6,0.4,Ru0.60Ge0.40Ox,1,data\h2o_adsorbates\MAT_093_H2O_site1.cif,data\substituted_slabs\MAT_093_110_slab.cif,H2O adsorption structure
MAT_093,Ge,0.6,0.4,Ru0.60Ge0.40Ox,2,data\h2o_adsorbates\MAT_093_H2O_site2.cif,data\substituted_slabs\MAT_093_110_slab.cif,H2O adsorption structure
MAT_094,Ge,0.4,0.6,Ru0.40Ge0.60Ox,0,data\h2o_adsorbates\MAT_094_H2O_site0.cif,data\substituted_slabs\MAT_094_110_slab.cif,H2O adsorption structure
MAT_094,Ge,0.4,0.6,Ru0.40Ge0.60Ox,1,data\h2o_adsorbates\MAT_094_H2O_site1.cif,data\substituted_slabs\MAT_094_110_slab.cif,H2O adsorption structure
MAT_094,Ge,0.4,0.6,Ru0.40Ge0.60Ox,2,data\h2o_adsorbates\MAT_094_H2O_site2.cif,data\substituted_slabs\MAT_094_110_slab.cif,H2O adsorption structure
MAT_095,Ge,0.2,0.8,Ru0.20Ge0.80Ox,0,data\h2o_adsorbates\MAT_095_H2O_site0.cif,data\substituted_slabs\MAT_095_110_slab.cif,H2O adsorption structure
MAT_095,Ge,0.2,0.8,Ru0.20Ge0.80Ox,1,data\h2o_adsorbates\MAT_095_H2O_site1.cif,data\substituted_slabs\MAT_095_110_slab.cif,H2O adsorption structure
MAT_095,Ge,0.2,0.8,Ru0.20Ge0.80Ox,2,data\h2o_adsorbates\MAT_095_H2O_site2.cif,data\substituted_slabs\MAT_095_110_slab.cif,H2O adsorption structure
MAT_097,Sr,0.8,0.1999999999999999,Ru0.80Sr0.20Ox,0,data\h2o_adsorbates\MAT_097_H2O_site0.cif,data\substituted_slabs\MAT_097_110_slab.cif,H2O adsorption structure
MAT_097,Sr,0.8,0.1999999999999999,Ru0.80Sr0.20Ox,1,data\h2o_adsorbates\MAT_097_H2O_site1.cif,data\substituted_slabs\MAT_097_110_slab.cif,H2O adsorption structure
MAT_097,Sr,0.8,0.1999999999999999,Ru0.80Sr0.20Ox,2,data\h2o_adsorbates\MAT_097_H2O_site2.cif,data\substituted_slabs\MAT_097_110_slab.cif,H2O adsorption structure
MAT_098,Sr,0.6,0.4,Ru0.60Sr0.40Ox,0,data\h2o_adsorbates\MAT_098_H2O_site0.cif,data\substituted_slabs\MAT_098_110_slab.cif,H2O adsorption structure
MAT_098,Sr,0.6,0.4,Ru0.60Sr0.40Ox,1,data\h2o_adsorbates\MAT_098_H2O_site1.cif,data\substituted_slabs\MAT_098_110_slab.cif,H2O adsorption structure
MAT_098,Sr,0.6,0.4,Ru0.60Sr0.40Ox,2,data\h2o_adsorbates\MAT_098_H2O_site2.cif,data\substituted_slabs\MAT_098_110_slab.cif,H2O adsorption structure
MAT_099,Sr,0.4,0.6,Ru0.40Sr0.60Ox,0,data\h2o_adsorbates\MAT_099_H2O_site0.cif,data\substituted_slabs\MAT_099_110_slab.cif,H2O adsorption structure
MAT_099,Sr,0.4,0.6,Ru0.40Sr0.60Ox,1,data\h2o_adsorbates\MAT_099_H2O_site1.cif,data\substituted_slabs\MAT_099_110_slab.cif,H2O adsorption structure
MAT_099,Sr,0.4,0.6,Ru0.40Sr0.60Ox,2,data\h2o_adsorbates\MAT_099_H2O_site2.cif,data\substituted_slabs\MAT_099_110_slab.cif,H2O adsorption structure
MAT_100,Sr,0.2,0.8,Ru0.20Sr0.80Ox,0,data\h2o_adsorbates\MAT_100_H2O_site0.cif,data\substituted_slabs\MAT_100_110_slab.cif,H2O adsorption structure
MAT_100,Sr,0.2,0.8,Ru0.20Sr0.80Ox,1,data\h2o_adsorbates\MAT_100_H2O_site1.cif,data\substituted_slabs\MAT_100_110_slab.cif,H2O adsorption structure
MAT_100,Sr,0.2,0.8,Ru0.20Sr0.80Ox,2,data\h2o_adsorbates\MAT_100_H2O_site2.cif,data\substituted_slabs\MAT_100_110_slab.cif,H2O adsorption structure
MAT_102,Y,0.8,0.1999999999999999,Ru0.80Y0.20Ox,0,data\h2o_adsorbates\MAT_102_H2O_site0.cif,data\substituted_slabs\MAT_102_110_slab.cif,H2O adsorption structure
MAT_102,Y,0.8,0.1999999999999999,Ru0.80Y0.20Ox,1,data\h2o_adsorbates\MAT_102_H2O_site1.cif,data\substituted_slabs\MAT_102_110_slab.cif,H2O adsorption structure
MAT_102,Y,0.8,0.1999999999999999,Ru0.80Y0.20Ox,2,data\h2o_adsorbates\MAT_102_H2O_site2.cif,data\substituted_slabs\MAT_102_110_slab.cif,H2O adsorption structure
MAT_103,Y,0.6,0.4,Ru0.60Y0.40Ox,0,data\h2o_adsorbates\MAT_103_H2O_site0.cif,data\substituted_slabs\MAT_103_110_slab.cif,H2O adsorption structure
MAT_103,Y,0.6,0.4,Ru0.60Y0.40Ox,1,data\h2o_adsorbates\MAT_103_H2O_site1.cif,data\substituted_slabs\MAT_103_110_slab.cif,H2O adsorption structure
MAT_103,Y,0.6,0.4,Ru0.60Y0.40Ox,2,data\h2o_adsorbates\MAT_103_H2O_site2.cif,data\substituted_slabs\MAT_103_110_slab.cif,H2O adsorption structure
MAT_104,Y,0.4,0.6,Ru0.40Y0.60Ox,0,data\h2o_adsorbates\MAT_104_H2O_site0.cif,data\substituted_slabs\MAT_104_110_slab.cif,H2O adsorption structure
MAT_104,Y,0.4,0.6,Ru0.40Y0.60Ox,1,data\h2o_adsorbates\MAT_104_H2O_site1.cif,data\substituted_slabs\MAT_104_110_slab.cif,H2O adsorption structure
MAT_104,Y,0.4,0.6,Ru0.40Y0.60Ox,2,data\h2o_adsorbates\MAT_104_H2O_site2.cif,data\substituted_slabs\MAT_104_110_slab.cif,H2O adsorption structure
MAT_105,Y,0.2,0.8,Ru0.20Y0.80Ox,0,data\h2o_adsorbates\MAT_105_H2O_site0.cif,data\substituted_slabs\MAT_105_110_slab.cif,H2O adsorption structure
MAT_105,Y,0.2,0.8,Ru0.20Y0.80Ox,1,data\h2o_adsorbates\MAT_105_H2O_site1.cif,data\substituted_slabs\MAT_105_110_slab.cif,H2O adsorption structure
MAT_105,Y,0.2,0.8,Ru0.20Y0.80Ox,2,data\h2o_adsorbates\MAT_105_H2O_site2.cif,data\substituted_slabs\MAT_105_110_slab.cif,H2O adsorption structure
MAT_107,Zr,0.8,0.1999999999999999,Ru0.80Zr0.20Ox,0,data\h2o_adsorbates\MAT_107_H2O_site0.cif,data\substituted_slabs\MAT_107_110_slab.cif,H2O adsorption structure
MAT_107,Zr,0.8,0.1999999999999999,Ru0.80Zr0.20Ox,1,data\h2o_adsorbates\MAT_107_H2O_site1.cif,data\substituted_slabs\MAT_107_110_slab.cif,H2O adsorption structure
MAT_107,Zr,0.8,0.1999999999999999,Ru0.80Zr0.20Ox,2,data\h2o_adsorbates\MAT_107_H2O_site2.cif,data\substituted_slabs\MAT_107_110_slab.cif,H2O adsorption structure
MAT_108,Zr,0.6,0.4,Ru0.60Zr0.40Ox,0,data\h2o_adsorbates\MAT_108_H2O_site0.cif,data\substituted_slabs\MAT_108_110_slab.cif,H2O adsorption structure
MAT_108,Zr,0.6,0.4,Ru0.60Zr0.40Ox,1,data\h2o_adsorbates\MAT_108_H2O_site1.cif,data\substituted_slabs\MAT_108_110_slab.cif,H2O adsorption structure
MAT_108,Zr,0.6,0.4,Ru0.60Zr0.40Ox,2,data\h2o_adsorbates\MAT_108_H2O_site2.cif,data\substituted_slabs\MAT_108_110_slab.cif,H2O adsorption structure
MAT_109,Zr,0.4,0.6,Ru0.40Zr0.60Ox,0,data\h2o_adsorbates\MAT_109_H2O_site0.cif,data\substituted_slabs\MAT_109_110_slab.cif,H2O adsorption structure
MAT_109,Zr,0.4,0.6,Ru0.40Zr0.60Ox,1,data\h2o_adsorbates\MAT_109_H2O_site1.cif,data\substituted_slabs\MAT_109_110_slab.cif,H2O adsorption structure
MAT_109,Zr,0.4,0.6,Ru0.40Zr0.60Ox,2,data\h2o_adsorbates\MAT_109_H2O_site2.cif,data\substituted_slabs\MAT_109_110_slab.cif,H2O adsorption structure
MAT_110,Zr,0.2,0.8,Ru0.20Zr0.80Ox,0,data\h2o_adsorbates\MAT_110_H2O_site0.cif,data\substituted_slabs\MAT_110_110_slab.cif,H2O adsorption structure
MAT_110,Zr,0.2,0.8,Ru0.20Zr0.80Ox,1,data\h2o_adsorbates\MAT_110_H2O_site1.cif,data\substituted_slabs\MAT_110_110_slab.cif,H2O adsorption structure
MAT_110,Zr,0.2,0.8,Ru0.20Zr0.80Ox,2,data\h2o_adsorbates\MAT_110_H2O_site2.cif,data\substituted_slabs\MAT_110_110_slab.cif,H2O adsorption structure
MAT_112,Nb,0.8,0.1999999999999999,Ru0.80Nb0.20Ox,0,data\h2o_adsorbates\MAT_112_H2O_site0.cif,data\substituted_slabs\MAT_112_110_slab.cif,H2O adsorption structure
MAT_112,Nb,0.8,0.1999999999999999,Ru0.80Nb0.20Ox,1,data\h2o_adsorbates\MAT_112_H2O_site1.cif,data\substituted_slabs\MAT_112_110_slab.cif,H2O adsorption structure
MAT_112,Nb,0.8,0.1999999999999999,Ru0.80Nb0.20Ox,2,data\h2o_adsorbates\MAT_112_H2O_site2.cif,data\substituted_slabs\MAT_112_110_slab.cif,H2O adsorption structure
MAT_113,Nb,0.6,0.4,Ru0.60Nb0.40Ox,0,data\h2o_adsorbates\MAT_113_H2O_site0.cif,data\substituted_slabs\MAT_113_110_slab.cif,H2O adsorption structure
MAT_113,Nb,0.6,0.4,Ru0.60Nb0.40Ox,1,data\h2o_adsorbates\MAT_113_H2O_site1.cif,data\substituted_slabs\MAT_113_110_slab.cif,H2O adsorption structure
MAT_113,Nb,0.6,0.4,Ru0.60Nb0.40Ox,2,data\h2o_adsorbates\MAT_113_H2O_site2.cif,data\substituted_slabs\MAT_113_110_slab.cif,H2O adsorption structure
MAT_114,Nb,0.4,0.6,Ru0.40Nb0.60Ox,0,data\h2o_adsorbates\MAT_114_H2O_site0.cif,data\substituted_slabs\MAT_114_110_slab.cif,H2O adsorption structure
MAT_114,Nb,0.4,0.6,Ru0.40Nb0.60Ox,1,data\h2o_adsorbates\MAT_114_H2O_site1.cif,data\substituted_slabs\MAT_114_110_slab.cif,H2O adsorption structure
MAT_114,Nb,0.4,0.6,Ru0.40Nb0.60Ox,2,data\h2o_adsorbates\MAT_114_H2O_site2.cif,data\substituted_slabs\MAT_114_110_slab.cif,H2O adsorption structure
MAT_115,Nb,0.2,0.8,Ru0.20Nb0.80Ox,0,data\h2o_adsorbates\MAT_115_H2O_site0.cif,data\substituted_slabs\MAT_115_110_slab.cif,H2O adsorption structure
MAT_115,Nb,0.2,0.8,Ru0.20Nb0.80Ox,1,data\h2o_adsorbates\MAT_115_H2O_site1.cif,data\substituted_slabs\MAT_115_110_slab.cif,H2O adsorption structure
MAT_115,Nb,0.2,0.8,Ru0.20Nb0.80Ox,2,data\h2o_adsorbates\MAT_115_H2O_site2.cif,data\substituted_slabs\MAT_115_110_slab.cif,H2O adsorption structure
MAT_117,Mo,0.8,0.1999999999999999,Ru0.80Mo0.20Ox,0,data\h2o_adsorbates\MAT_117_H2O_site0.cif,data\substituted_slabs\MAT_117_110_slab.cif,H2O adsorption structure
MAT_117,Mo,0.8,0.1999999999999999,Ru0.80Mo0.20Ox,1,data\h2o_adsorbates\MAT_117_H2O_site1.cif,data\substituted_slabs\MAT_117_110_slab.cif,H2O adsorption structure
MAT_117,Mo,0.8,0.1999999999999999,Ru0.80Mo0.20Ox,2,data\h2o_adsorbates\MAT_117_H2O_site2.cif,data\substituted_slabs\MAT_117_110_slab.cif,H2O adsorption structure
MAT_118,Mo,0.6,0.4,Ru0.60Mo0.40Ox,0,data\h2o_adsorbates\MAT_118_H2O_site0.cif,data\substituted_slabs\MAT_118_110_slab.cif,H2O adsorption structure
MAT_118,Mo,0.6,0.4,Ru0.60Mo0.40Ox,1,data\h2o_adsorbates\MAT_118_H2O_site1.cif,data\substituted_slabs\MAT_118_110_slab.cif,H2O adsorption structure
MAT_118,Mo,0.6,0.4,Ru0.60Mo0.40Ox,2,data\h2o_adsorbates\MAT_118_H2O_site2.cif,data\substituted_slabs\MAT_118_110_slab.cif,H2O adsorption structure
MAT_119,Mo,0.4,0.6,Ru0.40Mo0.60Ox,0,data\h2o_adsorbates\MAT_119_H2O_site0.cif,data\substituted_slabs\MAT_119_110_slab.cif,H2O adsorption structure
MAT_119,Mo,0.4,0.6,Ru0.40Mo0.60Ox,1,data\h2o_adsorbates\MAT_119_H2O_site1.cif,data\substituted_slabs\MAT_119_110_slab.cif,H2O adsorption structure
MAT_119,Mo,0.4,0.6,Ru0.40Mo0.60Ox,2,data\h2o_adsorbates\MAT_119_H2O_site2.cif,data\substituted_slabs\MAT_119_110_slab.cif,H2O adsorption structure
MAT_120,Mo,0.2,0.8,Ru0.20Mo0.80Ox,0,data\h2o_adsorbates\MAT_120_H2O_site0.cif,data\substituted_slabs\MAT_120_110_slab.cif,H2O adsorption structure
MAT_120,Mo,0.2,0.8,Ru0.20Mo0.80Ox,1,data\h2o_adsorbates\MAT_120_H2O_site1.cif,data\substituted_slabs\MAT_120_110_slab.cif,H2O adsorption structure
MAT_120,Mo,0.2,0.8,Ru0.20Mo0.80Ox,2,data\h2o_adsorbates\MAT_120_H2O_site2.cif,data\substituted_slabs\MAT_120_110_slab.cif,H2O adsorption structure
MAT_122,Rh,0.8,0.1999999999999999,Ru0.80Rh0.20Ox,0,data\h2o_adsorbates\MAT_122_H2O_site0.cif,data\substituted_slabs\MAT_122_110_slab.cif,H2O adsorption structure
MAT_122,Rh,0.8,0.1999999999999999,Ru0.80Rh0.20Ox,1,data\h2o_adsorbates\MAT_122_H2O_site1.cif,data\substituted_slabs\MAT_122_110_slab.cif,H2O adsorption structure
MAT_122,Rh,0.8,0.1999999999999999,Ru0.80Rh0.20Ox,2,data\h2o_adsorbates\MAT_122_H2O_site2.cif,data\substituted_slabs\MAT_122_110_slab.cif,H2O adsorption structure
MAT_123,Rh,0.6,0.4,Ru0.60Rh0.40Ox,0,data\h2o_adsorbates\MAT_123_H2O_site0.cif,data\substituted_slabs\MAT_123_110_slab.cif,H2O adsorption structure
MAT_123,Rh,0.6,0.4,Ru0.60Rh0.40Ox,1,data\h2o_adsorbates\MAT_123_H2O_site1.cif,data\substituted_slabs\MAT_123_110_slab.cif,H2O adsorption structure
MAT_123,Rh,0.6,0.4,Ru0.60Rh0.40Ox,2,data\h2o_adsorbates\MAT_123_H2O_site2.cif,data\substituted_slabs\MAT_123_110_slab.cif,H2O adsorption structure
MAT_124,Rh,0.4,0.6,Ru0.40Rh0.60Ox,0,data\h2o_adsorbates\MAT_124_H2O_site0.cif,data\substituted_slabs\MAT_124_110_slab.cif,H2O adsorption structure
MAT_124,Rh,0.4,0.6,Ru0.40Rh0.60Ox,1,data\h2o_adsorbates\MAT_124_H2O_site1.cif,data\substituted_slabs\MAT_124_110_slab.cif,H2O adsorption structure
MAT_124,Rh,0.4,0.6,Ru0.40Rh0.60Ox,2,data\h2o_adsorbates\MAT_124_H2O_site2.cif,data\substituted_slabs\MAT_124_110_slab.cif,H2O adsorption structure
MAT_125,Rh,0.2,0.8,Ru0.20Rh0.80Ox,0,data\h2o_adsorbates\MAT_125_H2O_site0.cif,data\substituted_slabs\MAT_125_110_slab.cif,H2O adsorption structure
MAT_125,Rh,0.2,0.8,Ru0.20Rh0.80Ox,1,data\h2o_adsorbates\MAT_125_H2O_site1.cif,data\substituted_slabs\MAT_125_110_slab.cif,H2O adsorption structure
MAT_125,Rh,0.2,0.8,Ru0.20Rh0.80Ox,2,data\h2o_adsorbates\MAT_125_H2O_site2.cif,data\substituted_slabs\MAT_125_110_slab.cif,H2O adsorption structure
MAT_127,Pd,0.8,0.1999999999999999,Ru0.80Pd0.20Ox,0,data\h2o_adsorbates\MAT_127_H2O_site0.cif,data\substituted_slabs\MAT_127_110_slab.cif,H2O adsorption structure
MAT_127,Pd,0.8,0.1999999999999999,Ru0.80Pd0.20Ox,1,data\h2o_adsorbates\MAT_127_H2O_site1.cif,data\substituted_slabs\MAT_127_110_slab.cif,H2O adsorption structure
MAT_127,Pd,0.8,0.1999999999999999,Ru0.80Pd0.20Ox,2,data\h2o_adsorbates\MAT_127_H2O_site2.cif,data\substituted_slabs\MAT_127_110_slab.cif,H2O adsorption structure
MAT_128,Pd,0.6,0.4,Ru0.60Pd0.40Ox,0,data\h2o_adsorbates\MAT_128_H2O_site0.cif,data\substituted_slabs\MAT_128_110_slab.cif,H2O adsorption structure
MAT_128,Pd,0.6,0.4,Ru0.60Pd0.40Ox,1,data\h2o_adsorbates\MAT_128_H2O_site1.cif,data\substituted_slabs\MAT_128_110_slab.cif,H2O adsorption structure
MAT_128,Pd,0.6,0.4,Ru0.60Pd0.40Ox,2,data\h2o_adsorbates\MAT_128_H2O_site2.cif,data\substituted_slabs\MAT_128_110_slab.cif,H2O adsorption structure
MAT_129,Pd,0.4,0.6,Ru0.40Pd0.60Ox,0,data\h2o_adsorbates\MAT_129_H2O_site0.cif,data\substituted_slabs\MAT_129_110_slab.cif,H2O adsorption structure
MAT_129,Pd,0.4,0.6,Ru0.40Pd0.60Ox,1,data\h2o_adsorbates\MAT_129_H2O_site1.cif,data\substituted_slabs\MAT_129_110_slab.cif,H2O adsorption structure
MAT_129,Pd,0.4,0.6,Ru0.40Pd0.60Ox,2,data\h2o_adsorbates\MAT_129_H2O_site2.cif,data\substituted_slabs\MAT_129_110_slab.cif,H2O adsorption structure
MAT_130,Pd,0.2,0.8,Ru0.20Pd0.80Ox,0,data\h2o_adsorbates\MAT_130_H2O_site0.cif,data\substituted_slabs\MAT_130_110_slab.cif,H2O adsorption structure
MAT_130,Pd,0.2,0.8,Ru0.20Pd0.80Ox,1,data\h2o_adsorbates\MAT_130_H2O_site1.cif,data\substituted_slabs\MAT_130_110_slab.cif,H2O adsorption structure
MAT_130,Pd,0.2,0.8,Ru0.20Pd0.80Ox,2,data\h2o_adsorbates\MAT_130_H2O_site2.cif,data\substituted_slabs\MAT_130_110_slab.cif,H2O adsorption structure
MAT_132,Ag,0.8,0.1999999999999999,Ru0.80Ag0.20Ox,0,data\h2o_adsorbates\MAT_132_H2O_site0.cif,data\substituted_slabs\MAT_132_110_slab.cif,H2O adsorption structure
MAT_132,Ag,0.8,0.1999999999999999,Ru0.80Ag0.20Ox,1,data\h2o_adsorbates\MAT_132_H2O_site1.cif,data\substituted_slabs\MAT_132_110_slab.cif,H2O adsorption structure
MAT_132,Ag,0.8,0.1999999999999999,Ru0.80Ag0.20Ox,2,data\h2o_adsorbates\MAT_132_H2O_site2.cif,data\substituted_slabs\MAT_132_110_slab.cif,H2O adsorption structure
MAT_133,Ag,0.6,0.4,Ru0.60Ag0.40Ox,0,data\h2o_adsorbates\MAT_133_H2O_site0.cif,data\substituted_slabs\MAT_133_110_slab.cif,H2O adsorption structure
MAT_133,Ag,0.6,0.4,Ru0.60Ag0.40Ox,1,data\h2o_adsorbates\MAT_133_H2O_site1.cif,data\substituted_slabs\MAT_133_110_slab.cif,H2O adsorption structure
MAT_133,Ag,0.6,0.4,Ru0.60Ag0.40Ox,2,data\h2o_adsorbates\MAT_133_H2O_site2.cif,data\substituted_slabs\MAT_133_110_slab.cif,H2O adsorption structure
MAT_134,Ag,0.4,0.6,Ru0.40Ag0.60Ox,0,data\h2o_adsorbates\MAT_134_H2O_site0.cif,data\substituted_slabs\MAT_134_110_slab.cif,H2O adsorption structure
MAT_134,Ag,0.4,0.6,Ru0.40Ag0.60Ox,1,data\h2o_adsorbates\MAT_134_H2O_site1.cif,data\substituted_slabs\MAT_134_110_slab.cif,H2O adsorption structure
MAT_134,Ag,0.4,0.6,Ru0.40Ag0.60Ox,2,data\h2o_adsorbates\MAT_134_H2O_site2.cif,data\substituted_slabs\MAT_134_110_slab.cif,H2O adsorption structure
MAT_135,Ag,0.2,0.8,Ru0.20Ag0.80Ox,0,data\h2o_adsorbates\MAT_135_H2O_site0.cif,data\substituted_slabs\MAT_135_110_slab.cif,H2O adsorption structure
MAT_135,Ag,0.2,0.8,Ru0.20Ag0.80Ox,1,data\h2o_adsorbates\MAT_135_H2O_site1.cif,data\substituted_slabs\MAT_135_110_slab.cif,H2O adsorption structure
MAT_135,Ag,0.2,0.8,Ru0.20Ag0.80Ox,2,data\h2o_adsorbates\MAT_135_H2O_site2.cif,data\substituted_slabs\MAT_135_110_slab.cif,H2O adsorption structure
MAT_137,Cd,0.8,0.1999999999999999,Ru0.80Cd0.20Ox,0,data\h2o_adsorbates\MAT_137_H2O_site0.cif,data\substituted_slabs\MAT_137_110_slab.cif,H2O adsorption structure
MAT_137,Cd,0.8,0.1999999999999999,Ru0.80Cd0.20Ox,1,data\h2o_adsorbates\MAT_137_H2O_site1.cif,data\substituted_slabs\MAT_137_110_slab.cif,H2O adsorption structure
MAT_137,Cd,0.8,0.1999999999999999,Ru0.80Cd0.20Ox,2,data\h2o_adsorbates\MAT_137_H2O_site2.cif,data\substituted_slabs\MAT_137_110_slab.cif,H2O adsorption structure
MAT_138,Cd,0.6,0.4,Ru0.60Cd0.40Ox,0,data\h2o_adsorbates\MAT_138_H2O_site0.cif,data\substituted_slabs\MAT_138_110_slab.cif,H2O adsorption structure
MAT_138,Cd,0.6,0.4,Ru0.60Cd0.40Ox,1,data\h2o_adsorbates\MAT_138_H2O_site1.cif,data\substituted_slabs\MAT_138_110_slab.cif,H2O adsorption structure
MAT_138,Cd,0.6,0.4,Ru0.60Cd0.40Ox,2,data\h2o_adsorbates\MAT_138_H2O_site2.cif,data\substituted_slabs\MAT_138_110_slab.cif,H2O adsorption structure
MAT_139,Cd,0.4,0.6,Ru0.40Cd0.60Ox,0,data\h2o_adsorbates\MAT_139_H2O_site0.cif,data\substituted_slabs\MAT_139_110_slab.cif,H2O adsorption structure
MAT_139,Cd,0.4,0.6,Ru0.40Cd0.60Ox,1,data\h2o_adsorbates\MAT_139_H2O_site1.cif,data\substituted_slabs\MAT_139_110_slab.cif,H2O adsorption structure
MAT_139,Cd,0.4,0.6,Ru0.40Cd0.60Ox,2,data\h2o_adsorbates\MAT_139_H2O_site2.cif,data\substituted_slabs\MAT_139_110_slab.cif,H2O adsorption structure
MAT_140,Cd,0.2,0.8,Ru0.20Cd0.80Ox,0,data\h2o_adsorbates\MAT_140_H2O_site0.cif,data\substituted_slabs\MAT_140_110_slab.cif,H2O adsorption structure
MAT_140,Cd,0.2,0.8,Ru0.20Cd0.80Ox,1,data\h2o_adsorbates\MAT_140_H2O_site1.cif,data\substituted_slabs\MAT_140_110_slab.cif,H2O adsorption structure
MAT_140,Cd,0.2,0.8,Ru0.20Cd0.80Ox,2,data\h2o_adsorbates\MAT_140_H2O_site2.cif,data\substituted_slabs\MAT_140_110_slab.cif,H2O adsorption structure
MAT_142,In,0.8,0.1999999999999999,Ru0.80In0.20Ox,0,data\h2o_adsorbates\MAT_142_H2O_site0.cif,data\substituted_slabs\MAT_142_110_slab.cif,H2O adsorption structure
MAT_142,In,0.8,0.1999999999999999,Ru0.80In0.20Ox,1,data\h2o_adsorbates\MAT_142_H2O_site1.cif,data\substituted_slabs\MAT_142_110_slab.cif,H2O adsorption structure
MAT_142,In,0.8,0.1999999999999999,Ru0.80In0.20Ox,2,data\h2o_adsorbates\MAT_142_H2O_site2.cif,data\substituted_slabs\MAT_142_110_slab.cif,H2O adsorption structure
MAT_143,In,0.6,0.4,Ru0.60In0.40Ox,0,data\h2o_adsorbates\MAT_143_H2O_site0.cif,data\substituted_slabs\MAT_143_110_slab.cif,H2O adsorption structure
MAT_143,In,0.6,0.4,Ru0.60In0.40Ox,1,data\h2o_adsorbates\MAT_143_H2O_site1.cif,data\substituted_slabs\MAT_143_110_slab.cif,H2O adsorption structure
MAT_143,In,0.6,0.4,Ru0.60In0.40Ox,2,data\h2o_adsorbates\MAT_143_H2O_site2.cif,data\substituted_slabs\MAT_143_110_slab.cif,H2O adsorption structure
MAT_144,In,0.4,0.6,Ru0.40In0.60Ox,0,data\h2o_adsorbates\MAT_144_H2O_site0.cif,data\substituted_slabs\MAT_144_110_slab.cif,H2O adsorption structure
MAT_144,In,0.4,0.6,Ru0.40In0.60Ox,1,data\h2o_adsorbates\MAT_144_H2O_site1.cif,data\substituted_slabs\MAT_144_110_slab.cif,H2O adsorption structure
MAT_144,In,0.4,0.6,Ru0.40In0.60Ox,2,data\h2o_adsorbates\MAT_144_H2O_site2.cif,data\substituted_slabs\MAT_144_110_slab.cif,H2O adsorption structure
MAT_145,In,0.2,0.8,Ru0.20In0.80Ox,0,data\h2o_adsorbates\MAT_145_H2O_site0.cif,data\substituted_slabs\MAT_145_110_slab.cif,H2O adsorption structure
MAT_145,In,0.2,0.8,Ru0.20In0.80Ox,1,data\h2o_adsorbates\MAT_145_H2O_site1.cif,data\substituted_slabs\MAT_145_110_slab.cif,H2O adsorption structure
MAT_145,In,0.2,0.8,Ru0.20In0.80Ox,2,data\h2o_adsorbates\MAT_145_H2O_site2.cif,data\substituted_slabs\MAT_145_110_slab.cif,H2O adsorption structure
MAT_147,Sn,0.8,0.1999999999999999,Ru0.80Sn0.20Ox,0,data\h2o_adsorbates\MAT_147_H2O_site0.cif,data\substituted_slabs\MAT_147_110_slab.cif,H2O adsorption structure
MAT_147,Sn,0.8,0.1999999999999999,Ru0.80Sn0.20Ox,1,data\h2o_adsorbates\MAT_147_H2O_site1.cif,data\substituted_slabs\MAT_147_110_slab.cif,H2O adsorption structure
MAT_147,Sn,0.8,0.1999999999999999,Ru0.80Sn0.20Ox,2,data\h2o_adsorbates\MAT_147_H2O_site2.cif,data\substituted_slabs\MAT_147_110_slab.cif,H2O adsorption structure
MAT_148,Sn,0.6,0.4,Ru0.60Sn0.40Ox,0,data\h2o_adsorbates\MAT_148_H2O_site0.cif,data\substituted_slabs\MAT_148_110_slab.cif,H2O adsorption structure
MAT_148,Sn,0.6,0.4,Ru0.60Sn0.40Ox,1,data\h2o_adsorbates\MAT_148_H2O_site1.cif,data\substituted_slabs\MAT_148_110_slab.cif,H2O adsorption structure
MAT_148,Sn,0.6,0.4,Ru0.60Sn0.40Ox,2,data\h2o_adsorbates\MAT_148_H2O_site2.cif,data\substituted_slabs\MAT_148_110_slab.cif,H2O adsorption structure
MAT_149,Sn,0.4,0.6,Ru0.40Sn0.60Ox,0,data\h2o_adsorbates\MAT_149_H2O_site0.cif,data\substituted_slabs\MAT_149_110_slab.cif,H2O adsorption structure
MAT_149,Sn,0.4,0.6,Ru0.40Sn0.60Ox,1,data\h2o_adsorbates\MAT_149_H2O_site1.cif,data\substituted_slabs\MAT_149_110_slab.cif,H2O adsorption structure
MAT_149,Sn,0.4,0.6,Ru0.40Sn0.60Ox,2,data\h2o_adsorbates\MAT_149_H2O_site2.cif,data\substituted_slabs\MAT_149_110_slab.cif,H2O adsorption structure
MAT_150,Sn,0.2,0.8,Ru0.20Sn0.80Ox,0,data\h2o_adsorbates\MAT_150_H2O_site0.cif,data\substituted_slabs\MAT_150_110_slab.cif,H2O adsorption structure
MAT_150,Sn,0.2,0.8,Ru0.20Sn0.80Ox,1,data\h2o_adsorbates\MAT_150_H2O_site1.cif,data\substituted_slabs\MAT_150_110_slab.cif,H2O adsorption structure
MAT_150,Sn,0.2,0.8,Ru0.20Sn0.80Ox,2,data\h2o_adsorbates\MAT_150_H2O_site2.cif,data\substituted_slabs\MAT_150_110_slab.cif,H2O adsorption structure
MAT_152,Ba,0.8,0.1999999999999999,Ru0.80Ba0.20Ox,0,data\h2o_adsorbates\MAT_152_H2O_site0.cif,data\substituted_slabs\MAT_152_110_slab.cif,H2O adsorption structure
MAT_152,Ba,0.8,0.1999999999999999,Ru0.80Ba0.20Ox,1,data\h2o_adsorbates\MAT_152_H2O_site1.cif,data\substituted_slabs\MAT_152_110_slab.cif,H2O adsorption structure
MAT_152,Ba,0.8,0.1999999999999999,Ru0.80Ba0.20Ox,2,data\h2o_adsorbates\MAT_152_H2O_site2.cif,data\substituted_slabs\MAT_152_110_slab.cif,H2O adsorption structure
MAT_153,Ba,0.6,0.4,Ru0.60Ba0.40Ox,0,data\h2o_adsorbates\MAT_153_H2O_site0.cif,data\substituted_slabs\MAT_153_110_slab.cif,H2O adsorption structure
MAT_153,Ba,0.6,0.4,Ru0.60Ba0.40Ox,1,data\h2o_adsorbates\MAT_153_H2O_site1.cif,data\substituted_slabs\MAT_153_110_slab.cif,H2O adsorption structure
MAT_153,Ba,0.6,0.4,Ru0.60Ba0.40Ox,2,data\h2o_adsorbates\MAT_153_H2O_site2.cif,data\substituted_slabs\MAT_153_110_slab.cif,H2O adsorption structure
MAT_154,Ba,0.4,0.6,Ru0.40Ba0.60Ox,0,data\h2o_adsorbates\MAT_154_H2O_site0.cif,data\substituted_slabs\MAT_154_110_slab.cif,H2O adsorption structure
MAT_154,Ba,0.4,0.6,Ru0.40Ba0.60Ox,1,data\h2o_adsorbates\MAT_154_H2O_site1.cif,data\substituted_slabs\MAT_154_110_slab.cif,H2O adsorption structure
MAT_154,Ba,0.4,0.6,Ru0.40Ba0.60Ox,2,data\h2o_adsorbates\MAT_154_H2O_site2.cif,data\substituted_slabs\MAT_154_110_slab.cif,H2O adsorption structure
MAT_155,Ba,0.2,0.8,Ru0.20Ba0.80Ox,0,data\h2o_adsorbates\MAT_155_H2O_site0.cif,data\substituted_slabs\MAT_155_110_slab.cif,H2O adsorption structure
MAT_155,Ba,0.2,0.8,Ru0.20Ba0.80Ox,1,data\h2o_adsorbates\MAT_155_H2O_site1.cif,data\substituted_slabs\MAT_155_110_slab.cif,H2O adsorption structure
MAT_155,Ba,0.2,0.8,Ru0.20Ba0.80Ox,2,data\h2o_adsorbates\MAT_155_H2O_site2.cif,data\substituted_slabs\MAT_155_110_slab.cif,H2O adsorption structure
MAT_157,La,0.8,0.1999999999999999,Ru0.80La0.20Ox,0,data\h2o_adsorbates\MAT_157_H2O_site0.cif,data\substituted_slabs\MAT_157_110_slab.cif,H2O adsorption structure
MAT_157,La,0.8,0.1999999999999999,Ru0.80La0.20Ox,1,data\h2o_adsorbates\MAT_157_H2O_site1.cif,data\substituted_slabs\MAT_157_110_slab.cif,H2O adsorption structure
MAT_157,La,0.8,0.1999999999999999,Ru0.80La0.20Ox,2,data\h2o_adsorbates\MAT_157_H2O_site2.cif,data\substituted_slabs\MAT_157_110_slab.cif,H2O adsorption structure
MAT_158,La,0.6,0.4,Ru0.60La0.40Ox,0,data\h2o_adsorbates\MAT_158_H2O_site0.cif,data\substituted_slabs\MAT_158_110_slab.cif,H2O adsorption structure
MAT_158,La,0.6,0.4,Ru0.60La0.40Ox,1,data\h2o_adsorbates\MAT_158_H2O_site1.cif,data\substituted_slabs\MAT_158_110_slab.cif,H2O adsorption structure
MAT_158,La,0.6,0.4,Ru0.60La0.40Ox,2,data\h2o_adsorbates\MAT_158_H2O_site2.cif,data\substituted_slabs\MAT_158_110_slab.cif,H2O adsorption structure
MAT_159,La,0.4,0.6,Ru0.40La0.60Ox,0,data\h2o_adsorbates\MAT_159_H2O_site0.cif,data\substituted_slabs\MAT_159_110_slab.cif,H2O adsorption structure
MAT_159,La,0.4,0.6,Ru0.40La0.60Ox,1,data\h2o_adsorbates\MAT_159_H2O_site1.cif,data\substituted_slabs\MAT_159_110_slab.cif,H2O adsorption structure
MAT_159,La,0.4,0.6,Ru0.40La0.60Ox,2,data\h2o_adsorbates\MAT_159_H2O_site2.cif,data\substituted_slabs\MAT_159_110_slab.cif,H2O adsorption structure
MAT_160,La,0.2,0.8,Ru0.20La0.80Ox,0,data\h2o_adsorbates\MAT_160_H2O_site0.cif,data\substituted_slabs\MAT_160_110_slab.cif,H2O adsorption structure
MAT_160,La,0.2,0.8,Ru0.20La0.80Ox,1,data\h2o_adsorbates\MAT_160_H2O_site1.cif,data\substituted_slabs\MAT_160_110_slab.cif,H2O adsorption structure
MAT_160,La,0.2,0.8,Ru0.20La0.80Ox,2,data\h2o_adsorbates\MAT_160_H2O_site2.cif,data\substituted_slabs\MAT_160_110_slab.cif,H2O adsorption structure
MAT_162,Ce,0.8,0.1999999999999999,Ru0.80Ce0.20Ox,0,data\h2o_adsorbates\MAT_162_H2O_site0.cif,data\substituted_slabs\MAT_162_110_slab.cif,H2O adsorption structure
MAT_162,Ce,0.8,0.1999999999999999,Ru0.80Ce0.20Ox,1,data\h2o_adsorbates\MAT_162_H2O_site1.cif,data\substituted_slabs\MAT_162_110_slab.cif,H2O adsorption structure
MAT_162,Ce,0.8,0.1999999999999999,Ru0.80Ce0.20Ox,2,data\h2o_adsorbates\MAT_162_H2O_site2.cif,data\substituted_slabs\MAT_162_110_slab.cif,H2O adsorption structure
MAT_163,Ce,0.6,0.4,Ru0.60Ce0.40Ox,0,data\h2o_adsorbates\MAT_163_H2O_site0.cif,data\substituted_slabs\MAT_163_110_slab.cif,H2O adsorption structure
MAT_163,Ce,0.6,0.4,Ru0.60Ce0.40Ox,1,data\h2o_adsorbates\MAT_163_H2O_site1.cif,data\substituted_slabs\MAT_163_110_slab.cif,H2O adsorption structure
MAT_163,Ce,0.6,0.4,Ru0.60Ce0.40Ox,2,data\h2o_adsorbates\MAT_163_H2O_site2.cif,data\substituted_slabs\MAT_163_110_slab.cif,H2O adsorption structure
MAT_164,Ce,0.4,0.6,Ru0.40Ce0.60Ox,0,data\h2o_adsorbates\MAT_164_H2O_site0.cif,data\substituted_slabs\MAT_164_110_slab.cif,H2O adsorption structure
MAT_164,Ce,0.4,0.6,Ru0.40Ce0.60Ox,1,data\h2o_adsorbates\MAT_164_H2O_site1.cif,data\substituted_slabs\MAT_164_110_slab.cif,H2O adsorption structure
MAT_164,Ce,0.4,0.6,Ru0.40Ce0.60Ox,2,data\h2o_adsorbates\MAT_164_H2O_site2.cif,data\substituted_slabs\MAT_164_110_slab.cif,H2O adsorption structure
MAT_165,Ce,0.2,0.8,Ru0.20Ce0.80Ox,0,data\h2o_adsorbates\MAT_165_H2O_site0.cif,data\substituted_slabs\MAT_165_110_slab.cif,H2O adsorption structure
MAT_165,Ce,0.2,0.8,Ru0.20Ce0.80Ox,1,data\h2o_adsorbates\MAT_165_H2O_site1.cif,data\substituted_slabs\MAT_165_110_slab.cif,H2O adsorption structure
MAT_165,Ce,0.2,0.8,Ru0.20Ce0.80Ox,2,data\h2o_adsorbates\MAT_165_H2O_site2.cif,data\substituted_slabs\MAT_165_110_slab.cif,H2O adsorption structure
MAT_167,Pr,0.8,0.1999999999999999,Ru0.80Pr0.20Ox,0,data\h2o_adsorbates\MAT_167_H2O_site0.cif,data\substituted_slabs\MAT_167_110_slab.cif,H2O adsorption structure
MAT_167,Pr,0.8,0.1999999999999999,Ru0.80Pr0.20Ox,1,data\h2o_adsorbates\MAT_167_H2O_site1.cif,data\substituted_slabs\MAT_167_110_slab.cif,H2O adsorption structure
MAT_167,Pr,0.8,0.1999999999999999,Ru0.80Pr0.20Ox,2,data\h2o_adsorbates\MAT_167_H2O_site2.cif,data\substituted_slabs\MAT_167_110_slab.cif,H2O adsorption structure
MAT_168,Pr,0.6,0.4,Ru0.60Pr0.40Ox,0,data\h2o_adsorbates\MAT_168_H2O_site0.cif,data\substituted_slabs\MAT_168_110_slab.cif,H2O adsorption structure
MAT_168,Pr,0.6,0.4,Ru0.60Pr0.40Ox,1,data\h2o_adsorbates\MAT_168_H2O_site1.cif,data\substituted_slabs\MAT_168_110_slab.cif,H2O adsorption structure
MAT_168,Pr,0.6,0.4,Ru0.60Pr0.40Ox,2,data\h2o_adsorbates\MAT_168_H2O_site2.cif,data\substituted_slabs\MAT_168_110_slab.cif,H2O adsorption structure
MAT_169,Pr,0.4,0.6,Ru0.40Pr0.60Ox,0,data\h2o_adsorbates\MAT_169_H2O_site0.cif,data\substituted_slabs\MAT_169_110_slab.cif,H2O adsorption structure
MAT_169,Pr,0.4,0.6,Ru0.40Pr0.60Ox,1,data\h2o_adsorbates\MAT_169_H2O_site1.cif,data\substituted_slabs\MAT_169_110_slab.cif,H2O adsorption structure
MAT_169,Pr,0.4,0.6,Ru0.40Pr0.60Ox,2,data\h2o_adsorbates\MAT_169_H2O_site2.cif,data\substituted_slabs\MAT_169_110_slab.cif,H2O adsorption structure
MAT_170,Pr,0.2,0.8,Ru0.20Pr0.80Ox,0,data\h2o_adsorbates\MAT_170_H2O_site0.cif,data\substituted_slabs\MAT_170_110_slab.cif,H2O adsorption structure
MAT_170,Pr,0.2,0.8,Ru0.20Pr0.80Ox,1,data\h2o_adsorbates\MAT_170_H2O_site1.cif,data\substituted_slabs\MAT_170_110_slab.cif,H2O adsorption structure
MAT_170,Pr,0.2,0.8,Ru0.20Pr0.80Ox,2,data\h2o_adsorbates\MAT_170_H2O_site2.cif,data\substituted_slabs\MAT_170_110_slab.cif,H2O adsorption structure
MAT_172,Nd,0.8,0.1999999999999999,Ru0.80Nd0.20Ox,0,data\h2o_adsorbates\MAT_172_H2O_site0.cif,data\substituted_slabs\MAT_172_110_slab.cif,H2O adsorption structure
MAT_172,Nd,0.8,0.1999999999999999,Ru0.80Nd0.20Ox,1,data\h2o_adsorbates\MAT_172_H2O_site1.cif,data\substituted_slabs\MAT_172_110_slab.cif,H2O adsorption structure
MAT_172,Nd,0.8,0.1999999999999999,Ru0.80Nd0.20Ox,2,data\h2o_adsorbates\MAT_172_H2O_site2.cif,data\substituted_slabs\MAT_172_110_slab.cif,H2O adsorption structure
MAT_173,Nd,0.6,0.4,Ru0.60Nd0.40Ox,0,data\h2o_adsorbates\MAT_173_H2O_site0.cif,data\substituted_slabs\MAT_173_110_slab.cif,H2O adsorption structure
MAT_173,Nd,0.6,0.4,Ru0.60Nd0.40Ox,1,data\h2o_adsorbates\MAT_173_H2O_site1.cif,data\substituted_slabs\MAT_173_110_slab.cif,H2O adsorption structure
MAT_173,Nd,0.6,0.4,Ru0.60Nd0.40Ox,2,data\h2o_adsorbates\MAT_173_H2O_site2.cif,data\substituted_slabs\MAT_173_110_slab.cif,H2O adsorption structure
MAT_174,Nd,0.4,0.6,Ru0.40Nd0.60Ox,0,data\h2o_adsorbates\MAT_174_H2O_site0.cif,data\substituted_slabs\MAT_174_110_slab.cif,H2O adsorption structure
MAT_174,Nd,0.4,0.6,Ru0.40Nd0.60Ox,1,data\h2o_adsorbates\MAT_174_H2O_site1.cif,data\substituted_slabs\MAT_174_110_slab.cif,H2O adsorption structure
MAT_174,Nd,0.4,0.6,Ru0.40Nd0.60Ox,2,data\h2o_adsorbates\MAT_174_H2O_site2.cif,data\substituted_slabs\MAT_174_110_slab.cif,H2O adsorption structure
MAT_175,Nd,0.2,0.8,Ru0.20Nd0.80Ox,0,data\h2o_adsorbates\MAT_175_H2O_site0.cif,data\substituted_slabs\MAT_175_110_slab.cif,H2O adsorption structure
MAT_175,Nd,0.2,0.8,Ru0.20Nd0.80Ox,1,data\h2o_adsorbates\MAT_175_H2O_site1.cif,data\substituted_slabs\MAT_175_110_slab.cif,H2O adsorption structure
MAT_175,Nd,0.2,0.8,Ru0.20Nd0.80Ox,2,data\h2o_adsorbates\MAT_175_H2O_site2.cif,data\substituted_slabs\MAT_175_110_slab.cif,H2O adsorption structure
MAT_177,Sm,0.8,0.1999999999999999,Ru0.80Sm0.20Ox,0,data\h2o_adsorbates\MAT_177_H2O_site0.cif,data\substituted_slabs\MAT_177_110_slab.cif,H2O adsorption structure
MAT_177,Sm,0.8,0.1999999999999999,Ru0.80Sm0.20Ox,1,data\h2o_adsorbates\MAT_177_H2O_site1.cif,data\substituted_slabs\MAT_177_110_slab.cif,H2O adsorption structure
MAT_177,Sm,0.8,0.1999999999999999,Ru0.80Sm0.20Ox,2,data\h2o_adsorbates\MAT_177_H2O_site2.cif,data\substituted_slabs\MAT_177_110_slab.cif,H2O adsorption structure
MAT_178,Sm,0.6,0.4,Ru0.60Sm0.40Ox,0,data\h2o_adsorbates\MAT_178_H2O_site0.cif,data\substituted_slabs\MAT_178_110_slab.cif,H2O adsorption structure
MAT_178,Sm,0.6,0.4,Ru0.60Sm0.40Ox,1,data\h2o_adsorbates\MAT_178_H2O_site1.cif,data\substituted_slabs\MAT_178_110_slab.cif,H2O adsorption structure
MAT_178,Sm,0.6,0.4,Ru0.60Sm0.40Ox,2,data\h2o_adsorbates\MAT_178_H2O_site2.cif,data\substituted_slabs\MAT_178_110_slab.cif,H2O adsorption structure
MAT_179,Sm,0.4,0.6,Ru0.40Sm0.60Ox,0,data\h2o_adsorbates\MAT_179_H2O_site0.cif,data\substituted_slabs\MAT_179_110_slab.cif,H2O adsorption structure
MAT_179,Sm,0.4,0.6,Ru0.40Sm0.60Ox,1,data\h2o_adsorbates\MAT_179_H2O_site1.cif,data\substituted_slabs\MAT_179_110_slab.cif,H2O adsorption structure
MAT_179,Sm,0.4,0.6,Ru0.40Sm0.60Ox,2,data\h2o_adsorbates\MAT_179_H2O_site2.cif,data\substituted_slabs\MAT_179_110_slab.cif,H2O adsorption structure
MAT_180,Sm,0.2,0.8,Ru0.20Sm0.80Ox,0,data\h2o_adsorbates\MAT_180_H2O_site0.cif,data\substituted_slabs\MAT_180_110_slab.cif,H2O adsorption structure
MAT_180,Sm,0.2,0.8,Ru0.20Sm0.80Ox,1,data\h2o_adsorbates\MAT_180_H2O_site1.cif,data\substituted_slabs\MAT_180_110_slab.cif,H2O adsorption structure
MAT_180,Sm,0.2,0.8,Ru0.20Sm0.80Ox,2,data\h2o_adsorbates\MAT_180_H2O_site2.cif,data\substituted_slabs\MAT_180_110_slab.cif,H2O adsorption structure
MAT_182,Gd,0.8,0.1999999999999999,Ru0.80Gd0.20Ox,0,data\h2o_adsorbates\MAT_182_H2O_site0.cif,data\substituted_slabs\MAT_182_110_slab.cif,H2O adsorption structure
MAT_182,Gd,0.8,0.1999999999999999,Ru0.80Gd0.20Ox,1,data\h2o_adsorbates\MAT_182_H2O_site1.cif,data\substituted_slabs\MAT_182_110_slab.cif,H2O adsorption structure
MAT_182,Gd,0.8,0.1999999999999999,Ru0.80Gd0.20Ox,2,data\h2o_adsorbates\MAT_182_H2O_site2.cif,data\substituted_slabs\MAT_182_110_slab.cif,H2O adsorption structure
MAT_183,Gd,0.6,0.4,Ru0.60Gd0.40Ox,0,data\h2o_adsorbates\MAT_183_H2O_site0.cif,data\substituted_slabs\MAT_183_110_slab.cif,H2O adsorption structure
MAT_183,Gd,0.6,0.4,Ru0.60Gd0.40Ox,1,data\h2o_adsorbates\MAT_183_H2O_site1.cif,data\substituted_slabs\MAT_183_110_slab.cif,H2O adsorption structure
MAT_183,Gd,0.6,0.4,Ru0.60Gd0.40Ox,2,data\h2o_adsorbates\MAT_183_H2O_site2.cif,data\substituted_slabs\MAT_183_110_slab.cif,H2O adsorption structure
MAT_184,Gd,0.4,0.6,Ru0.40Gd0.60Ox,0,data\h2o_adsorbates\MAT_184_H2O_site0.cif,data\substituted_slabs\MAT_184_110_slab.cif,H2O adsorption structure
MAT_184,Gd,0.4,0.6,Ru0.40Gd0.60Ox,1,data\h2o_adsorbates\MAT_184_H2O_site1.cif,data\substituted_slabs\MAT_184_110_slab.cif,H2O adsorption structure
MAT_184,Gd,0.4,0.6,Ru0.40Gd0.60Ox,2,data\h2o_adsorbates\MAT_184_H2O_site2.cif,data\substituted_slabs\MAT_184_110_slab.cif,H2O adsorption structure
MAT_185,Gd,0.2,0.8,Ru0.20Gd0.80Ox,0,data\h2o_adsorbates\MAT_185_H2O_site0.cif,data\substituted_slabs\MAT_185_110_slab.cif,H2O adsorption structure
MAT_185,Gd,0.2,0.8,Ru0.20Gd0.80Ox,1,data\h2o_adsorbates\MAT_185_H2O_site1.cif,data\substituted_slabs\MAT_185_110_slab.cif,H2O adsorption structure
MAT_185,Gd,0.2,0.8,Ru0.20Gd0.80Ox,2,data\h2o_adsorbates\MAT_185_H2O_site2.cif,data\substituted_slabs\MAT_185_110_slab.cif,H2O adsorption structure
MAT_187,Tb,0.8,0.1999999999999999,Ru0.80Tb0.20Ox,0,data\h2o_adsorbates\MAT_187_H2O_site0.cif,data\substituted_slabs\MAT_187_110_slab.cif,H2O adsorption structure
MAT_187,Tb,0.8,0.1999999999999999,Ru0.80Tb0.20Ox,1,data\h2o_adsorbates\MAT_187_H2O_site1.cif,data\substituted_slabs\MAT_187_110_slab.cif,H2O adsorption structure
MAT_187,Tb,0.8,0.1999999999999999,Ru0.80Tb0.20Ox,2,data\h2o_adsorbates\MAT_187_H2O_site2.cif,data\substituted_slabs\MAT_187_110_slab.cif,H2O adsorption structure
MAT_188,Tb,0.6,0.4,Ru0.60Tb0.40Ox,0,data\h2o_adsorbates\MAT_188_H2O_site0.cif,data\substituted_slabs\MAT_188_110_slab.cif,H2O adsorption structure
MAT_188,Tb,0.6,0.4,Ru0.60Tb0.40Ox,1,data\h2o_adsorbates\MAT_188_H2O_site1.cif,data\substituted_slabs\MAT_188_110_slab.cif,H2O adsorption structure
MAT_188,Tb,0.6,0.4,Ru0.60Tb0.40Ox,2,data\h2o_adsorbates\MAT_188_H2O_site2.cif,data\substituted_slabs\MAT_188_110_slab.cif,H2O adsorption structure
MAT_189,Tb,0.4,0.6,Ru0.40Tb0.60Ox,0,data\h2o_adsorbates\MAT_189_H2O_site0.cif,data\substituted_slabs\MAT_189_110_slab.cif,H2O adsorption structure
MAT_189,Tb,0.4,0.6,Ru0.40Tb0.60Ox,1,data\h2o_adsorbates\MAT_189_H2O_site1.cif,data\substituted_slabs\MAT_189_110_slab.cif,H2O adsorption structure
MAT_189,Tb,0.4,0.6,Ru0.40Tb0.60Ox,2,data\h2o_adsorbates\MAT_189_H2O_site2.cif,data\substituted_slabs\MAT_189_110_slab.cif,H2O adsorption structure
MAT_190,Tb,0.2,0.8,Ru0.20Tb0.80Ox,0,data\h2o_adsorbates\MAT_190_H2O_site0.cif,data\substituted_slabs\MAT_190_110_slab.cif,H2O adsorption structure
MAT_190,Tb,0.2,0.8,Ru0.20Tb0.80Ox,1,data\h2o_adsorbates\MAT_190_H2O_site1.cif,data\substituted_slabs\MAT_190_110_slab.cif,H2O adsorption structure
MAT_190,Tb,0.2,0.8,Ru0.20Tb0.80Ox,2,data\h2o_adsorbates\MAT_190_H2O_site2.cif,data\substituted_slabs\MAT_190_110_slab.cif,H2O adsorption structure
MAT_192,Dy,0.8,0.1999999999999999,Ru0.80Dy0.20Ox,0,data\h2o_adsorbates\MAT_192_H2O_site0.cif,data\substituted_slabs\MAT_192_110_slab.cif,H2O adsorption structure
MAT_192,Dy,0.8,0.1999999999999999,Ru0.80Dy0.20Ox,1,data\h2o_adsorbates\MAT_192_H2O_site1.cif,data\substituted_slabs\MAT_192_110_slab.cif,H2O adsorption structure
MAT_192,Dy,0.8,0.1999999999999999,Ru0.80Dy0.20Ox,2,data\h2o_adsorbates\MAT_192_H2O_site2.cif,data\substituted_slabs\MAT_192_110_slab.cif,H2O adsorption structure
MAT_193,Dy,0.6,0.4,Ru0.60Dy0.40Ox,0,data\h2o_adsorbates\MAT_193_H2O_site0.cif,data\substituted_slabs\MAT_193_110_slab.cif,H2O adsorption structure
MAT_193,Dy,0.6,0.4,Ru0.60Dy0.40Ox,1,data\h2o_adsorbates\MAT_193_H2O_site1.cif,data\substituted_slabs\MAT_193_110_slab.cif,H2O adsorption structure
MAT_193,Dy,0.6,0.4,Ru0.60Dy0.40Ox,2,data\h2o_adsorbates\MAT_193_H2O_site2.cif,data\substituted_slabs\MAT_193_110_slab.cif,H2O adsorption structure
MAT_194,Dy,0.4,0.6,Ru0.40Dy0.60Ox,0,data\h2o_adsorbates\MAT_194_H2O_site0.cif,data\substituted_slabs\MAT_194_110_slab.cif,H2O adsorption structure
MAT_194,Dy,0.4,0.6,Ru0.40Dy0.60Ox,1,data\h2o_adsorbates\MAT_194_H2O_site1.cif,data\substituted_slabs\MAT_194_110_slab.cif,H2O adsorption structure
MAT_194,Dy,0.4,0.6,Ru0.40Dy0.60Ox,2,data\h2o_adsorbates\MAT_194_H2O_site2.cif,data\substituted_slabs\MAT_194_110_slab.cif,H2O adsorption structure
MAT_195,Dy,0.2,0.8,Ru0.20Dy0.80Ox,0,data\h2o_adsorbates\MAT_195_H2O_site0.cif,data\substituted_slabs\MAT_195_110_slab.cif,H2O adsorption structure
MAT_195,Dy,0.2,0.8,Ru0.20Dy0.80Ox,1,data\h2o_adsorbates\MAT_195_H2O_site1.cif,data\substituted_slabs\MAT_195_110_slab.cif,H2O adsorption structure
MAT_195,Dy,0.2,0.8,Ru0.20Dy0.80Ox,2,data\h2o_adsorbates\MAT_195_H2O_site2.cif,data\substituted_slabs\MAT_195_110_slab.cif,H2O adsorption structure
MAT_197,Ho,0.8,0.1999999999999999,Ru0.80Ho0.20Ox,0,data\h2o_adsorbates\MAT_197_H2O_site0.cif,data\substituted_slabs\MAT_197_110_slab.cif,H2O adsorption structure
MAT_197,Ho,0.8,0.1999999999999999,Ru0.80Ho0.20Ox,1,data\h2o_adsorbates\MAT_197_H2O_site1.cif,data\substituted_slabs\MAT_197_110_slab.cif,H2O adsorption structure
MAT_197,Ho,0.8,0.1999999999999999,Ru0.80Ho0.20Ox,2,data\h2o_adsorbates\MAT_197_H2O_site2.cif,data\substituted_slabs\MAT_197_110_slab.cif,H2O adsorption structure
MAT_198,Ho,0.6,0.4,Ru0.60Ho0.40Ox,0,data\h2o_adsorbates\MAT_198_H2O_site0.cif,data\substituted_slabs\MAT_198_110_slab.cif,H2O adsorption structure
MAT_198,Ho,0.6,0.4,Ru0.60Ho0.40Ox,1,data\h2o_adsorbates\MAT_198_H2O_site1.cif,data\substituted_slabs\MAT_198_110_slab.cif,H2O adsorption structure
MAT_198,Ho,0.6,0.4,Ru0.60Ho0.40Ox,2,data\h2o_adsorbates\MAT_198_H2O_site2.cif,data\substituted_slabs\MAT_198_110_slab.cif,H2O adsorption structure
MAT_199,Ho,0.4,0.6,Ru0.40Ho0.60Ox,0,data\h2o_adsorbates\MAT_199_H2O_site0.cif,data\substituted_slabs\MAT_199_110_slab.cif,H2O adsorption structure
MAT_199,Ho,0.4,0.6,Ru0.40Ho0.60Ox,1,data\h2o_adsorbates\MAT_199_H2O_site1.cif,data\substituted_slabs\MAT_199_110_slab.cif,H2O adsorption structure
MAT_199,Ho,0.4,0.6,Ru0.40Ho0.60Ox,2,data\h2o_adsorbates\MAT_199_H2O_site2.cif,data\substituted_slabs\MAT_199_110_slab.cif,H2O adsorption structure
MAT_200,Ho,0.2,0.8,Ru0.20Ho0.80Ox,0,data\h2o_adsorbates\MAT_200_H2O_site0.cif,data\substituted_slabs\MAT_200_110_slab.cif,H2O adsorption structure
MAT_200,Ho,0.2,0.8,Ru0.20Ho0.80Ox,1,data\h2o_adsorbates\MAT_200_H2O_site1.cif,data\substituted_slabs\MAT_200_110_slab.cif,H2O adsorption structure
MAT_200,Ho,0.2,0.8,Ru0.20Ho0.80Ox,2,data\h2o_adsorbates\MAT_200_H2O_site2.cif,data\substituted_slabs\MAT_200_110_slab.cif,H2O adsorption structure
MAT_202,Er,0.8,0.1999999999999999,Ru0.80Er0.20Ox,0,data\h2o_adsorbates\MAT_202_H2O_site0.cif,data\substituted_slabs\MAT_202_110_slab.cif,H2O adsorption structure
MAT_202,Er,0.8,0.1999999999999999,Ru0.80Er0.20Ox,1,data\h2o_adsorbates\MAT_202_H2O_site1.cif,data\substituted_slabs\MAT_202_110_slab.cif,H2O adsorption structure
MAT_202,Er,0.8,0.1999999999999999,Ru0.80Er0.20Ox,2,data\h2o_adsorbates\MAT_202_H2O_site2.cif,data\substituted_slabs\MAT_202_110_slab.cif,H2O adsorption structure
MAT_203,Er,0.6,0.4,Ru0.60Er0.40Ox,0,data\h2o_adsorbates\MAT_203_H2O_site0.cif,data\substituted_slabs\MAT_203_110_slab.cif,H2O adsorption structure
MAT_203,Er,0.6,0.4,Ru0.60Er0.40Ox,1,data\h2o_adsorbates\MAT_203_H2O_site1.cif,data\substituted_slabs\MAT_203_110_slab.cif,H2O adsorption structure
MAT_203,Er,0.6,0.4,Ru0.60Er0.40Ox,2,data\h2o_adsorbates\MAT_203_H2O_site2.cif,data\substituted_slabs\MAT_203_110_slab.cif,H2O adsorption structure
MAT_204,Er,0.4,0.6,Ru0.40Er0.60Ox,0,data\h2o_adsorbates\MAT_204_H2O_site0.cif,data\substituted_slabs\MAT_204_110_slab.cif,H2O adsorption structure
MAT_204,Er,0.4,0.6,Ru0.40Er0.60Ox,1,data\h2o_adsorbates\MAT_204_H2O_site1.cif,data\substituted_slabs\MAT_204_110_slab.cif,H2O adsorption structure
MAT_204,Er,0.4,0.6,Ru0.40Er0.60Ox,2,data\h2o_adsorbates\MAT_204_H2O_site2.cif,data\substituted_slabs\MAT_204_110_slab.cif,H2O adsorption structure
MAT_205,Er,0.2,0.8,Ru0.20Er0.80Ox,0,data\h2o_adsorbates\MAT_205_H2O_site0.cif,data\substituted_slabs\MAT_205_110_slab.cif,H2O adsorption structure
MAT_205,Er,0.2,0.8,Ru0.20Er0.80Ox,1,data\h2o_adsorbates\MAT_205_H2O_site1.cif,data\substituted_slabs\MAT_205_110_slab.cif,H2O adsorption structure
MAT_205,Er,0.2,0.8,Ru0.20Er0.80Ox,2,data\h2o_adsorbates\MAT_205_H2O_site2.cif,data\substituted_slabs\MAT_205_110_slab.cif,H2O adsorption structure
MAT_207,Yb,0.8,0.1999999999999999,Ru0.80Yb0.20Ox,0,data\h2o_adsorbates\MAT_207_H2O_site0.cif,data\substituted_slabs\MAT_207_110_slab.cif,H2O adsorption structure
MAT_207,Yb,0.8,0.1999999999999999,Ru0.80Yb0.20Ox,1,data\h2o_adsorbates\MAT_207_H2O_site1.cif,data\substituted_slabs\MAT_207_110_slab.cif,H2O adsorption structure
MAT_207,Yb,0.8,0.1999999999999999,Ru0.80Yb0.20Ox,2,data\h2o_adsorbates\MAT_207_H2O_site2.cif,data\substituted_slabs\MAT_207_110_slab.cif,H2O adsorption structure
MAT_208,Yb,0.6,0.4,Ru0.60Yb0.40Ox,0,data\h2o_adsorbates\MAT_208_H2O_site0.cif,data\substituted_slabs\MAT_208_110_slab.cif,H2O adsorption structure
MAT_208,Yb,0.6,0.4,Ru0.60Yb0.40Ox,1,data\h2o_adsorbates\MAT_208_H2O_site1.cif,data\substituted_slabs\MAT_208_110_slab.cif,H2O adsorption structure
MAT_208,Yb,0.6,0.4,Ru0.60Yb0.40Ox,2,data\h2o_adsorbates\MAT_208_H2O_site2.cif,data\substituted_slabs\MAT_208_110_slab.cif,H2O adsorption structure
MAT_209,Yb,0.4,0.6,Ru0.40Yb0.60Ox,0,data\h2o_adsorbates\MAT_209_H2O_site0.cif,data\substituted_slabs\MAT_209_110_slab.cif,H2O adsorption structure
MAT_209,Yb,0.4,0.6,Ru0.40Yb0.60Ox,1,data\h2o_adsorbates\MAT_209_H2O_site1.cif,data\substituted_slabs\MAT_209_110_slab.cif,H2O adsorption structure
MAT_209,Yb,0.4,0.6,Ru0.40Yb0.60Ox,2,data\h2o_adsorbates\MAT_209_H2O_site2.cif,data\substituted_slabs\MAT_209_110_slab.cif,H2O adsorption structure
MAT_210,Yb,0.2,0.8,Ru0.20Yb0.80Ox,0,data\h2o_adsorbates\MAT_210_H2O_site0.cif,data\substituted_slabs\MAT_210_110_slab.cif,H2O adsorption structure
MAT_210,Yb,0.2,0.8,Ru0.20Yb0.80Ox,1,data\h2o_adsorbates\MAT_210_H2O_site1.cif,data\substituted_slabs\MAT_210_110_slab.cif,H2O adsorption structure
MAT_210,Yb,0.2,0.8,Ru0.20Yb0.80Ox,2,data\h2o_adsorbates\MAT_210_H2O_site2.cif,data\substituted_slabs\MAT_210_110_slab.cif,H2O adsorption structure
MAT_212,Hf,0.8,0.1999999999999999,Ru0.80Hf0.20Ox,0,data\h2o_adsorbates\MAT_212_H2O_site0.cif,data\substituted_slabs\MAT_212_110_slab.cif,H2O adsorption structure
MAT_212,Hf,0.8,0.1999999999999999,Ru0.80Hf0.20Ox,1,data\h2o_adsorbates\MAT_212_H2O_site1.cif,data\substituted_slabs\MAT_212_110_slab.cif,H2O adsorption structure
MAT_212,Hf,0.8,0.1999999999999999,Ru0.80Hf0.20Ox,2,data\h2o_adsorbates\MAT_212_H2O_site2.cif,data\substituted_slabs\MAT_212_110_slab.cif,H2O adsorption structure
MAT_213,Hf,0.6,0.4,Ru0.60Hf0.40Ox,0,data\h2o_adsorbates\MAT_213_H2O_site0.cif,data\substituted_slabs\MAT_213_110_slab.cif,H2O adsorption structure
MAT_213,Hf,0.6,0.4,Ru0.60Hf0.40Ox,1,data\h2o_adsorbates\MAT_213_H2O_site1.cif,data\substituted_slabs\MAT_213_110_slab.cif,H2O adsorption structure
MAT_213,Hf,0.6,0.4,Ru0.60Hf0.40Ox,2,data\h2o_adsorbates\MAT_213_H2O_site2.cif,data\substituted_slabs\MAT_213_110_slab.cif,H2O adsorption structure
MAT_214,Hf,0.4,0.6,Ru0.40Hf0.60Ox,0,data\h2o_adsorbates\MAT_214_H2O_site0.cif,data\substituted_slabs\MAT_214_110_slab.cif,H2O adsorption structure
MAT_214,Hf,0.4,0.6,Ru0.40Hf0.60Ox,1,data\h2o_adsorbates\MAT_214_H2O_site1.cif,data\substituted_slabs\MAT_214_110_slab.cif,H2O adsorption structure
MAT_214,Hf,0.4,0.6,Ru0.40Hf0.60Ox,2,data\h2o_adsorbates\MAT_214_H2O_site2.cif,data\substituted_slabs\MAT_214_110_slab.cif,H2O adsorption structure
MAT_215,Hf,0.2,0.8,Ru0.20Hf0.80Ox,0,data\h2o_adsorbates\MAT_215_H2O_site0.cif,data\substituted_slabs\MAT_215_110_slab.cif,H2O adsorption structure
MAT_215,Hf,0.2,0.8,Ru0.20Hf0.80Ox,1,data\h2o_adsorbates\MAT_215_H2O_site1.cif,data\substituted_slabs\MAT_215_110_slab.cif,H2O adsorption structure
MAT_215,Hf,0.2,0.8,Ru0.20Hf0.80Ox,2,data\h2o_adsorbates\MAT_215_H2O_site2.cif,data\substituted_slabs\MAT_215_110_slab.cif,H2O adsorption structure
MAT_217,Ta,0.8,0.1999999999999999,Ru0.80Ta0.20Ox,0,data\h2o_adsorbates\MAT_217_H2O_site0.cif,data\substituted_slabs\MAT_217_110_slab.cif,H2O adsorption structure
MAT_217,Ta,0.8,0.1999999999999999,Ru0.80Ta0.20Ox,1,data\h2o_adsorbates\MAT_217_H2O_site1.cif,data\substituted_slabs\MAT_217_110_slab.cif,H2O adsorption structure
MAT_217,Ta,0.8,0.1999999999999999,Ru0.80Ta0.20Ox,2,data\h2o_adsorbates\MAT_217_H2O_site2.cif,data\substituted_slabs\MAT_217_110_slab.cif,H2O adsorption structure
MAT_218,Ta,0.6,0.4,Ru0.60Ta0.40Ox,0,data\h2o_adsorbates\MAT_218_H2O_site0.cif,data\substituted_slabs\MAT_218_110_slab.cif,H2O adsorption structure
MAT_218,Ta,0.6,0.4,Ru0.60Ta0.40Ox,1,data\h2o_adsorbates\MAT_218_H2O_site1.cif,data\substituted_slabs\MAT_218_110_slab.cif,H2O adsorption structure
MAT_218,Ta,0.6,0.4,Ru0.60Ta0.40Ox,2,data\h2o_adsorbates\MAT_218_H2O_site2.cif,data\substituted_slabs\MAT_218_110_slab.cif,H2O adsorption structure
MAT_219,Ta,0.4,0.6,Ru0.40Ta0.60Ox,0,data\h2o_adsorbates\MAT_219_H2O_site0.cif,data\substituted_slabs\MAT_219_110_slab.cif,H2O adsorption structure
MAT_219,Ta,0.4,0.6,Ru0.40Ta0.60Ox,1,data\h2o_adsorbates\MAT_219_H2O_site1.cif,data\substituted_slabs\MAT_219_110_slab.cif,H2O adsorption structure
MAT_219,Ta,0.4,0.6,Ru0.40Ta0.60Ox,2,data\h2o_adsorbates\MAT_219_H2O_site2.cif,data\substituted_slabs\MAT_219_110_slab.cif,H2O adsorption structure
MAT_220,Ta,0.2,0.8,Ru0.20Ta0.80Ox,0,data\h2o_adsorbates\MAT_220_H2O_site0.cif,data\substituted_slabs\MAT_220_110_slab.cif,H2O adsorption structure
MAT_220,Ta,0.2,0.8,Ru0.20Ta0.80Ox,1,data\h2o_adsorbates\MAT_220_H2O_site1.cif,data\substituted_slabs\MAT_220_110_slab.cif,H2O adsorption structure
MAT_220,Ta,0.2,0.8,Ru0.20Ta0.80Ox,2,data\h2o_adsorbates\MAT_220_H2O_site2.cif,data\substituted_slabs\MAT_220_110_slab.cif,H2O adsorption structure
MAT_222,W,0.8,0.1999999999999999,Ru0.80W0.20Ox,0,data\h2o_adsorbates\MAT_222_H2O_site0.cif,data\substituted_slabs\MAT_222_110_slab.cif,H2O adsorption structure
MAT_222,W,0.8,0.1999999999999999,Ru0.80W0.20Ox,1,data\h2o_adsorbates\MAT_222_H2O_site1.cif,data\substituted_slabs\MAT_222_110_slab.cif,H2O adsorption structure
MAT_222,W,0.8,0.1999999999999999,Ru0.80W0.20Ox,2,data\h2o_adsorbates\MAT_222_H2O_site2.cif,data\substituted_slabs\MAT_222_110_slab.cif,H2O adsorption structure
MAT_223,W,0.6,0.4,Ru0.60W0.40Ox,0,data\h2o_adsorbates\MAT_223_H2O_site0.cif,data\substituted_slabs\MAT_223_110_slab.cif,H2O adsorption structure
MAT_223,W,0.6,0.4,Ru0.60W0.40Ox,1,data\h2o_adsorbates\MAT_223_H2O_site1.cif,data\substituted_slabs\MAT_223_110_slab.cif,H2O adsorption structure
MAT_223,W,0.6,0.4,Ru0.60W0.40Ox,2,data\h2o_adsorbates\MAT_223_H2O_site2.cif,data\substituted_slabs\MAT_223_110_slab.cif,H2O adsorption structure
MAT_224,W,0.4,0.6,Ru0.40W0.60Ox,0,data\h2o_adsorbates\MAT_224_H2O_site0.cif,data\substituted_slabs\MAT_224_110_slab.cif,H2O adsorption structure
MAT_224,W,0.4,0.6,Ru0.40W0.60Ox,1,data\h2o_adsorbates\MAT_224_H2O_site1.cif,data\substituted_slabs\MAT_224_110_slab.cif,H2O adsorption structure
MAT_224,W,0.4,0.6,Ru0.40W0.60Ox,2,data\h2o_adsorbates\MAT_224_H2O_site2.cif,data\substituted_slabs\MAT_224_110_slab.cif,H2O adsorption structure
MAT_225,W,0.2,0.8,Ru0.20W0.80Ox,0,data\h2o_adsorbates\MAT_225_H2O_site0.cif,data\substituted_slabs\MAT_225_110_slab.cif,H2O adsorption structure
MAT_225,W,0.2,0.8,Ru0.20W0.80Ox,1,data\h2o_adsorbates\MAT_225_H2O_site1.cif,data\substituted_slabs\MAT_225_110_slab.cif,H2O adsorption structure
MAT_225,W,0.2,0.8,Ru0.20W0.80Ox,2,data\h2o_adsorbates\MAT_225_H2O_site2.cif,data\substituted_slabs\MAT_225_110_slab.cif,H2O adsorption structure
MAT_227,Re,0.8,0.1999999999999999,Ru0.80Re0.20Ox,0,data\h2o_adsorbates\MAT_227_H2O_site0.cif,data\substituted_slabs\MAT_227_110_slab.cif,H2O adsorption structure
MAT_227,Re,0.8,0.1999999999999999,Ru0.80Re0.20Ox,1,data\h2o_adsorbates\MAT_227_H2O_site1.cif,data\substituted_slabs\MAT_227_110_slab.cif,H2O adsorption structure
MAT_227,Re,0.8,0.1999999999999999,Ru0.80Re0.20Ox,2,data\h2o_adsorbates\MAT_227_H2O_site2.cif,data\substituted_slabs\MAT_227_110_slab.cif,H2O adsorption structure
MAT_228,Re,0.6,0.4,Ru0.60Re0.40Ox,0,data\h2o_adsorbates\MAT_228_H2O_site0.cif,data\substituted_slabs\MAT_228_110_slab.cif,H2O adsorption structure
MAT_228,Re,0.6,0.4,Ru0.60Re0.40Ox,1,data\h2o_adsorbates\MAT_228_H2O_site1.cif,data\substituted_slabs\MAT_228_110_slab.cif,H2O adsorption structure
MAT_228,Re,0.6,0.4,Ru0.60Re0.40Ox,2,data\h2o_adsorbates\MAT_228_H2O_site2.cif,data\substituted_slabs\MAT_228_110_slab.cif,H2O adsorption structure
MAT_229,Re,0.4,0.6,Ru0.40Re0.60Ox,0,data\h2o_adsorbates\MAT_229_H2O_site0.cif,data\substituted_slabs\MAT_229_110_slab.cif,H2O adsorption structure
MAT_229,Re,0.4,0.6,Ru0.40Re0.60Ox,1,data\h2o_adsorbates\MAT_229_H2O_site1.cif,data\substituted_slabs\MAT_229_110_slab.cif,H2O adsorption structure
MAT_229,Re,0.4,0.6,Ru0.40Re0.60Ox,2,data\h2o_adsorbates\MAT_229_H2O_site2.cif,data\substituted_slabs\MAT_229_110_slab.cif,H2O adsorption structure
MAT_230,Re,0.2,0.8,Ru0.20Re0.80Ox,0,data\h2o_adsorbates\MAT_230_H2O_site0.cif,data\substituted_slabs\MAT_230_110_slab.cif,H2O adsorption structure
MAT_230,Re,0.2,0.8,Ru0.20Re0.80Ox,1,data\h2o_adsorbates\MAT_230_H2O_site1.cif,data\substituted_slabs\MAT_230_110_slab.cif,H2O adsorption structure
MAT_230,Re,0.2,0.8,Ru0.20Re0.80Ox,2,data\h2o_adsorbates\MAT_230_H2O_site2.cif,data\substituted_slabs\MAT_230_110_slab.cif,H2O adsorption structure
MAT_232,Os,0.8,0.1999999999999999,Ru0.80Os0.20Ox,0,data\h2o_adsorbates\MAT_232_H2O_site0.cif,data\substituted_slabs\MAT_232_110_slab.cif,H2O adsorption structure
MAT_232,Os,0.8,0.1999999999999999,Ru0.80Os0.20Ox,1,data\h2o_adsorbates\MAT_232_H2O_site1.cif,data\substituted_slabs\MAT_232_110_slab.cif,H2O adsorption structure
MAT_232,Os,0.8,0.1999999999999999,Ru0.80Os0.20Ox,2,data\h2o_adsorbates\MAT_232_H2O_site2.cif,data\substituted_slabs\MAT_232_110_slab.cif,H2O adsorption structure
MAT_233,Os,0.6,0.4,Ru0.60Os0.40Ox,0,data\h2o_adsorbates\MAT_233_H2O_site0.cif,data\substituted_slabs\MAT_233_110_slab.cif,H2O adsorption structure
MAT_233,Os,0.6,0.4,Ru0.60Os0.40Ox,1,data\h2o_adsorbates\MAT_233_H2O_site1.cif,data\substituted_slabs\MAT_233_110_slab.cif,H2O adsorption structure
MAT_233,Os,0.6,0.4,Ru0.60Os0.40Ox,2,data\h2o_adsorbates\MAT_233_H2O_site2.cif,data\substituted_slabs\MAT_233_110_slab.cif,H2O adsorption structure
MAT_234,Os,0.4,0.6,Ru0.40Os0.60Ox,0,data\h2o_adsorbates\MAT_234_H2O_site0.cif,data\substituted_slabs\MAT_234_110_slab.cif,H2O adsorption structure
MAT_234,Os,0.4,0.6,Ru0.40Os0.60Ox,1,data\h2o_adsorbates\MAT_234_H2O_site1.cif,data\substituted_slabs\MAT_234_110_slab.cif,H2O adsorption structure
MAT_234,Os,0.4,0.6,Ru0.40Os0.60Ox,2,data\h2o_adsorbates\MAT_234_H2O_site2.cif,data\substituted_slabs\MAT_234_110_slab.cif,H2O adsorption structure
MAT_235,Os,0.2,0.8,Ru0.20Os0.80Ox,0,data\h2o_adsorbates\MAT_235_H2O_site0.cif,data\substituted_slabs\MAT_235_110_slab.cif,H2O adsorption structure
MAT_235,Os,0.2,0.8,Ru0.20Os0.80Ox,1,data\h2o_adsorbates\MAT_235_H2O_site1.cif,data\substituted_slabs\MAT_235_110_slab.cif,H2O adsorption structure
MAT_235,Os,0.2,0.8,Ru0.20Os0.80Ox,2,data\h2o_adsorbates\MAT_235_H2O_site2.cif,data\substituted_slabs\MAT_235_110_slab.cif,H2O adsorption structure
MAT_237,Ir,0.8,0.1999999999999999,Ru0.80Ir0.20Ox,0,data\h2o_adsorbates\MAT_237_H2O_site0.cif,data\substituted_slabs\MAT_237_110_slab.cif,H2O adsorption structure
MAT_237,Ir,0.8,0.1999999999999999,Ru0.80Ir0.20Ox,1,data\h2o_adsorbates\MAT_237_H2O_site1.cif,data\substituted_slabs\MAT_237_110_slab.cif,H2O adsorption structure
MAT_237,Ir,0.8,0.1999999999999999,Ru0.80Ir0.20Ox,2,data\h2o_adsorbates\MAT_237_H2O_site2.cif,data\substituted_slabs\MAT_237_110_slab.cif,H2O adsorption structure
MAT_238,Ir,0.6,0.4,Ru0.60Ir0.40Ox,0,data\h2o_adsorbates\MAT_238_H2O_site0.cif,data\substituted_slabs\MAT_238_110_slab.cif,H2O adsorption structure
MAT_238,Ir,0.6,0.4,Ru0.60Ir0.40Ox,1,data\h2o_adsorbates\MAT_238_H2O_site1.cif,data\substituted_slabs\MAT_238_110_slab.cif,H2O adsorption structure
MAT_238,Ir,0.6,0.4,Ru0.60Ir0.40Ox,2,data\h2o_adsorbates\MAT_238_H2O_site2.cif,data\substituted_slabs\MAT_238_110_slab.cif,H2O adsorption structure
MAT_239,Ir,0.4,0.6,Ru0.40Ir0.60Ox,0,data\h2o_adsorbates\MAT_239_H2O_site0.cif,data\substituted_slabs\MAT_239_110_slab.cif,H2O adsorption structure
MAT_239,Ir,0.4,0.6,Ru0.40Ir0.60Ox,1,data\h2o_adsorbates\MAT_239_H2O_site1.cif,data\substituted_slabs\MAT_239_110_slab.cif,H2O adsorption structure
MAT_239,Ir,0.4,0.6,Ru0.40Ir0.60Ox,2,data\h2o_adsorbates\MAT_239_H2O_site2.cif,data\substituted_slabs\MAT_239_110_slab.cif,H2O adsorption structure
MAT_240,Ir,0.2,0.8,Ru0.20Ir0.80Ox,0,data\h2o_adsorbates\MAT_240_H2O_site0.cif,data\substituted_slabs\MAT_240_110_slab.cif,H2O adsorption structure
MAT_240,Ir,0.2,0.8,Ru0.20Ir0.80Ox,1,data\h2o_adsorbates\MAT_240_H2O_site1.cif,data\substituted_slabs\MAT_240_110_slab.cif,H2O adsorption structure
MAT_240,Ir,0.2,0.8,Ru0.20Ir0.80Ox,2,data\h2o_adsorbates\MAT_240_H2O_site2.cif,data\substituted_slabs\MAT_240_110_slab.cif,H2O adsorption structure
MAT_242,Pt,0.8,0.1999999999999999,Ru0.80Pt0.20Ox,0,data\h2o_adsorbates\MAT_242_H2O_site0.cif,data\substituted_slabs\MAT_242_110_slab.cif,H2O adsorption structure
MAT_242,Pt,0.8,0.1999999999999999,Ru0.80Pt0.20Ox,1,data\h2o_adsorbates\MAT_242_H2O_site1.cif,data\substituted_slabs\MAT_242_110_slab.cif,H2O adsorption structure
MAT_242,Pt,0.8,0.1999999999999999,Ru0.80Pt0.20Ox,2,data\h2o_adsorbates\MAT_242_H2O_site2.cif,data\substituted_slabs\MAT_242_110_slab.cif,H2O adsorption structure
MAT_243,Pt,0.6,0.4,Ru0.60Pt0.40Ox,0,data\h2o_adsorbates\MAT_243_H2O_site0.cif,data\substituted_slabs\MAT_243_110_slab.cif,H2O adsorption structure
MAT_243,Pt,0.6,0.4,Ru0.60Pt0.40Ox,1,data\h2o_adsorbates\MAT_243_H2O_site1.cif,data\substituted_slabs\MAT_243_110_slab.cif,H2O adsorption structure
MAT_243,Pt,0.6,0.4,Ru0.60Pt0.40Ox,2,data\h2o_adsorbates\MAT_243_H2O_site2.cif,data\substituted_slabs\MAT_243_110_slab.cif,H2O adsorption structure
MAT_244,Pt,0.4,0.6,Ru0.40Pt0.60Ox,0,data\h2o_adsorbates\MAT_244_H2O_site0.cif,data\substituted_slabs\MAT_244_110_slab.cif,H2O adsorption structure
MAT_244,Pt,0.4,0.6,Ru0.40Pt0.60Ox,1,data\h2o_adsorbates\MAT_244_H2O_site1.cif,data\substituted_slabs\MAT_244_110_slab.cif,H2O adsorption structure
MAT_244,Pt,0.4,0.6,Ru0.40Pt0.60Ox,2,data\h2o_adsorbates\MAT_244_H2O_site2.cif,data\substituted_slabs\MAT_244_110_slab.cif,H2O adsorption structure
MAT_245,Pt,0.2,0.8,Ru0.20Pt0.80Ox,0,data\h2o_adsorbates\MAT_245_H2O_site0.cif,data\substituted_slabs\MAT_245_110_slab.cif,H2O adsorption structure
MAT_245,Pt,0.2,0.8,Ru0.20Pt0.80Ox,1,data\h2o_adsorbates\MAT_245_H2O_site1.cif,data\substituted_slabs\MAT_245_110_slab.cif,H2O adsorption structure
MAT_245,Pt,0.2,0.8,Ru0.20Pt0.80Ox,2,data\h2o_adsorbates\MAT_245_H2O_site2.cif,data\substituted_slabs\MAT_245_110_slab.cif,H2O adsorption structure
