material_id,M_element,Ru_fraction,M_fraction,nominal_formula,miller_index,slab_file,parent_structure_file,notes
MAT_001,Li,1.0,0.0,RuO2,"(1,1,0)",data\substituted_slabs\MAT_001_110_slab.cif,data\substituted_structures\MAT_001_RuO2.cif,generated substituted slab
MAT_002,Li,0.8,0.1999999999999999,Ru0.80Li0.20Ox,"(1,1,0)",data\substituted_slabs\MAT_002_110_slab.cif,data\substituted_structures\MAT_002_Ru0.80Li0.20Ox.cif,generated substituted slab
MAT_003,Li,0.6,0.4,Ru0.60Li0.40Ox,"(1,1,0)",data\substituted_slabs\MAT_003_110_slab.cif,data\substituted_structures\MAT_003_Ru0.60Li0.40Ox.cif,generated substituted slab
MAT_004,Li,0.4,0.6,Ru0.40Li0.60Ox,"(1,1,0)",data\substituted_slabs\MAT_004_110_slab.cif,data\substituted_structures\MAT_004_Ru0.40Li0.60Ox.cif,generated substituted slab
MAT_005,Li,0.2,0.8,Ru0.20Li0.80Ox,"(1,1,0)",data\substituted_slabs\MAT_005_110_slab.cif,data\substituted_structures\MAT_005_Ru0.20Li0.80Ox.cif,generated substituted slab
MAT_007,Na,0.8,0.1999999999999999,Ru0.80Na0.20Ox,"(1,1,0)",data\substituted_slabs\MAT_007_110_slab.cif,data\substituted_structures\MAT_007_Ru0.80Na0.20Ox.cif,generated substituted slab
MAT_008,Na,0.6,0.4,Ru0.60Na0.40Ox,"(1,1,0)",data\substituted_slabs\MAT_008_110_slab.cif,data\substituted_structures\MAT_008_Ru0.60Na0.40Ox.cif,generated substituted slab
MAT_009,Na,0.4,0.6,Ru0.40Na0.60Ox,"(1,1,0)",data\substituted_slabs\MAT_009_110_slab.cif,data\substituted_structures\MAT_009_Ru0.40Na0.60Ox.cif,generated substituted slab
MAT_010,Na,0.2,0.8,Ru0.20Na0.80Ox,"(1,1,0)",data\substituted_slabs\MAT_010_110_slab.cif,data\substituted_structures\MAT_010_Ru0.20Na0.80Ox.cif,generated substituted slab
MAT_012,Mg,0.8,0.1999999999999999,Ru0.80Mg0.20Ox,"(1,1,0)",data\substituted_slabs\MAT_012_110_slab.cif,data\substituted_structures\MAT_012_Ru0.80Mg0.20Ox.cif,generated substituted slab
MAT_013,Mg,0.6,0.4,Ru0.60Mg0.40Ox,"(1,1,0)",data\substituted_slabs\MAT_013_110_slab.cif,data\substituted_structures\MAT_013_Ru0.60Mg0.40Ox.cif,generated substituted slab
MAT_014,Mg,0.4,0.6,Ru0.40Mg0.60Ox,"(1,1,0)",data\substituted_slabs\MAT_014_110_slab.cif,data\substituted_structures\MAT_014_Ru0.40Mg0.60Ox.cif,generated substituted slab
MAT_015,Mg,0.2,0.8,Ru0.20Mg0.80Ox,"(1,1,0)",data\substituted_slabs\MAT_015_110_slab.cif,data\substituted_structures\MAT_015_Ru0.20Mg0.80Ox.cif,generated substituted slab
MAT_017,Al,0.8,0.1999999999999999,Ru0.80Al0.20Ox,"(1,1,0)",data\substituted_slabs\MAT_017_110_slab.cif,data\substituted_structures\MAT_017_Ru0.80Al0.20Ox.cif,generated substituted slab
MAT_018,Al,0.6,0.4,Ru0.60Al0.40Ox,"(1,1,0)",data\substituted_slabs\MAT_018_110_slab.cif,data\substituted_structures\MAT_018_Ru0.60Al0.40Ox.cif,generated substituted slab
MAT_019,Al,0.4,0.6,Ru0.40Al0.60Ox,"(1,1,0)",data\substituted_slabs\MAT_019_110_slab.cif,data\substituted_structures\MAT_019_Ru0.40Al0.60Ox.cif,generated substituted slab
MAT_020,Al,0.2,0.8,Ru0.20Al0.80Ox,"(1,1,0)",data\substituted_slabs\MAT_020_110_slab.cif,data\substituted_structures\MAT_020_Ru0.20Al0.80Ox.cif,generated substituted slab
MAT_022,Si,0.8,0.1999999999999999,Ru0.80Si0.20Ox,"(1,1,0)",data\substituted_slabs\MAT_022_110_slab.cif,data\substituted_structures\MAT_022_Ru0.80Si0.20Ox.cif,generated substituted slab
MAT_023,Si,0.6,0.4,Ru0.60Si0.40Ox,"(1,1,0)",data\substituted_slabs\MAT_023_110_slab.cif,data\substituted_structures\MAT_023_Ru0.60Si0.40Ox.cif,generated substituted slab
MAT_024,Si,0.4,0.6,Ru0.40Si0.60Ox,"(1,1,0)",data\substituted_slabs\MAT_024_110_slab.cif,data\substituted_structures\MAT_024_Ru0.40Si0.60Ox.cif,generated substituted slab
MAT_025,Si,0.2,0.8,Ru0.20Si0.80Ox,"(1,1,0)",data\substituted_slabs\MAT_025_110_slab.cif,data\substituted_structures\MAT_025_Ru0.20Si0.80Ox.cif,generated substituted slab
MAT_027,K,0.8,0.1999999999999999,Ru0.80K0.20Ox,"(1,1,0)",data\substituted_slabs\MAT_027_110_slab.cif,data\substituted_structures\MAT_027_Ru0.80K0.20Ox.cif,generated substituted slab
MAT_028,K,0.6,0.4,Ru0.60K0.40Ox,"(1,1,0)",data\substituted_slabs\MAT_028_110_slab.cif,data\substituted_structures\MAT_028_Ru0.60K0.40Ox.cif,generated substituted slab
MAT_029,K,0.4,0.6,Ru0.40K0.60Ox,"(1,1,0)",data\substituted_slabs\MAT_029_110_slab.cif,data\substituted_structures\MAT_029_Ru0.40K0.60Ox.cif,generated substituted slab
MAT_030,K,0.2,0.8,Ru0.20K0.80Ox,"(1,1,0)",data\substituted_slabs\MAT_030_110_slab.cif,data\substituted_structures\MAT_030_Ru0.20K0.80Ox.cif,generated substituted slab
MAT_032,Ca,0.8,0.1999999999999999,Ru0.80Ca0.20Ox,"(1,1,0)",data\substituted_slabs\MAT_032_110_slab.cif,data\substituted_structures\MAT_032_Ru0.80Ca0.20Ox.cif,generated substituted slab
MAT_033,Ca,0.6,0.4,Ru0.60Ca0.40Ox,"(1,1,0)",data\substituted_slabs\MAT_033_110_slab.cif,data\substituted_structures\MAT_033_Ru0.60Ca0.40Ox.cif,generated substituted slab
MAT_034,Ca,0.4,0.6,Ru0.40Ca0.60Ox,"(1,1,0)",data\substituted_slabs\MAT_034_110_slab.cif,data\substituted_structures\MAT_034_Ru0.40Ca0.60Ox.cif,generated substituted slab
MAT_035,Ca,0.2,0.8,Ru0.20Ca0.80Ox,"(1,1,0)",data\substituted_slabs\MAT_035_110_slab.cif,data\substituted_structures\MAT_035_Ru0.20Ca0.80Ox.cif,generated substituted slab
MAT_037,Sc,0.8,0.1999999999999999,Ru0.80Sc0.20Ox,"(1,1,0)",data\substituted_slabs\MAT_037_110_slab.cif,data\substituted_structures\MAT_037_Ru0.80Sc0.20Ox.cif,generated substituted slab
MAT_038,Sc,0.6,0.4,Ru0.60Sc0.40Ox,"(1,1,0)",data\substituted_slabs\MAT_038_110_slab.cif,data\substituted_structures\MAT_038_Ru0.60Sc0.40Ox.cif,generated substituted slab
MAT_039,Sc,0.4,0.6,Ru0.40Sc0.60Ox,"(1,1,0)",data\substituted_slabs\MAT_039_110_slab.cif,data\substituted_structures\MAT_039_Ru0.40Sc0.60Ox.cif,generated substituted slab
MAT_040,Sc,0.2,0.8,Ru0.20Sc0.80Ox,"(1,1,0)",data\substituted_slabs\MAT_040_110_slab.cif,data\substituted_structures\MAT_040_Ru0.20Sc0.80Ox.cif,generated substituted slab
MAT_042,Ti,0.8,0.1999999999999999,Ru0.80Ti0.20Ox,"(1,1,0)",data\substituted_slabs\MAT_042_110_slab.cif,data\substituted_structures\MAT_042_Ru0.80Ti0.20Ox.cif,generated substituted slab
MAT_043,Ti,0.6,0.4,Ru0.60Ti0.40Ox,"(1,1,0)",data\substituted_slabs\MAT_043_110_slab.cif,data\substituted_structures\MAT_043_Ru0.60Ti0.40Ox.cif,generated substituted slab
MAT_044,Ti,0.4,0.6,Ru0.40Ti0.60Ox,"(1,1,0)",data\substituted_slabs\MAT_044_110_slab.cif,data\substituted_structures\MAT_044_Ru0.40Ti0.60Ox.cif,generated substituted slab
MAT_045,Ti,0.2,0.8,Ru0.20Ti0.80Ox,"(1,1,0)",data\substituted_slabs\MAT_045_110_slab.cif,data\substituted_structures\MAT_045_Ru0.20Ti0.80Ox.cif,generated substituted slab
MAT_047,V,0.8,0.1999999999999999,Ru0.80V0.20Ox,"(1,1,0)",data\substituted_slabs\MAT_047_110_slab.cif,data\substituted_structures\MAT_047_Ru0.80V0.20Ox.cif,generated substituted slab
MAT_048,V,0.6,0.4,Ru0.60V0.40Ox,"(1,1,0)",data\substituted_slabs\MAT_048_110_slab.cif,data\substituted_structures\MAT_048_Ru0.60V0.40Ox.cif,generated substituted slab
MAT_049,V,0.4,0.6,Ru0.40V0.60Ox,"(1,1,0)",data\substituted_slabs\MAT_049_110_slab.cif,data\substituted_structures\MAT_049_Ru0.40V0.60Ox.cif,generated substituted slab
MAT_050,V,0.2,0.8,Ru0.20V0.80Ox,"(1,1,0)",data\substituted_slabs\MAT_050_110_slab.cif,data\substituted_structures\MAT_050_Ru0.20V0.80Ox.cif,generated substituted slab
MAT_052,Cr,0.8,0.1999999999999999,Ru0.80Cr0.20Ox,"(1,1,0)",data\substituted_slabs\MAT_052_110_slab.cif,data\substituted_structures\MAT_052_Ru0.80Cr0.20Ox.cif,generated substituted slab
MAT_053,Cr,0.6,0.4,Ru0.60Cr0.40Ox,"(1,1,0)",data\substituted_slabs\MAT_053_110_slab.cif,data\substituted_structures\MAT_053_Ru0.60Cr0.40Ox.cif,generated substituted slab
MAT_054,Cr,0.4,0.6,Ru0.40Cr0.60Ox,"(1,1,0)",data\substituted_slabs\MAT_054_110_slab.cif,data\substituted_structures\MAT_054_Ru0.40Cr0.60Ox.cif,generated substituted slab
MAT_055,Cr,0.2,0.8,Ru0.20Cr0.80Ox,"(1,1,0)",data\substituted_slabs\MAT_055_110_slab.cif,data\substituted_structures\MAT_055_Ru0.20Cr0.80Ox.cif,generated substituted slab
MAT_057,Mn,0.8,0.1999999999999999,Ru0.80Mn0.20Ox,"(1,1,0)",data\substituted_slabs\MAT_057_110_slab.cif,data\substituted_structures\MAT_057_Ru0.80Mn0.20Ox.cif,generated substituted slab
MAT_058,Mn,0.6,0.4,Ru0.60Mn0.40Ox,"(1,1,0)",data\substituted_slabs\MAT_058_110_slab.cif,data\substituted_structures\MAT_058_Ru0.60Mn0.40Ox.cif,generated substituted slab
MAT_059,Mn,0.4,0.6,Ru0.40Mn0.60Ox,"(1,1,0)",data\substituted_slabs\MAT_059_110_slab.cif,data\substituted_structures\MAT_059_Ru0.40Mn0.60Ox.cif,generated substituted slab
MAT_060,Mn,0.2,0.8,Ru0.20Mn0.80Ox,"(1,1,0)",data\substituted_slabs\MAT_060_110_slab.cif,data\substituted_structures\MAT_060_Ru0.20Mn0.80Ox.cif,generated substituted slab
MAT_062,Fe,0.8,0.1999999999999999,Ru0.80Fe0.20Ox,"(1,1,0)",data\substituted_slabs\MAT_062_110_slab.cif,data\substituted_structures\MAT_062_Ru0.80Fe0.20Ox.cif,generated substituted slab
MAT_063,Fe,0.6,0.4,Ru0.60Fe0.40Ox,"(1,1,0)",data\substituted_slabs\MAT_063_110_slab.cif,data\substituted_structures\MAT_063_Ru0.60Fe0.40Ox.cif,generated substituted slab
MAT_064,Fe,0.4,0.6,Ru0.40Fe0.60Ox,"(1,1,0)",data\substituted_slabs\MAT_064_110_slab.cif,data\substituted_structures\MAT_064_Ru0.40Fe0.60Ox.cif,generated substituted slab
MAT_065,Fe,0.2,0.8,Ru0.20Fe0.80Ox,"(1,1,0)",data\substituted_slabs\MAT_065_110_slab.cif,data\substituted_structures\MAT_065_Ru0.20Fe0.80Ox.cif,generated substituted slab
MAT_067,Co,0.8,0.1999999999999999,Ru0.80Co0.20Ox,"(1,1,0)",data\substituted_slabs\MAT_067_110_slab.cif,data\substituted_structures\MAT_067_Ru0.80Co0.20Ox.cif,generated substituted slab
MAT_068,Co,0.6,0.4,Ru0.60Co0.40Ox,"(1,1,0)",data\substituted_slabs\MAT_068_110_slab.cif,data\substituted_structures\MAT_068_Ru0.60Co0.40Ox.cif,generated substituted slab
MAT_069,Co,0.4,0.6,Ru0.40Co0.60Ox,"(1,1,0)",data\substituted_slabs\MAT_069_110_slab.cif,data\substituted_structures\MAT_069_Ru0.40Co0.60Ox.cif,generated substituted slab
MAT_070,Co,0.2,0.8,Ru0.20Co0.80Ox,"(1,1,0)",data\substituted_slabs\MAT_070_110_slab.cif,data\substituted_structures\MAT_070_Ru0.20Co0.80Ox.cif,generated substituted slab
MAT_072,Ni,0.8,0.1999999999999999,Ru0.80Ni0.20Ox,"(1,1,0)",data\substituted_slabs\MAT_072_110_slab.cif,data\substituted_structures\MAT_072_Ru0.80Ni0.20Ox.cif,generated substituted slab
MAT_073,Ni,0.6,0.4,Ru0.60Ni0.40Ox,"(1,1,0)",data\substituted_slabs\MAT_073_110_slab.cif,data\substituted_structures\MAT_073_Ru0.60Ni0.40Ox.cif,generated substituted slab
MAT_074,Ni,0.4,0.6,Ru0.40Ni0.60Ox,"(1,1,0)",data\substituted_slabs\MAT_074_110_slab.cif,data\substituted_structures\MAT_074_Ru0.40Ni0.60Ox.cif,generated substituted slab
MAT_075,Ni,0.2,0.8,Ru0.20Ni0.80Ox,"(1,1,0)",data\substituted_slabs\MAT_075_110_slab.cif,data\substituted_structures\MAT_075_Ru0.20Ni0.80Ox.cif,generated substituted slab
MAT_077,Cu,0.8,0.1999999999999999,Ru0.80Cu0.20Ox,"(1,1,0)",data\substituted_slabs\MAT_077_110_slab.cif,data\substituted_structures\MAT_077_Ru0.80Cu0.20Ox.cif,generated substituted slab
MAT_078,Cu,0.6,0.4,Ru0.60Cu0.40Ox,"(1,1,0)",data\substituted_slabs\MAT_078_110_slab.cif,data\substituted_structures\MAT_078_Ru0.60Cu0.40Ox.cif,generated substituted slab
MAT_079,Cu,0.4,0.6,Ru0.40Cu0.60Ox,"(1,1,0)",data\substituted_slabs\MAT_079_110_slab.cif,data\substituted_structures\MAT_079_Ru0.40Cu0.60Ox.cif,generated substituted slab
MAT_080,Cu,0.2,0.8,Ru0.20Cu0.80Ox,"(1,1,0)",data\substituted_slabs\MAT_080_110_slab.cif,data\substituted_structures\MAT_080_Ru0.20Cu0.80Ox.cif,generated substituted slab
MAT_082,Zn,0.8,0.1999999999999999,Ru0.80Zn0.20Ox,"(1,1,0)",data\substituted_slabs\MAT_082_110_slab.cif,data\substituted_structures\MAT_082_Ru0.80Zn0.20Ox.cif,generated substituted slab
MAT_083,Zn,0.6,0.4,Ru0.60Zn0.40Ox,"(1,1,0)",data\substituted_slabs\MAT_083_110_slab.cif,data\substituted_structures\MAT_083_Ru0.60Zn0.40Ox.cif,generated substituted slab
MAT_084,Zn,0.4,0.6,Ru0.40Zn0.60Ox,"(1,1,0)",data\substituted_slabs\MAT_084_110_slab.cif,data\substituted_structures\MAT_084_Ru0.40Zn0.60Ox.cif,generated substituted slab
MAT_085,Zn,0.2,0.8,Ru0.20Zn0.80Ox,"(1,1,0)",data\substituted_slabs\MAT_085_110_slab.cif,data\substituted_structures\MAT_085_Ru0.20Zn0.80Ox.cif,generated substituted slab
MAT_087,Ga,0.8,0.1999999999999999,Ru0.80Ga0.20Ox,"(1,1,0)",data\substituted_slabs\MAT_087_110_slab.cif,data\substituted_structures\MAT_087_Ru0.80Ga0.20Ox.cif,generated substituted slab
MAT_088,Ga,0.6,0.4,Ru0.60Ga0.40Ox,"(1,1,0)",data\substituted_slabs\MAT_088_110_slab.cif,data\substituted_structures\MAT_088_Ru0.60Ga0.40Ox.cif,generated substituted slab
MAT_089,Ga,0.4,0.6,Ru0.40Ga0.60Ox,"(1,1,0)",data\substituted_slabs\MAT_089_110_slab.cif,data\substituted_structures\MAT_089_Ru0.40Ga0.60Ox.cif,generated substituted slab
MAT_090,Ga,0.2,0.8,Ru0.20Ga0.80Ox,"(1,1,0)",data\substituted_slabs\MAT_090_110_slab.cif,data\substituted_structures\MAT_090_Ru0.20Ga0.80Ox.cif,generated substituted slab
MAT_092,Ge,0.8,0.1999999999999999,Ru0.80Ge0.20Ox,"(1,1,0)",data\substituted_slabs\MAT_092_110_slab.cif,data\substituted_structures\MAT_092_Ru0.80Ge0.20Ox.cif,generated substituted slab
MAT_093,Ge,0.6,0.4,Ru0.60Ge0.40Ox,"(1,1,0)",data\substituted_slabs\MAT_093_110_slab.cif,data\substituted_structures\MAT_093_Ru0.60Ge0.40Ox.cif,generated substituted slab
MAT_094,Ge,0.4,0.6,Ru0.40Ge0.60Ox,"(1,1,0)",data\substituted_slabs\MAT_094_110_slab.cif,data\substituted_structures\MAT_094_Ru0.40Ge0.60Ox.cif,generated substituted slab
MAT_095,Ge,0.2,0.8,Ru0.20Ge0.80Ox,"(1,1,0)",data\substituted_slabs\MAT_095_110_slab.cif,data\substituted_structures\MAT_095_Ru0.20Ge0.80Ox.cif,generated substituted slab
MAT_097,Sr,0.8,0.1999999999999999,Ru0.80Sr0.20Ox,"(1,1,0)",data\substituted_slabs\MAT_097_110_slab.cif,data\substituted_structures\MAT_097_Ru0.80Sr0.20Ox.cif,generated substituted slab
MAT_098,Sr,0.6,0.4,Ru0.60Sr0.40Ox,"(1,1,0)",data\substituted_slabs\MAT_098_110_slab.cif,data\substituted_structures\MAT_098_Ru0.60Sr0.40Ox.cif,generated substituted slab
MAT_099,Sr,0.4,0.6,Ru0.40Sr0.60Ox,"(1,1,0)",data\substituted_slabs\MAT_099_110_slab.cif,data\substituted_structures\MAT_099_Ru0.40Sr0.60Ox.cif,generated substituted slab
MAT_100,Sr,0.2,0.8,Ru0.20Sr0.80Ox,"(1,1,0)",data\substituted_slabs\MAT_100_110_slab.cif,data\substituted_structures\MAT_100_Ru0.20Sr0.80Ox.cif,generated substituted slab
MAT_102,Y,0.8,0.1999999999999999,Ru0.80Y0.20Ox,"(1,1,0)",data\substituted_slabs\MAT_102_110_slab.cif,data\substituted_structures\MAT_102_Ru0.80Y0.20Ox.cif,generated substituted slab
MAT_103,Y,0.6,0.4,Ru0.60Y0.40Ox,"(1,1,0)",data\substituted_slabs\MAT_103_110_slab.cif,data\substituted_structures\MAT_103_Ru0.60Y0.40Ox.cif,generated substituted slab
MAT_104,Y,0.4,0.6,Ru0.40Y0.60Ox,"(1,1,0)",data\substituted_slabs\MAT_104_110_slab.cif,data\substituted_structures\MAT_104_Ru0.40Y0.60Ox.cif,generated substituted slab
MAT_105,Y,0.2,0.8,Ru0.20Y0.80Ox,"(1,1,0)",data\substituted_slabs\MAT_105_110_slab.cif,data\substituted_structures\MAT_105_Ru0.20Y0.80Ox.cif,generated substituted slab
MAT_107,Zr,0.8,0.1999999999999999,Ru0.80Zr0.20Ox,"(1,1,0)",data\substituted_slabs\MAT_107_110_slab.cif,data\substituted_structures\MAT_107_Ru0.80Zr0.20Ox.cif,generated substituted slab
MAT_108,Zr,0.6,0.4,Ru0.60Zr0.40Ox,"(1,1,0)",data\substituted_slabs\MAT_108_110_slab.cif,data\substituted_structures\MAT_108_Ru0.60Zr0.40Ox.cif,generated substituted slab
MAT_109,Zr,0.4,0.6,Ru0.40Zr0.60Ox,"(1,1,0)",data\substituted_slabs\MAT_109_110_slab.cif,data\substituted_structures\MAT_109_Ru0.40Zr0.60Ox.cif,generated substituted slab
MAT_110,Zr,0.2,0.8,Ru0.20Zr0.80Ox,"(1,1,0)",data\substituted_slabs\MAT_110_110_slab.cif,data\substituted_structures\MAT_110_Ru0.20Zr0.80Ox.cif,generated substituted slab
MAT_112,Nb,0.8,0.1999999999999999,Ru0.80Nb0.20Ox,"(1,1,0)",data\substituted_slabs\MAT_112_110_slab.cif,data\substituted_structures\MAT_112_Ru0.80Nb0.20Ox.cif,generated substituted slab
MAT_113,Nb,0.6,0.4,Ru0.60Nb0.40Ox,"(1,1,0)",data\substituted_slabs\MAT_113_110_slab.cif,data\substituted_structures\MAT_113_Ru0.60Nb0.40Ox.cif,generated substituted slab
MAT_114,Nb,0.4,0.6,Ru0.40Nb0.60Ox,"(1,1,0)",data\substituted_slabs\MAT_114_110_slab.cif,data\substituted_structures\MAT_114_Ru0.40Nb0.60Ox.cif,generated substituted slab
MAT_115,Nb,0.2,0.8,Ru0.20Nb0.80Ox,"(1,1,0)",data\substituted_slabs\MAT_115_110_slab.cif,data\substituted_structures\MAT_115_Ru0.20Nb0.80Ox.cif,generated substituted slab
MAT_117,Mo,0.8,0.1999999999999999,Ru0.80Mo0.20Ox,"(1,1,0)",data\substituted_slabs\MAT_117_110_slab.cif,data\substituted_structures\MAT_117_Ru0.80Mo0.20Ox.cif,generated substituted slab
MAT_118,Mo,0.6,0.4,Ru0.60Mo0.40Ox,"(1,1,0)",data\substituted_slabs\MAT_118_110_slab.cif,data\substituted_structures\MAT_118_Ru0.60Mo0.40Ox.cif,generated substituted slab
MAT_119,Mo,0.4,0.6,Ru0.40Mo0.60Ox,"(1,1,0)",data\substituted_slabs\MAT_119_110_slab.cif,data\substituted_structures\MAT_119_Ru0.40Mo0.60Ox.cif,generated substituted slab
MAT_120,Mo,0.2,0.8,Ru0.20Mo0.80Ox,"(1,1,0)",data\substituted_slabs\MAT_120_110_slab.cif,data\substituted_structures\MAT_120_Ru0.20Mo0.80Ox.cif,generated substituted slab
MAT_122,Rh,0.8,0.1999999999999999,Ru0.80Rh0.20Ox,"(1,1,0)",data\substituted_slabs\MAT_122_110_slab.cif,data\substituted_structures\MAT_122_Ru0.80Rh0.20Ox.cif,generated substituted slab
MAT_123,Rh,0.6,0.4,Ru0.60Rh0.40Ox,"(1,1,0)",data\substituted_slabs\MAT_123_110_slab.cif,data\substituted_structures\MAT_123_Ru0.60Rh0.40Ox.cif,generated substituted slab
MAT_124,Rh,0.4,0.6,Ru0.40Rh0.60Ox,"(1,1,0)",data\substituted_slabs\MAT_124_110_slab.cif,data\substituted_structures\MAT_124_Ru0.40Rh0.60Ox.cif,generated substituted slab
MAT_125,Rh,0.2,0.8,Ru0.20Rh0.80Ox,"(1,1,0)",data\substituted_slabs\MAT_125_110_slab.cif,data\substituted_structures\MAT_125_Ru0.20Rh0.80Ox.cif,generated substituted slab
MAT_127,Pd,0.8,0.1999999999999999,Ru0.80Pd0.20Ox,"(1,1,0)",data\substituted_slabs\MAT_127_110_slab.cif,data\substituted_structures\MAT_127_Ru0.80Pd0.20Ox.cif,generated substituted slab
MAT_128,Pd,0.6,0.4,Ru0.60Pd0.40Ox,"(1,1,0)",data\substituted_slabs\MAT_128_110_slab.cif,data\substituted_structures\MAT_128_Ru0.60Pd0.40Ox.cif,generated substituted slab
MAT_129,Pd,0.4,0.6,Ru0.40Pd0.60Ox,"(1,1,0)",data\substituted_slabs\MAT_129_110_slab.cif,data\substituted_structures\MAT_129_Ru0.40Pd0.60Ox.cif,generated substituted slab
MAT_130,Pd,0.2,0.8,Ru0.20Pd0.80Ox,"(1,1,0)",data\substituted_slabs\MAT_130_110_slab.cif,data\substituted_structures\MAT_130_Ru0.20Pd0.80Ox.cif,generated substituted slab
MAT_132,Ag,0.8,0.1999999999999999,Ru0.80Ag0.20Ox,"(1,1,0)",data\substituted_slabs\MAT_132_110_slab.cif,data\substituted_structures\MAT_132_Ru0.80Ag0.20Ox.cif,generated substituted slab
MAT_133,Ag,0.6,0.4,Ru0.60Ag0.40Ox,"(1,1,0)",data\substituted_slabs\MAT_133_110_slab.cif,data\substituted_structures\MAT_133_Ru0.60Ag0.40Ox.cif,generated substituted slab
MAT_134,Ag,0.4,0.6,Ru0.40Ag0.60Ox,"(1,1,0)",data\substituted_slabs\MAT_134_110_slab.cif,data\substituted_structures\MAT_134_Ru0.40Ag0.60Ox.cif,generated substituted slab
MAT_135,Ag,0.2,0.8,Ru0.20Ag0.80Ox,"(1,1,0)",data\substituted_slabs\MAT_135_110_slab.cif,data\substituted_structures\MAT_135_Ru0.20Ag0.80Ox.cif,generated substituted slab
MAT_137,Cd,0.8,0.1999999999999999,Ru0.80Cd0.20Ox,"(1,1,0)",data\substituted_slabs\MAT_137_110_slab.cif,data\substituted_structures\MAT_137_Ru0.80Cd0.20Ox.cif,generated substituted slab
MAT_138,Cd,0.6,0.4,Ru0.60Cd0.40Ox,"(1,1,0)",data\substituted_slabs\MAT_138_110_slab.cif,data\substituted_structures\MAT_138_Ru0.60Cd0.40Ox.cif,generated substituted slab
MAT_139,Cd,0.4,0.6,Ru0.40Cd0.60Ox,"(1,1,0)",data\substituted_slabs\MAT_139_110_slab.cif,data\substituted_structures\MAT_139_Ru0.40Cd0.60Ox.cif,generated substituted slab
MAT_140,Cd,0.2,0.8,Ru0.20Cd0.80Ox,"(1,1,0)",data\substituted_slabs\MAT_140_110_slab.cif,data\substituted_structures\MAT_140_Ru0.20Cd0.80Ox.cif,generated substituted slab
MAT_142,In,0.8,0.1999999999999999,Ru0.80In0.20Ox,"(1,1,0)",data\substituted_slabs\MAT_142_110_slab.cif,data\substituted_structures\MAT_142_Ru0.80In0.20Ox.cif,generated substituted slab
MAT_143,In,0.6,0.4,Ru0.60In0.40Ox,"(1,1,0)",data\substituted_slabs\MAT_143_110_slab.cif,data\substituted_structures\MAT_143_Ru0.60In0.40Ox.cif,generated substituted slab
MAT_144,In,0.4,0.6,Ru0.40In0.60Ox,"(1,1,0)",data\substituted_slabs\MAT_144_110_slab.cif,data\substituted_structures\MAT_144_Ru0.40In0.60Ox.cif,generated substituted slab
MAT_145,In,0.2,0.8,Ru0.20In0.80Ox,"(1,1,0)",data\substituted_slabs\MAT_145_110_slab.cif,data\substituted_structures\MAT_145_Ru0.20In0.80Ox.cif,generated substituted slab
MAT_147,Sn,0.8,0.1999999999999999,Ru0.80Sn0.20Ox,"(1,1,0)",data\substituted_slabs\MAT_147_110_slab.cif,data\substituted_structures\MAT_147_Ru0.80Sn0.20Ox.cif,generated substituted slab
MAT_148,Sn,0.6,0.4,Ru0.60Sn0.40Ox,"(1,1,0)",data\substituted_slabs\MAT_148_110_slab.cif,data\substituted_structures\MAT_148_Ru0.60Sn0.40Ox.cif,generated substituted slab
MAT_149,Sn,0.4,0.6,Ru0.40Sn0.60Ox,"(1,1,0)",data\substituted_slabs\MAT_149_110_slab.cif,data\substituted_structures\MAT_149_Ru0.40Sn0.60Ox.cif,generated substituted slab
MAT_150,Sn,0.2,0.8,Ru0.20Sn0.80Ox,"(1,1,0)",data\substituted_slabs\MAT_150_110_slab.cif,data\substituted_structures\MAT_150_Ru0.20Sn0.80Ox.cif,generated substituted slab
MAT_152,Ba,0.8,0.1999999999999999,Ru0.80Ba0.20Ox,"(1,1,0)",data\substituted_slabs\MAT_152_110_slab.cif,data\substituted_structures\MAT_152_Ru0.80Ba0.20Ox.cif,generated substituted slab
MAT_153,Ba,0.6,0.4,Ru0.60Ba0.40Ox,"(1,1,0)",data\substituted_slabs\MAT_153_110_slab.cif,data\substituted_structures\MAT_153_Ru0.60Ba0.40Ox.cif,generated substituted slab
MAT_154,Ba,0.4,0.6,Ru0.40Ba0.60Ox,"(1,1,0)",data\substituted_slabs\MAT_154_110_slab.cif,data\substituted_structures\MAT_154_Ru0.40Ba0.60Ox.cif,generated substituted slab
MAT_155,Ba,0.2,0.8,Ru0.20Ba0.80Ox,"(1,1,0)",data\substituted_slabs\MAT_155_110_slab.cif,data\substituted_structures\MAT_155_Ru0.20Ba0.80Ox.cif,generated substituted slab
MAT_157,La,0.8,0.1999999999999999,Ru0.80La0.20Ox,"(1,1,0)",data\substituted_slabs\MAT_157_110_slab.cif,data\substituted_structures\MAT_157_Ru0.80La0.20Ox.cif,generated substituted slab
MAT_158,La,0.6,0.4,Ru0.60La0.40Ox,"(1,1,0)",data\substituted_slabs\MAT_158_110_slab.cif,data\substituted_structures\MAT_158_Ru0.60La0.40Ox.cif,generated substituted slab
MAT_159,La,0.4,0.6,Ru0.40La0.60Ox,"(1,1,0)",data\substituted_slabs\MAT_159_110_slab.cif,data\substituted_structures\MAT_159_Ru0.40La0.60Ox.cif,generated substituted slab
MAT_160,La,0.2,0.8,Ru0.20La0.80Ox,"(1,1,0)",data\substituted_slabs\MAT_160_110_slab.cif,data\substituted_structures\MAT_160_Ru0.20La0.80Ox.cif,generated substituted slab
MAT_162,Ce,0.8,0.1999999999999999,Ru0.80Ce0.20Ox,"(1,1,0)",data\substituted_slabs\MAT_162_110_slab.cif,data\substituted_structures\MAT_162_Ru0.80Ce0.20Ox.cif,generated substituted slab
MAT_163,Ce,0.6,0.4,Ru0.60Ce0.40Ox,"(1,1,0)",data\substituted_slabs\MAT_163_110_slab.cif,data\substituted_structures\MAT_163_Ru0.60Ce0.40Ox.cif,generated substituted slab
MAT_164,Ce,0.4,0.6,Ru0.40Ce0.60Ox,"(1,1,0)",data\substituted_slabs\MAT_164_110_slab.cif,data\substituted_structures\MAT_164_Ru0.40Ce0.60Ox.cif,generated substituted slab
MAT_165,Ce,0.2,0.8,Ru0.20Ce0.80Ox,"(1,1,0)",data\substituted_slabs\MAT_165_110_slab.cif,data\substituted_structures\MAT_165_Ru0.20Ce0.80Ox.cif,generated substituted slab
MAT_167,Pr,0.8,0.1999999999999999,Ru0.80Pr0.20Ox,"(1,1,0)",data\substituted_slabs\MAT_167_110_slab.cif,data\substituted_structures\MAT_167_Ru0.80Pr0.20Ox.cif,generated substituted slab
MAT_168,Pr,0.6,0.4,Ru0.60Pr0.40Ox,"(1,1,0)",data\substituted_slabs\MAT_168_110_slab.cif,data\substituted_structures\MAT_168_Ru0.60Pr0.40Ox.cif,generated substituted slab
MAT_169,Pr,0.4,0.6,Ru0.40Pr0.60Ox,"(1,1,0)",data\substituted_slabs\MAT_169_110_slab.cif,data\substituted_structures\MAT_169_Ru0.40Pr0.60Ox.cif,generated substituted slab
MAT_170,Pr,0.2,0.8,Ru0.20Pr0.80Ox,"(1,1,0)",data\substituted_slabs\MAT_170_110_slab.cif,data\substituted_structures\MAT_170_Ru0.20Pr0.80Ox.cif,generated substituted slab
MAT_172,Nd,0.8,0.1999999999999999,Ru0.80Nd0.20Ox,"(1,1,0)",data\substituted_slabs\MAT_172_110_slab.cif,data\substituted_structures\MAT_172_Ru0.80Nd0.20Ox.cif,generated substituted slab
MAT_173,Nd,0.6,0.4,Ru0.60Nd0.40Ox,"(1,1,0)",data\substituted_slabs\MAT_173_110_slab.cif,data\substituted_structures\MAT_173_Ru0.60Nd0.40Ox.cif,generated substituted slab
MAT_174,Nd,0.4,0.6,Ru0.40Nd0.60Ox,"(1,1,0)",data\substituted_slabs\MAT_174_110_slab.cif,data\substituted_structures\MAT_174_Ru0.40Nd0.60Ox.cif,generated substituted slab
MAT_175,Nd,0.2,0.8,Ru0.20Nd0.80Ox,"(1,1,0)",data\substituted_slabs\MAT_175_110_slab.cif,data\substituted_structures\MAT_175_Ru0.20Nd0.80Ox.cif,generated substituted slab
MAT_177,Sm,0.8,0.1999999999999999,Ru0.80Sm0.20Ox,"(1,1,0)",data\substituted_slabs\MAT_177_110_slab.cif,data\substituted_structures\MAT_177_Ru0.80Sm0.20Ox.cif,generated substituted slab
MAT_178,Sm,0.6,0.4,Ru0.60Sm0.40Ox,"(1,1,0)",data\substituted_slabs\MAT_178_110_slab.cif,data\substituted_structures\MAT_178_Ru0.60Sm0.40Ox.cif,generated substituted slab
MAT_179,Sm,0.4,0.6,Ru0.40Sm0.60Ox,"(1,1,0)",data\substituted_slabs\MAT_179_110_slab.cif,data\substituted_structures\MAT_179_Ru0.40Sm0.60Ox.cif,generated substituted slab
MAT_180,Sm,0.2,0.8,Ru0.20Sm0.80Ox,"(1,1,0)",data\substituted_slabs\MAT_180_110_slab.cif,data\substituted_structures\MAT_180_Ru0.20Sm0.80Ox.cif,generated substituted slab
MAT_182,Gd,0.8,0.1999999999999999,Ru0.80Gd0.20Ox,"(1,1,0)",data\substituted_slabs\MAT_182_110_slab.cif,data\substituted_structures\MAT_182_Ru0.80Gd0.20Ox.cif,generated substituted slab
MAT_183,Gd,0.6,0.4,Ru0.60Gd0.40Ox,"(1,1,0)",data\substituted_slabs\MAT_183_110_slab.cif,data\substituted_structures\MAT_183_Ru0.60Gd0.40Ox.cif,generated substituted slab
MAT_184,Gd,0.4,0.6,Ru0.40Gd0.60Ox,"(1,1,0)",data\substituted_slabs\MAT_184_110_slab.cif,data\substituted_structures\MAT_184_Ru0.40Gd0.60Ox.cif,generated substituted slab
MAT_185,Gd,0.2,0.8,Ru0.20Gd0.80Ox,"(1,1,0)",data\substituted_slabs\MAT_185_110_slab.cif,data\substituted_structures\MAT_185_Ru0.20Gd0.80Ox.cif,generated substituted slab
MAT_187,Tb,0.8,0.1999999999999999,Ru0.80Tb0.20Ox,"(1,1,0)",data\substituted_slabs\MAT_187_110_slab.cif,data\substituted_structures\MAT_187_Ru0.80Tb0.20Ox.cif,generated substituted slab
MAT_188,Tb,0.6,0.4,Ru0.60Tb0.40Ox,"(1,1,0)",data\substituted_slabs\MAT_188_110_slab.cif,data\substituted_structures\MAT_188_Ru0.60Tb0.40Ox.cif,generated substituted slab
MAT_189,Tb,0.4,0.6,Ru0.40Tb0.60Ox,"(1,1,0)",data\substituted_slabs\MAT_189_110_slab.cif,data\substituted_structures\MAT_189_Ru0.40Tb0.60Ox.cif,generated substituted slab
MAT_190,Tb,0.2,0.8,Ru0.20Tb0.80Ox,"(1,1,0)",data\substituted_slabs\MAT_190_110_slab.cif,data\substituted_structures\MAT_190_Ru0.20Tb0.80Ox.cif,generated substituted slab
MAT_192,Dy,0.8,0.1999999999999999,Ru0.80Dy0.20Ox,"(1,1,0)",data\substituted_slabs\MAT_192_110_slab.cif,data\substituted_structures\MAT_192_Ru0.80Dy0.20Ox.cif,generated substituted slab
MAT_193,Dy,0.6,0.4,Ru0.60Dy0.40Ox,"(1,1,0)",data\substituted_slabs\MAT_193_110_slab.cif,data\substituted_structures\MAT_193_Ru0.60Dy0.40Ox.cif,generated substituted slab
MAT_194,Dy,0.4,0.6,Ru0.40Dy0.60Ox,"(1,1,0)",data\substituted_slabs\MAT_194_110_slab.cif,data\substituted_structures\MAT_194_Ru0.40Dy0.60Ox.cif,generated substituted slab
MAT_195,Dy,0.2,0.8,Ru0.20Dy0.80Ox,"(1,1,0)",data\substituted_slabs\MAT_195_110_slab.cif,data\substituted_structures\MAT_195_Ru0.20Dy0.80Ox.cif,generated substituted slab
MAT_197,Ho,0.8,0.1999999999999999,Ru0.80Ho0.20Ox,"(1,1,0)",data\substituted_slabs\MAT_197_110_slab.cif,data\substituted_structures\MAT_197_Ru0.80Ho0.20Ox.cif,generated substituted slab
MAT_198,Ho,0.6,0.4,Ru0.60Ho0.40Ox,"(1,1,0)",data\substituted_slabs\MAT_198_110_slab.cif,data\substituted_structures\MAT_198_Ru0.60Ho0.40Ox.cif,generated substituted slab
MAT_199,Ho,0.4,0.6,Ru0.40Ho0.60Ox,"(1,1,0)",data\substituted_slabs\MAT_199_110_slab.cif,data\substituted_structures\MAT_199_Ru0.40Ho0.60Ox.cif,generated substituted slab
MAT_200,Ho,0.2,0.8,Ru0.20Ho0.80Ox,"(1,1,0)",data\substituted_slabs\MAT_200_110_slab.cif,data\substituted_structures\MAT_200_Ru0.20Ho0.80Ox.cif,generated substituted slab
MAT_202,Er,0.8,0.1999999999999999,Ru0.80Er0.20Ox,"(1,1,0)",data\substituted_slabs\MAT_202_110_slab.cif,data\substituted_structures\MAT_202_Ru0.80Er0.20Ox.cif,generated substituted slab
MAT_203,Er,0.6,0.4,Ru0.60Er0.40Ox,"(1,1,0)",data\substituted_slabs\MAT_203_110_slab.cif,data\substituted_structures\MAT_203_Ru0.60Er0.40Ox.cif,generated substituted slab
MAT_204,Er,0.4,0.6,Ru0.40Er0.60Ox,"(1,1,0)",data\substituted_slabs\MAT_204_110_slab.cif,data\substituted_structures\MAT_204_Ru0.40Er0.60Ox.cif,generated substituted slab
MAT_205,Er,0.2,0.8,Ru0.20Er0.80Ox,"(1,1,0)",data\substituted_slabs\MAT_205_110_slab.cif,data\substituted_structures\MAT_205_Ru0.20Er0.80Ox.cif,generated substituted slab
MAT_207,Yb,0.8,0.1999999999999999,Ru0.80Yb0.20Ox,"(1,1,0)",data\substituted_slabs\MAT_207_110_slab.cif,data\substituted_structures\MAT_207_Ru0.80Yb0.20Ox.cif,generated substituted slab
MAT_208,Yb,0.6,0.4,Ru0.60Yb0.40Ox,"(1,1,0)",data\substituted_slabs\MAT_208_110_slab.cif,data\substituted_structures\MAT_208_Ru0.60Yb0.40Ox.cif,generated substituted slab
MAT_209,Yb,0.4,0.6,Ru0.40Yb0.60Ox,"(1,1,0)",data\substituted_slabs\MAT_209_110_slab.cif,data\substituted_structures\MAT_209_Ru0.40Yb0.60Ox.cif,generated substituted slab
MAT_210,Yb,0.2,0.8,Ru0.20Yb0.80Ox,"(1,1,0)",data\substituted_slabs\MAT_210_110_slab.cif,data\substituted_structures\MAT_210_Ru0.20Yb0.80Ox.cif,generated substituted slab
MAT_212,Hf,0.8,0.1999999999999999,Ru0.80Hf0.20Ox,"(1,1,0)",data\substituted_slabs\MAT_212_110_slab.cif,data\substituted_structures\MAT_212_Ru0.80Hf0.20Ox.cif,generated substituted slab
MAT_213,Hf,0.6,0.4,Ru0.60Hf0.40Ox,"(1,1,0)",data\substituted_slabs\MAT_213_110_slab.cif,data\substituted_structures\MAT_213_Ru0.60Hf0.40Ox.cif,generated substituted slab
MAT_214,Hf,0.4,0.6,Ru0.40Hf0.60Ox,"(1,1,0)",data\substituted_slabs\MAT_214_110_slab.cif,data\substituted_structures\MAT_214_Ru0.40Hf0.60Ox.cif,generated substituted slab
MAT_215,Hf,0.2,0.8,Ru0.20Hf0.80Ox,"(1,1,0)",data\substituted_slabs\MAT_215_110_slab.cif,data\substituted_structures\MAT_215_Ru0.20Hf0.80Ox.cif,generated substituted slab
MAT_217,Ta,0.8,0.1999999999999999,Ru0.80Ta0.20Ox,"(1,1,0)",data\substituted_slabs\MAT_217_110_slab.cif,data\substituted_structures\MAT_217_Ru0.80Ta0.20Ox.cif,generated substituted slab
MAT_218,Ta,0.6,0.4,Ru0.60Ta0.40Ox,"(1,1,0)",data\substituted_slabs\MAT_218_110_slab.cif,data\substituted_structures\MAT_218_Ru0.60Ta0.40Ox.cif,generated substituted slab
MAT_219,Ta,0.4,0.6,Ru0.40Ta0.60Ox,"(1,1,0)",data\substituted_slabs\MAT_219_110_slab.cif,data\substituted_structures\MAT_219_Ru0.40Ta0.60Ox.cif,generated substituted slab
MAT_220,Ta,0.2,0.8,Ru0.20Ta0.80Ox,"(1,1,0)",data\substituted_slabs\MAT_220_110_slab.cif,data\substituted_structures\MAT_220_Ru0.20Ta0.80Ox.cif,generated substituted slab
MAT_222,W,0.8,0.1999999999999999,Ru0.80W0.20Ox,"(1,1,0)",data\substituted_slabs\MAT_222_110_slab.cif,data\substituted_structures\MAT_222_Ru0.80W0.20Ox.cif,generated substituted slab
MAT_223,W,0.6,0.4,Ru0.60W0.40Ox,"(1,1,0)",data\substituted_slabs\MAT_223_110_slab.cif,data\substituted_structures\MAT_223_Ru0.60W0.40Ox.cif,generated substituted slab
MAT_224,W,0.4,0.6,Ru0.40W0.60Ox,"(1,1,0)",data\substituted_slabs\MAT_224_110_slab.cif,data\substituted_structures\MAT_224_Ru0.40W0.60Ox.cif,generated substituted slab
MAT_225,W,0.2,0.8,Ru0.20W0.80Ox,"(1,1,0)",data\substituted_slabs\MAT_225_110_slab.cif,data\substituted_structures\MAT_225_Ru0.20W0.80Ox.cif,generated substituted slab
MAT_227,Re,0.8,0.1999999999999999,Ru0.80Re0.20Ox,"(1,1,0)",data\substituted_slabs\MAT_227_110_slab.cif,data\substituted_structures\MAT_227_Ru0.80Re0.20Ox.cif,generated substituted slab
MAT_228,Re,0.6,0.4,Ru0.60Re0.40Ox,"(1,1,0)",data\substituted_slabs\MAT_228_110_slab.cif,data\substituted_structures\MAT_228_Ru0.60Re0.40Ox.cif,generated substituted slab
MAT_229,Re,0.4,0.6,Ru0.40Re0.60Ox,"(1,1,0)",data\substituted_slabs\MAT_229_110_slab.cif,data\substituted_structures\MAT_229_Ru0.40Re0.60Ox.cif,generated substituted slab
MAT_230,Re,0.2,0.8,Ru0.20Re0.80Ox,"(1,1,0)",data\substituted_slabs\MAT_230_110_slab.cif,data\substituted_structures\MAT_230_Ru0.20Re0.80Ox.cif,generated substituted slab
MAT_232,Os,0.8,0.1999999999999999,Ru0.80Os0.20Ox,"(1,1,0)",data\substituted_slabs\MAT_232_110_slab.cif,data\substituted_structures\MAT_232_Ru0.80Os0.20Ox.cif,generated substituted slab
MAT_233,Os,0.6,0.4,Ru0.60Os0.40Ox,"(1,1,0)",data\substituted_slabs\MAT_233_110_slab.cif,data\substituted_structures\MAT_233_Ru0.60Os0.40Ox.cif,generated substituted slab
MAT_234,Os,0.4,0.6,Ru0.40Os0.60Ox,"(1,1,0)",data\substituted_slabs\MAT_234_110_slab.cif,data\substituted_structures\MAT_234_Ru0.40Os0.60Ox.cif,generated substituted slab
MAT_235,Os,0.2,0.8,Ru0.20Os0.80Ox,"(1,1,0)",data\substituted_slabs\MAT_235_110_slab.cif,data\substituted_structures\MAT_235_Ru0.20Os0.80Ox.cif,generated substituted slab
MAT_237,Ir,0.8,0.1999999999999999,Ru0.80Ir0.20Ox,"(1,1,0)",data\substituted_slabs\MAT_237_110_slab.cif,data\substituted_structures\MAT_237_Ru0.80Ir0.20Ox.cif,generated substituted slab
MAT_238,Ir,0.6,0.4,Ru0.60Ir0.40Ox,"(1,1,0)",data\substituted_slabs\MAT_238_110_slab.cif,data\substituted_structures\MAT_238_Ru0.60Ir0.40Ox.cif,generated substituted slab
MAT_239,Ir,0.4,0.6,Ru0.40Ir0.60Ox,"(1,1,0)",data\substituted_slabs\MAT_239_110_slab.cif,data\substituted_structures\MAT_239_Ru0.40Ir0.60Ox.cif,generated substituted slab
MAT_240,Ir,0.2,0.8,Ru0.20Ir0.80Ox,"(1,1,0)",data\substituted_slabs\MAT_240_110_slab.cif,data\substituted_structures\MAT_240_Ru0.20Ir0.80Ox.cif,generated substituted slab
MAT_242,Pt,0.8,0.1999999999999999,Ru0.80Pt0.20Ox,"(1,1,0)",data\substituted_slabs\MAT_242_110_slab.cif,data\substituted_structures\MAT_242_Ru0.80Pt0.20Ox.cif,generated substituted slab
MAT_243,Pt,0.6,0.4,Ru0.60Pt0.40Ox,"(1,1,0)",data\substituted_slabs\MAT_243_110_slab.cif,data\substituted_structures\MAT_243_Ru0.60Pt0.40Ox.cif,generated substituted slab
MAT_244,Pt,0.4,0.6,Ru0.40Pt0.60Ox,"(1,1,0)",data\substituted_slabs\MAT_244_110_slab.cif,data\substituted_structures\MAT_244_Ru0.40Pt0.60Ox.cif,generated substituted slab
MAT_245,Pt,0.2,0.8,Ru0.20Pt0.80Ox,"(1,1,0)",data\substituted_slabs\MAT_245_110_slab.cif,data\substituted_structures\MAT_245_Ru0.20Pt0.80Ox.cif,generated substituted slab
