material_id,M_element,Ru_fraction,M_fraction,nominal_formula,slab_file,predicted_energy_eV,backend,status
MAT_001,Li,1.0,0.0,RuO2,data\substituted_slabs\MAT_001_110_slab.cif,-172.73371304965315,uma-s-1p2,success
MAT_002,Li,0.8,0.1999999999999999,Ru0.80Li0.20Ox,data\substituted_slabs\MAT_002_110_slab.cif,-312.529875100559,uma-s-1p2,success
MAT_003,Li,0.6,0.4,Ru0.60Li0.40Ox,data\substituted_slabs\MAT_003_110_slab.cif,-294.5953792589747,uma-s-1p2,success
MAT_004,Li,0.4,0.6,Ru0.40Li0.60Ox,data\substituted_slabs\MAT_004_110_slab.cif,-253.73064196959646,uma-s-1p2,success
MAT_005,Li,0.2,0.8,Ru0.20Li0.80Ox,data\substituted_slabs\MAT_005_110_slab.cif,-231.16895959425023,uma-s-1p2,success
MAT_007,Na,0.8,0.1999999999999999,Ru0.80Na0.20Ox,data\substituted_slabs\MAT_007_110_slab.cif,-301.4032276767004,uma-s-1p2,success
MAT_008,Na,0.6,0.4,Ru0.60Na0.40Ox,data\substituted_slabs\MAT_008_110_slab.cif,-277.8221047571996,uma-s-1p2,success
MAT_009,Na,0.4,0.6,Ru0.40Na0.60Ox,data\substituted_slabs\MAT_009_110_slab.cif,-225.9650202909836,uma-s-1p2,success
MAT_010,Na,0.2,0.8,Ru0.20Na0.80Ox,data\substituted_slabs\MAT_010_110_slab.cif,-198.02741418398486,uma-s-1p2,success
MAT_012,Mg,0.8,0.1999999999999999,Ru0.80Mg0.20Ox,data\substituted_slabs\MAT_012_110_slab.cif,-321.43303768772745,uma-s-1p2,success
MAT_013,Mg,0.6,0.4,Ru0.60Mg0.40Ox,data\substituted_slabs\MAT_013_110_slab.cif,-308.15859706622746,uma-s-1p2,success
MAT_014,Mg,0.4,0.6,Ru0.40Mg0.60Ox,data\substituted_slabs\MAT_014_110_slab.cif,-277.85933533469625,uma-s-1p2,success
MAT_015,Mg,0.2,0.8,Ru0.20Mg0.80Ox,data\substituted_slabs\MAT_015_110_slab.cif,-261.5479342299818,uma-s-1p2,success
MAT_017,Al,0.8,0.1999999999999999,Ru0.80Al0.20Ox,data\substituted_slabs\MAT_017_110_slab.cif,-338.67485226660756,uma-s-1p2,success
MAT_018,Al,0.6,0.4,Ru0.60Al0.40Ox,data\substituted_slabs\MAT_018_110_slab.cif,-334.6137878119829,uma-s-1p2,success
MAT_019,Al,0.4,0.6,Ru0.40Al0.60Ox,data\substituted_slabs\MAT_019_110_slab.cif,-326.23627339055025,uma-s-1p2,success
MAT_020,Al,0.2,0.8,Ru0.20Al0.80Ox,data\substituted_slabs\MAT_020_110_slab.cif,-322.1024361713917,uma-s-1p2,success
MAT_022,Si,0.8,0.1999999999999999,Ru0.80Si0.20Ox,data\substituted_slabs\MAT_022_110_slab.cif,-340.2269166591168,uma-s-1p2,success
MAT_023,Si,0.6,0.4,Ru0.60Si0.40Ox,data\substituted_slabs\MAT_023_110_slab.cif,-337.3258947034041,uma-s-1p2,success
MAT_024,Si,0.4,0.6,Ru0.40Si0.60Ox,data\substituted_slabs\MAT_024_110_slab.cif,-333.6488709360501,uma-s-1p2,success
MAT_025,Si,0.2,0.8,Ru0.20Si0.80Ox,data\substituted_slabs\MAT_025_110_slab.cif,-332.53629798149444,uma-s-1p2,success
MAT_027,K,0.8,0.1999999999999999,Ru0.80K0.20Ox,data\substituted_slabs\MAT_027_110_slab.cif,-283.09300769996685,uma-s-1p2,success
MAT_028,K,0.6,0.4,Ru0.60K0.40Ox,data\substituted_slabs\MAT_028_110_slab.cif,-250.47945587396129,uma-s-1p2,success
MAT_029,K,0.4,0.6,Ru0.40K0.60Ox,data\substituted_slabs\MAT_029_110_slab.cif,-188.6575265932098,uma-s-1p2,success
MAT_030,K,0.2,0.8,Ru0.20K0.80Ox,data\substituted_slabs\MAT_030_110_slab.cif,-160.95233889362788,uma-s-1p2,success
MAT_032,Ca,0.8,0.1999999999999999,Ru0.80Ca0.20Ox,data\substituted_slabs\MAT_032_110_slab.cif,-314.0405334471987,uma-s-1p2,success
MAT_033,Ca,0.6,0.4,Ru0.60Ca0.40Ox,data\substituted_slabs\MAT_033_110_slab.cif,-296.82997327587964,uma-s-1p2,success
MAT_034,Ca,0.4,0.6,Ru0.40Ca0.60Ox,data\substituted_slabs\MAT_034_110_slab.cif,-260.0338604344323,uma-s-1p2,success
MAT_035,Ca,0.2,0.8,Ru0.20Ca0.80Ox,data\substituted_slabs\MAT_035_110_slab.cif,-241.69520612944723,uma-s-1p2,success
MAT_037,Sc,0.8,0.1999999999999999,Ru0.80Sc0.20Ox,data\substituted_slabs\MAT_037_110_slab.cif,-352.0353356012185,uma-s-1p2,success
MAT_038,Sc,0.6,0.4,Ru0.60Sc0.40Ox,data\substituted_slabs\MAT_038_110_slab.cif,-354.24120587745,uma-s-1p2,success
MAT_039,Sc,0.4,0.6,Ru0.40Sc0.60Ox,data\substituted_slabs\MAT_039_110_slab.cif,-358.81948752555786,uma-s-1p2,success
MAT_040,Sc,0.2,0.8,Ru0.20Sc0.80Ox,data\substituted_slabs\MAT_040_110_slab.cif,-361.36290285855387,uma-s-1p2,success
MAT_042,Ti,0.8,0.1999999999999999,Ru0.80Ti0.20Ox,data\substituted_slabs\MAT_042_110_slab.cif,-360.22973650003297,uma-s-1p2,success
MAT_043,Ti,0.6,0.4,Ru0.60Ti0.40Ox,data\substituted_slabs\MAT_043_110_slab.cif,-367.2566181608918,uma-s-1p2,success
MAT_044,Ti,0.4,0.6,Ru0.40Ti0.60Ox,data\substituted_slabs\MAT_044_110_slab.cif,-383.503428615611,uma-s-1p2,success
MAT_045,Ti,0.2,0.8,Ru0.20Ti0.80Ox,data\substituted_slabs\MAT_045_110_slab.cif,-391.54716473441385,uma-s-1p2,success
MAT_047,V,0.8,0.1999999999999999,Ru0.80V0.20Ox,data\substituted_slabs\MAT_047_110_slab.cif,-347.3881773205141,uma-s-1p2,success
MAT_048,V,0.6,0.4,Ru0.60V0.40Ox,data\substituted_slabs\MAT_048_110_slab.cif,-348.0607378527395,uma-s-1p2,success
MAT_049,V,0.4,0.6,Ru0.40V0.60Ox,data\substituted_slabs\MAT_049_110_slab.cif,-351.3379553906404,uma-s-1p2,success
MAT_050,V,0.2,0.8,Ru0.20V0.80Ox,data\substituted_slabs\MAT_050_110_slab.cif,-353.43596361741834,uma-s-1p2,success
MAT_052,Cr,0.8,0.1999999999999999,Ru0.80Cr0.20Ox,data\substituted_slabs\MAT_052_110_slab.cif,-345.1601643575453,uma-s-1p2,success
MAT_053,Cr,0.6,0.4,Ru0.60Cr0.40Ox,data\substituted_slabs\MAT_053_110_slab.cif,-344.4579458402096,uma-s-1p2,success
MAT_054,Cr,0.4,0.6,Ru0.40Cr0.60Ox,data\substituted_slabs\MAT_054_110_slab.cif,-343.87628039598576,uma-s-1p2,success
MAT_055,Cr,0.2,0.8,Ru0.20Cr0.80Ox,data\substituted_slabs\MAT_055_110_slab.cif,-343.80360057932285,uma-s-1p2,success
MAT_057,Mn,0.8,0.1999999999999999,Ru0.80Mn0.20Ox,data\substituted_slabs\MAT_057_110_slab.cif,-341.43336704852,uma-s-1p2,success
MAT_058,Mn,0.6,0.4,Ru0.60Mn0.40Ox,data\substituted_slabs\MAT_058_110_slab.cif,-338.6003262071765,uma-s-1p2,success
MAT_059,Mn,0.4,0.6,Ru0.40Mn0.60Ox,data\substituted_slabs\MAT_059_110_slab.cif,-334.6283497805454,uma-s-1p2,success
MAT_060,Mn,0.2,0.8,Ru0.20Mn0.80Ox,data\substituted_slabs\MAT_060_110_slab.cif,-333.1641623746102,uma-s-1p2,success
MAT_062,Fe,0.8,0.1999999999999999,Ru0.80Fe0.20Ox,data\substituted_slabs\MAT_062_110_slab.cif,-332.06440178384804,uma-s-1p2,success
MAT_063,Fe,0.6,0.4,Ru0.60Fe0.40Ox,data\substituted_slabs\MAT_063_110_slab.cif,-324.5296972247155,uma-s-1p2,success
MAT_064,Fe,0.4,0.6,Ru0.40Fe0.60Ox,data\substituted_slabs\MAT_064_110_slab.cif,-309.776627709363,uma-s-1p2,success
MAT_065,Fe,0.2,0.8,Ru0.20Fe0.80Ox,data\substituted_slabs\MAT_065_110_slab.cif,-302.6836314524827,uma-s-1p2,success
MAT_067,Co,0.8,0.1999999999999999,Ru0.80Co0.20Ox,data\substituted_slabs\MAT_067_110_slab.cif,-326.31329516410165,uma-s-1p2,success
MAT_068,Co,0.6,0.4,Ru0.60Co0.40Ox,data\substituted_slabs\MAT_068_110_slab.cif,-315.7885656550521,uma-s-1p2,success
MAT_069,Co,0.4,0.6,Ru0.40Co0.60Ox,data\substituted_slabs\MAT_069_110_slab.cif,-294.6392891274124,uma-s-1p2,success
MAT_070,Co,0.2,0.8,Ru0.20Co0.80Ox,data\substituted_slabs\MAT_070_110_slab.cif,-284.16262924607383,uma-s-1p2,success
MAT_072,Ni,0.8,0.1999999999999999,Ru0.80Ni0.20Ox,data\substituted_slabs\MAT_072_110_slab.cif,-313.7331493892163,uma-s-1p2,success
MAT_073,Ni,0.6,0.4,Ru0.60Ni0.40Ox,data\substituted_slabs\MAT_073_110_slab.cif,-296.6589467696166,uma-s-1p2,success
MAT_074,Ni,0.4,0.6,Ru0.40Ni0.60Ox,data\substituted_slabs\MAT_074_110_slab.cif,-261.20430632841243,uma-s-1p2,success
MAT_075,Ni,0.2,0.8,Ru0.20Ni0.80Ox,data\substituted_slabs\MAT_075_110_slab.cif,-243.078168519881,uma-s-1p2,success
MAT_077,Cu,0.8,0.1999999999999999,Ru0.80Cu0.20Ox,data\substituted_slabs\MAT_077_110_slab.cif,-316.020601616449,uma-s-1p2,success
MAT_078,Cu,0.6,0.4,Ru0.60Cu0.40Ox,data\substituted_slabs\MAT_078_110_slab.cif,-299.9842287064206,uma-s-1p2,success
MAT_079,Cu,0.4,0.6,Ru0.40Cu0.60Ox,data\substituted_slabs\MAT_079_110_slab.cif,-267.78692101294604,uma-s-1p2,success
MAT_080,Cu,0.2,0.8,Ru0.20Cu0.80Ox,data\substituted_slabs\MAT_080_110_slab.cif,-251.50741969662383,uma-s-1p2,success
MAT_082,Zn,0.8,0.1999999999999999,Ru0.80Zn0.20Ox,data\substituted_slabs\MAT_082_110_slab.cif,-309.38474922186657,uma-s-1p2,success
MAT_083,Zn,0.6,0.4,Ru0.60Zn0.40Ox,data\substituted_slabs\MAT_083_110_slab.cif,-290.0267209496534,uma-s-1p2,success
MAT_084,Zn,0.4,0.6,Ru0.40Zn0.60Ox,data\substituted_slabs\MAT_084_110_slab.cif,-249.40342842281416,uma-s-1p2,success
MAT_085,Zn,0.2,0.8,Ru0.20Zn0.80Ox,data\substituted_slabs\MAT_085_110_slab.cif,-228.79722734880534,uma-s-1p2,success
MAT_087,Ga,0.8,0.1999999999999999,Ru0.80Ga0.20Ox,data\substituted_slabs\MAT_087_110_slab.cif,-324.27584938245303,uma-s-1p2,success
MAT_088,Ga,0.6,0.4,Ru0.60Ga0.40Ox,data\substituted_slabs\MAT_088_110_slab.cif,-312.692881331175,uma-s-1p2,success
MAT_089,Ga,0.4,0.6,Ru0.40Ga0.60Ox,data\substituted_slabs\MAT_089_110_slab.cif,-289.6952701886231,uma-s-1p2,success
MAT_090,Ga,0.2,0.8,Ru0.20Ga0.80Ox,data\substituted_slabs\MAT_090_110_slab.cif,-278.921738214356,uma-s-1p2,success
MAT_092,Ge,0.8,0.1999999999999999,Ru0.80Ge0.20Ox,data\substituted_slabs\MAT_092_110_slab.cif,-330.1577801349006,uma-s-1p2,success
MAT_093,Ge,0.6,0.4,Ru0.60Ge0.40Ox,data\substituted_slabs\MAT_093_110_slab.cif,-321.98356431473525,uma-s-1p2,success
MAT_094,Ge,0.4,0.6,Ru0.40Ge0.60Ox,data\substituted_slabs\MAT_094_110_slab.cif,-308.40106453932196,uma-s-1p2,success
MAT_095,Ge,0.2,0.8,Ru0.20Ge0.80Ox,data\substituted_slabs\MAT_095_110_slab.cif,-302.87533112363747,uma-s-1p2,success
MAT_097,Sr,0.8,0.1999999999999999,Ru0.80Sr0.20Ox,data\substituted_slabs\MAT_097_110_slab.cif,-297.55716880479457,uma-s-1p2,success
MAT_098,Sr,0.6,0.4,Ru0.60Sr0.40Ox,data\substituted_slabs\MAT_098_110_slab.cif,-272.1529254043019,uma-s-1p2,success
MAT_099,Sr,0.4,0.6,Ru0.40Sr0.60Ox,data\substituted_slabs\MAT_099_110_slab.cif,-223.05211744636057,uma-s-1p2,success
MAT_100,Sr,0.2,0.8,Ru0.20Sr0.80Ox,data\substituted_slabs\MAT_100_110_slab.cif,-201.59909611659873,uma-s-1p2,success
MAT_102,Y,0.8,0.1999999999999999,Ru0.80Y0.20Ox,data\substituted_slabs\MAT_102_110_slab.cif,-342.4293457000124,uma-s-1p2,success
MAT_103,Y,0.6,0.4,Ru0.60Y0.40Ox,data\substituted_slabs\MAT_103_110_slab.cif,-339.4989220604861,uma-s-1p2,success
MAT_104,Y,0.4,0.6,Ru0.40Y0.60Ox,data\substituted_slabs\MAT_104_110_slab.cif,-334.73939086736334,uma-s-1p2,success
MAT_105,Y,0.2,0.8,Ru0.20Y0.80Ox,data\substituted_slabs\MAT_105_110_slab.cif,-334.16663982952946,uma-s-1p2,success
MAT_107,Zr,0.8,0.1999999999999999,Ru0.80Zr0.20Ox,data\substituted_slabs\MAT_107_110_slab.cif,-362.18438766232913,uma-s-1p2,success
MAT_108,Zr,0.6,0.4,Ru0.60Zr0.40Ox,data\substituted_slabs\MAT_108_110_slab.cif,-370.03777371466,uma-s-1p2,success
MAT_109,Zr,0.4,0.6,Ru0.40Zr0.60Ox,data\substituted_slabs\MAT_109_110_slab.cif,-389.2364130338333,uma-s-1p2,success
MAT_110,Zr,0.2,0.8,Ru0.20Zr0.80Ox,data\substituted_slabs\MAT_110_110_slab.cif,-398.20397512834955,uma-s-1p2,success
MAT_112,Nb,0.8,0.1999999999999999,Ru0.80Nb0.20Ox,data\substituted_slabs\MAT_112_110_slab.cif,-363.10409524837877,uma-s-1p2,success
MAT_113,Nb,0.6,0.4,Ru0.60Nb0.40Ox,data\substituted_slabs\MAT_113_110_slab.cif,-372.0585783182904,uma-s-1p2,success
MAT_114,Nb,0.4,0.6,Ru0.40Nb0.60Ox,data\substituted_slabs\MAT_114_110_slab.cif,-389.8584799700586,uma-s-1p2,success
MAT_115,Nb,0.2,0.8,Ru0.20Nb0.80Ox,data\substituted_slabs\MAT_115_110_slab.cif,-396.10157241289227,uma-s-1p2,success
MAT_117,Mo,0.8,0.1999999999999999,Ru0.80Mo0.20Ox,data\substituted_slabs\MAT_117_110_slab.cif,-343.09849205097737,uma-s-1p2,success
MAT_118,Mo,0.6,0.4,Ru0.60Mo0.40Ox,data\substituted_slabs\MAT_118_110_slab.cif,-342.1921380217947,uma-s-1p2,success
MAT_119,Mo,0.4,0.6,Ru0.40Mo0.60Ox,data\substituted_slabs\MAT_119_110_slab.cif,-340.9135077890688,uma-s-1p2,success
MAT_120,Mo,0.2,0.8,Ru0.20Mo0.80Ox,data\substituted_slabs\MAT_120_110_slab.cif,-339.9370249161016,uma-s-1p2,success
MAT_122,Rh,0.8,0.1999999999999999,Ru0.80Rh0.20Ox,data\substituted_slabs\MAT_122_110_slab.cif,-335.4630015101575,uma-s-1p2,success
MAT_123,Rh,0.6,0.4,Ru0.60Rh0.40Ox,data\substituted_slabs\MAT_123_110_slab.cif,-330.10084976952027,uma-s-1p2,success
MAT_124,Rh,0.4,0.6,Ru0.40Rh0.60Ox,data\substituted_slabs\MAT_124_110_slab.cif,-319.7287738555144,uma-s-1p2,success
MAT_125,Rh,0.2,0.8,Ru0.20Rh0.80Ox,data\substituted_slabs\MAT_125_110_slab.cif,-314.7525319728616,uma-s-1p2,success
MAT_127,Pd,0.8,0.1999999999999999,Ru0.80Pd0.20Ox,data\substituted_slabs\MAT_127_110_slab.cif,-321.5991235974947,uma-s-1p2,success
MAT_128,Pd,0.6,0.4,Ru0.60Pd0.40Ox,data\substituted_slabs\MAT_128_110_slab.cif,-308.7672672270353,uma-s-1p2,success
MAT_129,Pd,0.4,0.6,Ru0.40Pd0.60Ox,data\substituted_slabs\MAT_129_110_slab.cif,-284.71967083916735,uma-s-1p2,success
MAT_130,Pd,0.2,0.8,Ru0.20Pd0.80Ox,data\substituted_slabs\MAT_130_110_slab.cif,-273.24222675672894,uma-s-1p2,success
MAT_132,Ag,0.8,0.1999999999999999,Ru0.80Ag0.20Ox,data\substituted_slabs\MAT_132_110_slab.cif,-302.91360743073733,uma-s-1p2,success
MAT_133,Ag,0.6,0.4,Ru0.60Ag0.40Ox,data\substituted_slabs\MAT_133_110_slab.cif,-280.13297224710465,uma-s-1p2,success
MAT_134,Ag,0.4,0.6,Ru0.40Ag0.60Ox,data\substituted_slabs\MAT_134_110_slab.cif,-237.88605979505806,uma-s-1p2,success
MAT_135,Ag,0.2,0.8,Ru0.20Ag0.80Ox,data\substituted_slabs\MAT_135_110_slab.cif,-218.3971101815625,uma-s-1p2,success
MAT_137,Cd,0.8,0.1999999999999999,Ru0.80Cd0.20Ox,data\substituted_slabs\MAT_137_110_slab.cif,-296.222829607779,uma-s-1p2,success
MAT_138,Cd,0.6,0.4,Ru0.60Cd0.40Ox,data\substituted_slabs\MAT_138_110_slab.cif,-270.02806665027214,uma-s-1p2,success
MAT_139,Cd,0.4,0.6,Ru0.40Cd0.60Ox,data\substituted_slabs\MAT_139_110_slab.cif,-218.81307695912622,uma-s-1p2,success
MAT_140,Cd,0.2,0.8,Ru0.20Cd0.80Ox,data\substituted_slabs\MAT_140_110_slab.cif,-195.16924550465058,uma-s-1p2,success
MAT_142,In,0.8,0.1999999999999999,Ru0.80In0.20Ox,data\substituted_slabs\MAT_142_110_slab.cif,-313.68485333423126,uma-s-1p2,success
MAT_143,In,0.6,0.4,Ru0.60In0.40Ox,data\substituted_slabs\MAT_143_110_slab.cif,-296.42177739913393,uma-s-1p2,success
MAT_144,In,0.4,0.6,Ru0.40In0.60Ox,data\substituted_slabs\MAT_144_110_slab.cif,-262.9012870304241,uma-s-1p2,success
MAT_145,In,0.2,0.8,Ru0.20In0.80Ox,data\substituted_slabs\MAT_145_110_slab.cif,-247.916055871928,uma-s-1p2,success
MAT_147,Sn,0.8,0.1999999999999999,Ru0.80Sn0.20Ox,data\substituted_slabs\MAT_147_110_slab.cif,-324.26099888438443,uma-s-1p2,success
MAT_148,Sn,0.6,0.4,Ru0.60Sn0.40Ox,data\substituted_slabs\MAT_148_110_slab.cif,-312.9876916296332,uma-s-1p2,success
MAT_149,Sn,0.4,0.6,Ru0.40Sn0.60Ox,data\substituted_slabs\MAT_149_110_slab.cif,-294.2310260543421,uma-s-1p2,success
MAT_150,Sn,0.2,0.8,Ru0.20Sn0.80Ox,data\substituted_slabs\MAT_150_110_slab.cif,-286.39493502576056,uma-s-1p2,success
MAT_152,Ba,0.8,0.1999999999999999,Ru0.80Ba0.20Ox,data\substituted_slabs\MAT_152_110_slab.cif,-281.4574427605372,uma-s-1p2,success
MAT_153,Ba,0.6,0.4,Ru0.60Ba0.40Ox,data\substituted_slabs\MAT_153_110_slab.cif,-246.26236315041018,uma-s-1p2,success
MAT_154,Ba,0.4,0.6,Ru0.40Ba0.60Ox,data\substituted_slabs\MAT_154_110_slab.cif,-181.54922892981784,uma-s-1p2,success
MAT_155,Ba,0.2,0.8,Ru0.20Ba0.80Ox,data\substituted_slabs\MAT_155_110_slab.cif,-155.71757577673588,uma-s-1p2,success
MAT_157,La,0.8,0.1999999999999999,Ru0.80La0.20Ox,data\substituted_slabs\MAT_157_110_slab.cif,-258.4713172107228,uma-s-1p2,success
MAT_158,La,0.6,0.4,Ru0.60La0.40Ox,data\substituted_slabs\MAT_158_110_slab.cif,-212.86166771146407,uma-s-1p2,success
MAT_159,La,0.4,0.6,Ru0.40La0.60Ox,data\substituted_slabs\MAT_159_110_slab.cif,-124.27172321663991,uma-s-1p2,success
MAT_160,La,0.2,0.8,Ru0.20La0.80Ox,data\substituted_slabs\MAT_160_110_slab.cif,-83.37691181275261,uma-s-1p2,success
MAT_162,Ce,0.8,0.1999999999999999,Ru0.80Ce0.20Ox,data\substituted_slabs\MAT_162_110_slab.cif,-340.34641869437314,uma-s-1p2,success
MAT_163,Ce,0.6,0.4,Ru0.60Ce0.40Ox,data\substituted_slabs\MAT_163_110_slab.cif,-335.9600054691218,uma-s-1p2,success
MAT_164,Ce,0.4,0.6,Ru0.40Ce0.60Ox,data\substituted_slabs\MAT_164_110_slab.cif,-328.48056348815004,uma-s-1p2,success
MAT_165,Ce,0.2,0.8,Ru0.20Ce0.80Ox,data\substituted_slabs\MAT_165_110_slab.cif,-325.120787863532,uma-s-1p2,success
MAT_167,Pr,0.8,0.1999999999999999,Ru0.80Pr0.20Ox,data\substituted_slabs\MAT_167_110_slab.cif,-296.6197921565798,uma-s-1p2,success
MAT_168,Pr,0.6,0.4,Ru0.60Pr0.40Ox,data\substituted_slabs\MAT_168_110_slab.cif,-270.1858149861458,uma-s-1p2,success
MAT_169,Pr,0.4,0.6,Ru0.40Pr0.60Ox,data\substituted_slabs\MAT_169_110_slab.cif,-220.06053537986094,uma-s-1p2,success
MAT_170,Pr,0.2,0.8,Ru0.20Pr0.80Ox,data\substituted_slabs\MAT_170_110_slab.cif,-198.15878027758214,uma-s-1p2,success
MAT_172,Nd,0.8,0.1999999999999999,Ru0.80Nd0.20Ox,data\substituted_slabs\MAT_172_110_slab.cif,-298.0212755143783,uma-s-1p2,success
MAT_173,Nd,0.6,0.4,Ru0.60Nd0.40Ox,data\substituted_slabs\MAT_173_110_slab.cif,-272.36512117325844,uma-s-1p2,success
MAT_174,Nd,0.4,0.6,Ru0.40Nd0.60Ox,data\substituted_slabs\MAT_174_110_slab.cif,-223.81901266799315,uma-s-1p2,success
MAT_175,Nd,0.2,0.8,Ru0.20Nd0.80Ox,data\substituted_slabs\MAT_175_110_slab.cif,-202.64948260329874,uma-s-1p2,success
MAT_177,Sm,0.8,0.1999999999999999,Ru0.80Sm0.20Ox,data\substituted_slabs\MAT_177_110_slab.cif,-297.6072534656424,uma-s-1p2,success
MAT_178,Sm,0.6,0.4,Ru0.60Sm0.40Ox,data\substituted_slabs\MAT_178_110_slab.cif,-272.0330997767176,uma-s-1p2,success
MAT_179,Sm,0.4,0.6,Ru0.40Sm0.60Ox,data\substituted_slabs\MAT_179_110_slab.cif,-223.12543184513189,uma-s-1p2,success
MAT_180,Sm,0.2,0.8,Ru0.20Sm0.80Ox,data\substituted_slabs\MAT_180_110_slab.cif,-201.22536619263985,uma-s-1p2,success
MAT_182,Gd,0.8,0.1999999999999999,Ru0.80Gd0.20Ox,data\substituted_slabs\MAT_182_110_slab.cif,-323.3385347698968,uma-s-1p2,success
MAT_183,Gd,0.6,0.4,Ru0.60Gd0.40Ox,data\substituted_slabs\MAT_183_110_slab.cif,-310.3685896071474,uma-s-1p2,success
MAT_184,Gd,0.4,0.6,Ru0.40Gd0.60Ox,data\substituted_slabs\MAT_184_110_slab.cif,-286.73827829629465,uma-s-1p2,success
MAT_185,Gd,0.2,0.8,Ru0.20Gd0.80Ox,data\substituted_slabs\MAT_185_110_slab.cif,-278.7897942228513,uma-s-1p2,success
MAT_187,Tb,0.8,0.1999999999999999,Ru0.80Tb0.20Ox,data\substituted_slabs\MAT_187_110_slab.cif,-309.4798503687258,uma-s-1p2,success
MAT_188,Tb,0.6,0.4,Ru0.60Tb0.40Ox,data\substituted_slabs\MAT_188_110_slab.cif,-289.926172121928,uma-s-1p2,success
MAT_189,Tb,0.4,0.6,Ru0.40Tb0.60Ox,data\substituted_slabs\MAT_189_110_slab.cif,-252.67695700092992,uma-s-1p2,success
MAT_190,Tb,0.2,0.8,Ru0.20Tb0.80Ox,data\substituted_slabs\MAT_190_110_slab.cif,-236.3439617434017,uma-s-1p2,success
MAT_192,Dy,0.8,0.1999999999999999,Ru0.80Dy0.20Ox,data\substituted_slabs\MAT_192_110_slab.cif,-307.2699450492389,uma-s-1p2,success
MAT_193,Dy,0.6,0.4,Ru0.60Dy0.40Ox,data\substituted_slabs\MAT_193_110_slab.cif,-286.7037844990154,uma-s-1p2,success
MAT_194,Dy,0.4,0.6,Ru0.40Dy0.60Ox,data\substituted_slabs\MAT_194_110_slab.cif,-247.20125446524918,uma-s-1p2,success
MAT_195,Dy,0.2,0.8,Ru0.20Dy0.80Ox,data\substituted_slabs\MAT_195_110_slab.cif,-229.4361210565095,uma-s-1p2,success
MAT_197,Ho,0.8,0.1999999999999999,Ru0.80Ho0.20Ox,data\substituted_slabs\MAT_197_110_slab.cif,-308.5790820791311,uma-s-1p2,success
MAT_198,Ho,0.6,0.4,Ru0.60Ho0.40Ox,data\substituted_slabs\MAT_198_110_slab.cif,-288.6967489063851,uma-s-1p2,success
MAT_199,Ho,0.4,0.6,Ru0.40Ho0.60Ox,data\substituted_slabs\MAT_199_110_slab.cif,-250.4191366975021,uma-s-1p2,success
MAT_200,Ho,0.2,0.8,Ru0.20Ho0.80Ox,data\substituted_slabs\MAT_200_110_slab.cif,-233.15183641527238,uma-s-1p2,success
MAT_202,Er,0.8,0.1999999999999999,Ru0.80Er0.20Ox,data\substituted_slabs\MAT_202_110_slab.cif,-310.35876459027327,uma-s-1p2,success
MAT_203,Er,0.6,0.4,Ru0.60Er0.40Ox,data\substituted_slabs\MAT_203_110_slab.cif,-291.4239970354608,uma-s-1p2,success
MAT_204,Er,0.4,0.6,Ru0.40Er0.60Ox,data\substituted_slabs\MAT_204_110_slab.cif,-254.6580092770252,uma-s-1p2,success
MAT_205,Er,0.2,0.8,Ru0.20Er0.80Ox,data\substituted_slabs\MAT_205_110_slab.cif,-237.96212993980623,uma-s-1p2,success
MAT_207,Yb,0.8,0.1999999999999999,Ru0.80Yb0.20Ox,data\substituted_slabs\MAT_207_110_slab.cif,-305.59799654657127,uma-s-1p2,success
MAT_208,Yb,0.6,0.4,Ru0.60Yb0.40Ox,data\substituted_slabs\MAT_208_110_slab.cif,-284.35655215225916,uma-s-1p2,success
MAT_209,Yb,0.4,0.6,Ru0.40Yb0.60Ox,data\substituted_slabs\MAT_209_110_slab.cif,-242.4297534465511,uma-s-1p2,success
MAT_210,Yb,0.2,0.8,Ru0.20Yb0.80Ox,data\substituted_slabs\MAT_210_110_slab.cif,-222.74975669428937,uma-s-1p2,success
MAT_212,Hf,0.8,0.1999999999999999,Ru0.80Hf0.20Ox,data\substituted_slabs\MAT_212_110_slab.cif,-370.47045170545897,uma-s-1p2,success
MAT_213,Hf,0.6,0.4,Ru0.60Hf0.40Ox,data\substituted_slabs\MAT_213_110_slab.cif,-382.5230455250327,uma-s-1p2,success
MAT_214,Hf,0.4,0.6,Ru0.40Hf0.60Ox,data\substituted_slabs\MAT_214_110_slab.cif,-409.5339999675099,uma-s-1p2,success
MAT_215,Hf,0.2,0.8,Ru0.20Hf0.80Ox,data\substituted_slabs\MAT_215_110_slab.cif,-422.28809269712536,uma-s-1p2,success
MAT_217,Ta,0.8,0.1999999999999999,Ru0.80Ta0.20Ox,data\substituted_slabs\MAT_217_110_slab.cif,-373.5056072030091,uma-s-1p2,success
MAT_218,Ta,0.6,0.4,Ru0.60Ta0.40Ox,data\substituted_slabs\MAT_218_110_slab.cif,-387.9321856599787,uma-s-1p2,success
MAT_219,Ta,0.4,0.6,Ru0.40Ta0.60Ox,data\substituted_slabs\MAT_219_110_slab.cif,-415.38315643911443,uma-s-1p2,success
MAT_220,Ta,0.2,0.8,Ru0.20Ta0.80Ox,data\substituted_slabs\MAT_220_110_slab.cif,-425.1038263761544,uma-s-1p2,success
MAT_222,W,0.8,0.1999999999999999,Ru0.80W0.20Ox,data\substituted_slabs\MAT_222_110_slab.cif,-345.0082972175209,uma-s-1p2,success
MAT_223,W,0.6,0.4,Ru0.60W0.40Ox,data\substituted_slabs\MAT_223_110_slab.cif,-345.58727246829784,uma-s-1p2,success
MAT_224,W,0.4,0.6,Ru0.40W0.60Ox,data\substituted_slabs\MAT_224_110_slab.cif,-344.98080737398624,uma-s-1p2,success
MAT_225,W,0.2,0.8,Ru0.20W0.80Ox,data\substituted_slabs\MAT_225_110_slab.cif,-343.2523843970444,uma-s-1p2,success
MAT_227,Re,0.8,0.1999999999999999,Ru0.80Re0.20Ox,data\substituted_slabs\MAT_227_110_slab.cif,-360.642840959,uma-s-1p2,success
MAT_228,Re,0.6,0.4,Ru0.60Re0.40Ox,data\substituted_slabs\MAT_228_110_slab.cif,-369.0532535855649,uma-s-1p2,success
MAT_229,Re,0.4,0.6,Ru0.40Re0.60Ox,data\substituted_slabs\MAT_229_110_slab.cif,-383.3129532247611,uma-s-1p2,success
MAT_230,Re,0.2,0.8,Ru0.20Re0.80Ox,data\substituted_slabs\MAT_230_110_slab.cif,-389.19269665673187,uma-s-1p2,success
MAT_232,Os,0.8,0.1999999999999999,Ru0.80Os0.20Ox,data\substituted_slabs\MAT_232_110_slab.cif,-351.4046204120347,uma-s-1p2,success
MAT_233,Os,0.6,0.4,Ru0.60Os0.40Ox,data\substituted_slabs\MAT_233_110_slab.cif,-354.8574295735968,uma-s-1p2,success
MAT_234,Os,0.4,0.6,Ru0.40Os0.60Ox,data\substituted_slabs\MAT_234_110_slab.cif,-360.2693845531594,uma-s-1p2,success
MAT_235,Os,0.2,0.8,Ru0.20Os0.80Ox,data\substituted_slabs\MAT_235_110_slab.cif,-362.4266990839339,uma-s-1p2,success
MAT_237,Ir,0.8,0.1999999999999999,Ru0.80Ir0.20Ox,data\substituted_slabs\MAT_237_110_slab.cif,-340.47936648042696,uma-s-1p2,success
MAT_238,Ir,0.6,0.4,Ru0.60Ir0.40Ox,data\substituted_slabs\MAT_238_110_slab.cif,-338.0452676143702,uma-s-1p2,success
MAT_239,Ir,0.4,0.6,Ru0.40Ir0.60Ox,data\substituted_slabs\MAT_239_110_slab.cif,-332.8776634125504,uma-s-1p2,success
MAT_240,Ir,0.2,0.8,Ru0.20Ir0.80Ox,data\substituted_slabs\MAT_240_110_slab.cif,-330.20439287503234,uma-s-1p2,success
MAT_242,Pt,0.8,0.1999999999999999,Ru0.80Pt0.20Ox,data\substituted_slabs\MAT_242_110_slab.cif,-325.6189487125518,uma-s-1p2,success
MAT_243,Pt,0.6,0.4,Ru0.60Pt0.40Ox,data\substituted_slabs\MAT_243_110_slab.cif,-315.1990871063081,uma-s-1p2,success
MAT_244,Pt,0.4,0.6,Ru0.40Pt0.60Ox,data\substituted_slabs\MAT_244_110_slab.cif,-295.5065444012599,uma-s-1p2,success
MAT_245,Pt,0.2,0.8,Ru0.20Pt0.80Ox,data\substituted_slabs\MAT_245_110_slab.cif,-285.98817399944477,uma-s-1p2,success
