material_id,nominal_formula,adsorbate,adsorbate_structure_file,predicted_energy_eV,backend,status
MAT_001,RuO2,O,data\substituted_adsorbates\MAT_001_O_site0_adsorbed.cif,-351.77190947301403,uma-s-1p2,success
MAT_001,RuO2,O,data\substituted_adsorbates\MAT_001_O_site1_adsorbed.cif,-351.44343315830815,uma-s-1p2,success
MAT_001,RuO2,O,data\substituted_adsorbates\MAT_001_O_site2_adsorbed.cif,-349.011133384541,uma-s-1p2,success
MAT_001,RuO2,O2,data\substituted_adsorbates\MAT_001_O2_site0_adsorbed.cif,-356.00264225516565,uma-s-1p2,success
MAT_001,RuO2,O2,data\substituted_adsorbates\MAT_001_O2_site1_adsorbed.cif,-356.03241509730253,uma-s-1p2,success
MAT_001,RuO2,O2,data\substituted_adsorbates\MAT_001_O2_site2_adsorbed.cif,-354.92243987520703,uma-s-1p2,success
MAT_001,RuO2,N2O,data\substituted_adsorbates\MAT_001_N2O_site0_adsorbed.cif,-367.71582539886344,uma-s-1p2,success
MAT_001,RuO2,N2O,data\substituted_adsorbates\MAT_001_N2O_site1_adsorbed.cif,-367.5518271173239,uma-s-1p2,success
MAT_001,RuO2,N2O,data\substituted_adsorbates\MAT_001_N2O_site2_adsorbed.cif,-365.92136704401594,uma-s-1p2,success
MAT_002,Ru0.75Co0.25Ox,O,data\substituted_adsorbates\MAT_002_O_site0_adsorbed.cif,-657.033922232378,uma-s-1p2,success
MAT_002,Ru0.75Co0.25Ox,O,data\substituted_adsorbates\MAT_002_O_site1_adsorbed.cif,-659.0242841092213,uma-s-1p2,success
MAT_002,Ru0.75Co0.25Ox,O,data\substituted_adsorbates\MAT_002_O_site2_adsorbed.cif,-658.529649933247,uma-s-1p2,success
MAT_002,Ru0.75Co0.25Ox,O2,data\substituted_adsorbates\MAT_002_O2_site0_adsorbed.cif,-662.3550992065893,uma-s-1p2,success
MAT_002,Ru0.75Co0.25Ox,O2,data\substituted_adsorbates\MAT_002_O2_site1_adsorbed.cif,-663.1835205057348,uma-s-1p2,success
MAT_002,Ru0.75Co0.25Ox,O2,data\substituted_adsorbates\MAT_002_O2_site2_adsorbed.cif,-663.1363228403413,uma-s-1p2,success
MAT_002,Ru0.75Co0.25Ox,N2O,data\substituted_adsorbates\MAT_002_N2O_site0_adsorbed.cif,-674.3612206194144,uma-s-1p2,success
MAT_002,Ru0.75Co0.25Ox,N2O,data\substituted_adsorbates\MAT_002_N2O_site1_adsorbed.cif,-675.0069634295947,uma-s-1p2,success
MAT_002,Ru0.75Co0.25Ox,N2O,data\substituted_adsorbates\MAT_002_N2O_site2_adsorbed.cif,-674.8116687171778,uma-s-1p2,success
MAT_003,Ru0.50Co0.50Ox,O,data\substituted_adsorbates\MAT_003_O_site0_adsorbed.cif,-311.80320776949327,uma-s-1p2,success
MAT_003,Ru0.50Co0.50Ox,O,data\substituted_adsorbates\MAT_003_O_site1_adsorbed.cif,-313.18551379287305,uma-s-1p2,success
MAT_003,Ru0.50Co0.50Ox,O,data\substituted_adsorbates\MAT_003_O_site2_adsorbed.cif,-310.3713158861901,uma-s-1p2,success
MAT_003,Ru0.50Co0.50Ox,O2,data\substituted_adsorbates\MAT_003_O2_site0_adsorbed.cif,-317.0671287869677,uma-s-1p2,success
MAT_003,Ru0.50Co0.50Ox,O2,data\substituted_adsorbates\MAT_003_O2_site1_adsorbed.cif,-317.68121121434694,uma-s-1p2,success
MAT_003,Ru0.50Co0.50Ox,O2,data\substituted_adsorbates\MAT_003_O2_site2_adsorbed.cif,-316.540875867692,uma-s-1p2,success
MAT_003,Ru0.50Co0.50Ox,N2O,data\substituted_adsorbates\MAT_003_N2O_site0_adsorbed.cif,-329.07647702604305,uma-s-1p2,success
MAT_003,Ru0.50Co0.50Ox,N2O,data\substituted_adsorbates\MAT_003_N2O_site1_adsorbed.cif,-329.3556910655815,uma-s-1p2,success
MAT_003,Ru0.50Co0.50Ox,N2O,data\substituted_adsorbates\MAT_003_N2O_site2_adsorbed.cif,-327.848881573569,uma-s-1p2,success
MAT_004,Ru0.25Co0.75Ox,O,data\substituted_adsorbates\MAT_004_O_site0_adsorbed.cif,-572.5981831359376,uma-s-1p2,success
MAT_004,Ru0.25Co0.75Ox,O,data\substituted_adsorbates\MAT_004_O_site1_adsorbed.cif,-572.3745102771504,uma-s-1p2,success
MAT_004,Ru0.25Co0.75Ox,O,data\substituted_adsorbates\MAT_004_O_site2_adsorbed.cif,-572.7616681452781,uma-s-1p2,success
MAT_004,Ru0.25Co0.75Ox,O2,data\substituted_adsorbates\MAT_004_O2_site0_adsorbed.cif,-578.1514647501343,uma-s-1p2,success
MAT_004,Ru0.25Co0.75Ox,O2,data\substituted_adsorbates\MAT_004_O2_site1_adsorbed.cif,-578.097078914267,uma-s-1p2,success
MAT_004,Ru0.25Co0.75Ox,O2,data\substituted_adsorbates\MAT_004_O2_site2_adsorbed.cif,-578.302832455118,uma-s-1p2,success
MAT_004,Ru0.25Co0.75Ox,N2O,data\substituted_adsorbates\MAT_004_N2O_site0_adsorbed.cif,-590.1071340474647,uma-s-1p2,success
MAT_004,Ru0.25Co0.75Ox,N2O,data\substituted_adsorbates\MAT_004_N2O_site1_adsorbed.cif,-590.0720352338654,uma-s-1p2,success
MAT_004,Ru0.25Co0.75Ox,N2O,data\substituted_adsorbates\MAT_004_N2O_site2_adsorbed.cif,-590.2254174727381,uma-s-1p2,success
MAT_006,Ru0.75Fe0.25Ox,O,data\substituted_adsorbates\MAT_006_O_site0_adsorbed.cif,-668.8410300941159,uma-s-1p2,success
MAT_006,Ru0.75Fe0.25Ox,O,data\substituted_adsorbates\MAT_006_O_site1_adsorbed.cif,-670.4910876736785,uma-s-1p2,success
MAT_006,Ru0.75Fe0.25Ox,O,data\substituted_adsorbates\MAT_006_O_site2_adsorbed.cif,-670.1853001293846,uma-s-1p2,success
MAT_006,Ru0.75Fe0.25Ox,O2,data\substituted_adsorbates\MAT_006_O2_site0_adsorbed.cif,-674.0179527112011,uma-s-1p2,success
MAT_006,Ru0.75Fe0.25Ox,O2,data\substituted_adsorbates\MAT_006_O2_site1_adsorbed.cif,-674.6887744360657,uma-s-1p2,success
MAT_006,Ru0.75Fe0.25Ox,O2,data\substituted_adsorbates\MAT_006_O2_site2_adsorbed.cif,-674.7279202575728,uma-s-1p2,success
MAT_006,Ru0.75Fe0.25Ox,N2O,data\substituted_adsorbates\MAT_006_N2O_site0_adsorbed.cif,-685.7622358092301,uma-s-1p2,success
MAT_006,Ru0.75Fe0.25Ox,N2O,data\substituted_adsorbates\MAT_006_N2O_site1_adsorbed.cif,-686.4258279740882,uma-s-1p2,success
MAT_006,Ru0.75Fe0.25Ox,N2O,data\substituted_adsorbates\MAT_006_N2O_site2_adsorbed.cif,-686.2558322822805,uma-s-1p2,success
MAT_007,Ru0.50Fe0.50Ox,O,data\substituted_adsorbates\MAT_007_O_site0_adsorbed.cif,-323.56066863188414,uma-s-1p2,success
MAT_007,Ru0.50Fe0.50Ox,O,data\substituted_adsorbates\MAT_007_O_site1_adsorbed.cif,-325.1948453767359,uma-s-1p2,success
MAT_007,Ru0.50Fe0.50Ox,O,data\substituted_adsorbates\MAT_007_O_site2_adsorbed.cif,-322.46889554536557,uma-s-1p2,success
MAT_007,Ru0.50Fe0.50Ox,O2,data\substituted_adsorbates\MAT_007_O2_site0_adsorbed.cif,-328.8743633994624,uma-s-1p2,success
MAT_007,Ru0.50Fe0.50Ox,O2,data\substituted_adsorbates\MAT_007_O2_site1_adsorbed.cif,-329.55713187871265,uma-s-1p2,success
MAT_007,Ru0.50Fe0.50Ox,O2,data\substituted_adsorbates\MAT_007_O2_site2_adsorbed.cif,-328.34945947199077,uma-s-1p2,success
MAT_007,Ru0.50Fe0.50Ox,N2O,data\substituted_adsorbates\MAT_007_N2O_site0_adsorbed.cif,-340.5271305613489,uma-s-1p2,success
MAT_007,Ru0.50Fe0.50Ox,N2O,data\substituted_adsorbates\MAT_007_N2O_site1_adsorbed.cif,-340.8599758214361,uma-s-1p2,success
MAT_007,Ru0.50Fe0.50Ox,N2O,data\substituted_adsorbates\MAT_007_N2O_site2_adsorbed.cif,-339.2874043212991,uma-s-1p2,success
MAT_008,Ru0.25Fe0.75Ox,O,data\substituted_adsorbates\MAT_008_O_site0_adsorbed.cif,-609.3386383820902,uma-s-1p2,success
MAT_008,Ru0.25Fe0.75Ox,O,data\substituted_adsorbates\MAT_008_O_site1_adsorbed.cif,-609.348193534896,uma-s-1p2,success
MAT_008,Ru0.25Fe0.75Ox,O,data\substituted_adsorbates\MAT_008_O_site2_adsorbed.cif,-610.1538541106341,uma-s-1p2,success
MAT_008,Ru0.25Fe0.75Ox,O2,data\substituted_adsorbates\MAT_008_O2_site0_adsorbed.cif,-615.0371579509841,uma-s-1p2,success
MAT_008,Ru0.25Fe0.75Ox,O2,data\substituted_adsorbates\MAT_008_O2_site1_adsorbed.cif,-615.0629498039924,uma-s-1p2,success
MAT_008,Ru0.25Fe0.75Ox,O2,data\substituted_adsorbates\MAT_008_O2_site2_adsorbed.cif,-615.4843072045104,uma-s-1p2,success
MAT_008,Ru0.25Fe0.75Ox,N2O,data\substituted_adsorbates\MAT_008_N2O_site0_adsorbed.cif,-626.6893156108831,uma-s-1p2,success
MAT_008,Ru0.25Fe0.75Ox,N2O,data\substituted_adsorbates\MAT_008_N2O_site1_adsorbed.cif,-626.6923362168742,uma-s-1p2,success
MAT_008,Ru0.25Fe0.75Ox,N2O,data\substituted_adsorbates\MAT_008_N2O_site2_adsorbed.cif,-626.9213425911271,uma-s-1p2,success
MAT_010,Ru0.75Mn0.25Ox,O,data\substituted_adsorbates\MAT_010_O_site0_adsorbed.cif,-687.7189414051066,uma-s-1p2,success
MAT_010,Ru0.75Mn0.25Ox,O,data\substituted_adsorbates\MAT_010_O_site1_adsorbed.cif,-689.3109111578187,uma-s-1p2,success
MAT_010,Ru0.75Mn0.25Ox,O,data\substituted_adsorbates\MAT_010_O_site2_adsorbed.cif,-688.9109360727898,uma-s-1p2,success
MAT_010,Ru0.75Mn0.25Ox,O2,data\substituted_adsorbates\MAT_010_O2_site0_adsorbed.cif,-692.4641976784404,uma-s-1p2,success
MAT_010,Ru0.75Mn0.25Ox,O2,data\substituted_adsorbates\MAT_010_O2_site1_adsorbed.cif,-693.4302229207029,uma-s-1p2,success
MAT_010,Ru0.75Mn0.25Ox,O2,data\substituted_adsorbates\MAT_010_O2_site2_adsorbed.cif,-693.4578472141538,uma-s-1p2,success
MAT_010,Ru0.75Mn0.25Ox,N2O,data\substituted_adsorbates\MAT_010_N2O_site0_adsorbed.cif,-704.2412290305673,uma-s-1p2,success
MAT_010,Ru0.75Mn0.25Ox,N2O,data\substituted_adsorbates\MAT_010_N2O_site1_adsorbed.cif,-705.132629765403,uma-s-1p2,success
MAT_010,Ru0.75Mn0.25Ox,N2O,data\substituted_adsorbates\MAT_010_N2O_site2_adsorbed.cif,-704.9512383014272,uma-s-1p2,success
MAT_011,Ru0.50Mn0.50Ox,O,data\substituted_adsorbates\MAT_011_O_site0_adsorbed.cif,-342.54316002330046,uma-s-1p2,success
MAT_011,Ru0.50Mn0.50Ox,O,data\substituted_adsorbates\MAT_011_O_site1_adsorbed.cif,-343.86842212193494,uma-s-1p2,success
MAT_011,Ru0.50Mn0.50Ox,O,data\substituted_adsorbates\MAT_011_O_site2_adsorbed.cif,-340.81102714552827,uma-s-1p2,success
MAT_011,Ru0.50Mn0.50Ox,O2,data\substituted_adsorbates\MAT_011_O2_site0_adsorbed.cif,-347.18016560608015,uma-s-1p2,success
MAT_011,Ru0.50Mn0.50Ox,O2,data\substituted_adsorbates\MAT_011_O2_site1_adsorbed.cif,-348.1423404494636,uma-s-1p2,success
MAT_011,Ru0.50Mn0.50Ox,O2,data\substituted_adsorbates\MAT_011_O2_site2_adsorbed.cif,-346.8437239685588,uma-s-1p2,success
MAT_011,Ru0.50Mn0.50Ox,N2O,data\substituted_adsorbates\MAT_011_N2O_site0_adsorbed.cif,-358.7411270126081,uma-s-1p2,success
MAT_011,Ru0.50Mn0.50Ox,N2O,data\substituted_adsorbates\MAT_011_N2O_site1_adsorbed.cif,-359.4065069388106,uma-s-1p2,success
MAT_011,Ru0.50Mn0.50Ox,N2O,data\substituted_adsorbates\MAT_011_N2O_site2_adsorbed.cif,-357.62983231730925,uma-s-1p2,success
MAT_012,Ru0.25Mn0.75Ox,O,data\substituted_adsorbates\MAT_012_O_site0_adsorbed.cif,-670.9978560829898,uma-s-1p2,success
MAT_012,Ru0.25Mn0.75Ox,O,data\substituted_adsorbates\MAT_012_O_site1_adsorbed.cif,-670.8816554625869,uma-s-1p2,success
MAT_012,Ru0.25Mn0.75Ox,O,data\substituted_adsorbates\MAT_012_O_site2_adsorbed.cif,-671.0879734838727,uma-s-1p2,success
MAT_012,Ru0.25Mn0.75Ox,O2,data\substituted_adsorbates\MAT_012_O2_site0_adsorbed.cif,-675.8756569552579,uma-s-1p2,success
MAT_012,Ru0.25Mn0.75Ox,O2,data\substituted_adsorbates\MAT_012_O2_site1_adsorbed.cif,-675.8325821802486,uma-s-1p2,success
MAT_012,Ru0.25Mn0.75Ox,O2,data\substituted_adsorbates\MAT_012_O2_site2_adsorbed.cif,-676.3115616641397,uma-s-1p2,success
MAT_012,Ru0.25Mn0.75Ox,N2O,data\substituted_adsorbates\MAT_012_N2O_site0_adsorbed.cif,-687.3900699406299,uma-s-1p2,success
MAT_012,Ru0.25Mn0.75Ox,N2O,data\substituted_adsorbates\MAT_012_N2O_site1_adsorbed.cif,-687.3479529341035,uma-s-1p2,success
MAT_012,Ru0.25Mn0.75Ox,N2O,data\substituted_adsorbates\MAT_012_N2O_site2_adsorbed.cif,-687.6556215624145,uma-s-1p2,success
MAT_014,Ru0.75Ce0.25Ox,O,data\substituted_adsorbates\MAT_014_O_site0_adsorbed.cif,-685.9187116295346,uma-s-1p2,success
MAT_014,Ru0.75Ce0.25Ox,O,data\substituted_adsorbates\MAT_014_O_site1_adsorbed.cif,-687.1081951864245,uma-s-1p2,success
MAT_014,Ru0.75Ce0.25Ox,O,data\substituted_adsorbates\MAT_014_O_site2_adsorbed.cif,-687.107375527198,uma-s-1p2,success
MAT_014,Ru0.75Ce0.25Ox,O2,data\substituted_adsorbates\MAT_014_O2_site0_adsorbed.cif,-689.9088717377913,uma-s-1p2,success
MAT_014,Ru0.75Ce0.25Ox,O2,data\substituted_adsorbates\MAT_014_O2_site1_adsorbed.cif,-691.1914304648556,uma-s-1p2,success
MAT_014,Ru0.75Ce0.25Ox,O2,data\substituted_adsorbates\MAT_014_O2_site2_adsorbed.cif,-691.4858629641016,uma-s-1p2,success
MAT_014,Ru0.75Ce0.25Ox,N2O,data\substituted_adsorbates\MAT_014_N2O_site0_adsorbed.cif,-700.1022224247536,uma-s-1p2,success
MAT_014,Ru0.75Ce0.25Ox,N2O,data\substituted_adsorbates\MAT_014_N2O_site1_adsorbed.cif,-702.8114574890719,uma-s-1p2,success
MAT_014,Ru0.75Ce0.25Ox,N2O,data\substituted_adsorbates\MAT_014_N2O_site2_adsorbed.cif,-702.8297308127453,uma-s-1p2,success
MAT_015,Ru0.50Ce0.50Ox,O,data\substituted_adsorbates\MAT_015_O_site0_adsorbed.cif,-339.0454548718508,uma-s-1p2,success
MAT_015,Ru0.50Ce0.50Ox,O,data\substituted_adsorbates\MAT_015_O_site1_adsorbed.cif,-339.7961513281104,uma-s-1p2,success
MAT_015,Ru0.50Ce0.50Ox,O,data\substituted_adsorbates\MAT_015_O_site2_adsorbed.cif,-336.9794934163834,uma-s-1p2,success
MAT_015,Ru0.50Ce0.50Ox,O2,data\substituted_adsorbates\MAT_015_O2_site0_adsorbed.cif,-342.2097494858512,uma-s-1p2,success
MAT_015,Ru0.50Ce0.50Ox,O2,data\substituted_adsorbates\MAT_015_O2_site1_adsorbed.cif,-343.9607013927114,uma-s-1p2,success
MAT_015,Ru0.50Ce0.50Ox,O2,data\substituted_adsorbates\MAT_015_O2_site2_adsorbed.cif,-342.63956168952643,uma-s-1p2,success
MAT_015,Ru0.50Ce0.50Ox,N2O,data\substituted_adsorbates\MAT_015_N2O_site0_adsorbed.cif,-352.57655499518506,uma-s-1p2,success
MAT_015,Ru0.50Ce0.50Ox,N2O,data\substituted_adsorbates\MAT_015_N2O_site1_adsorbed.cif,-355.4684198124066,uma-s-1p2,success
MAT_015,Ru0.50Ce0.50Ox,N2O,data\substituted_adsorbates\MAT_015_N2O_site2_adsorbed.cif,-353.54531092673534,uma-s-1p2,success
MAT_016,Ru0.25Ce0.75Ox,O,data\substituted_adsorbates\MAT_016_O_site0_adsorbed.cif,-656.2096269769938,uma-s-1p2,success
MAT_016,Ru0.25Ce0.75Ox,O,data\substituted_adsorbates\MAT_016_O_site1_adsorbed.cif,-656.2360815224633,uma-s-1p2,success
MAT_016,Ru0.25Ce0.75Ox,O,data\substituted_adsorbates\MAT_016_O_site2_adsorbed.cif,-658.2700806400168,uma-s-1p2,success
MAT_016,Ru0.25Ce0.75Ox,O2,data\substituted_adsorbates\MAT_016_O2_site0_adsorbed.cif,-659.9907738274937,uma-s-1p2,success
MAT_016,Ru0.25Ce0.75Ox,O2,data\substituted_adsorbates\MAT_016_O2_site1_adsorbed.cif,-659.9394146918125,uma-s-1p2,success
MAT_016,Ru0.25Ce0.75Ox,O2,data\substituted_adsorbates\MAT_016_O2_site2_adsorbed.cif,-661.194476903547,uma-s-1p2,success
MAT_016,Ru0.25Ce0.75Ox,N2O,data\substituted_adsorbates\MAT_016_N2O_site0_adsorbed.cif,-669.4656845072597,uma-s-1p2,success
MAT_016,Ru0.25Ce0.75Ox,N2O,data\substituted_adsorbates\MAT_016_N2O_site1_adsorbed.cif,-669.4456593924904,uma-s-1p2,success
MAT_016,Ru0.25Ce0.75Ox,N2O,data\substituted_adsorbates\MAT_016_N2O_site2_adsorbed.cif,-670.3596438091198,uma-s-1p2,success
MAT_018,Ru0.75Ni0.25Ox,O,data\substituted_adsorbates\MAT_018_O_site0_adsorbed.cif,-631.3209199982874,uma-s-1p2,success
MAT_018,Ru0.75Ni0.25Ox,O,data\substituted_adsorbates\MAT_018_O_site1_adsorbed.cif,-633.7918737010385,uma-s-1p2,success
MAT_018,Ru0.75Ni0.25Ox,O,data\substituted_adsorbates\MAT_018_O_site2_adsorbed.cif,-633.2952588717,uma-s-1p2,success
MAT_018,Ru0.75Ni0.25Ox,O2,data\substituted_adsorbates\MAT_018_O2_site0_adsorbed.cif,-637.1254463391474,uma-s-1p2,success
MAT_018,Ru0.75Ni0.25Ox,O2,data\substituted_adsorbates\MAT_018_O2_site1_adsorbed.cif,-637.9884318275136,uma-s-1p2,success
MAT_018,Ru0.75Ni0.25Ox,O2,data\substituted_adsorbates\MAT_018_O2_site2_adsorbed.cif,-637.9100259345914,uma-s-1p2,success
MAT_018,Ru0.75Ni0.25Ox,N2O,data\substituted_adsorbates\MAT_018_N2O_site0_adsorbed.cif,-649.1131903745443,uma-s-1p2,success
MAT_018,Ru0.75Ni0.25Ox,N2O,data\substituted_adsorbates\MAT_018_N2O_site1_adsorbed.cif,-649.7722774020114,uma-s-1p2,success
MAT_018,Ru0.75Ni0.25Ox,N2O,data\substituted_adsorbates\MAT_018_N2O_site2_adsorbed.cif,-649.5659212857578,uma-s-1p2,success
MAT_019,Ru0.50Ni0.50Ox,O,data\substituted_adsorbates\MAT_019_O_site0_adsorbed.cif,-286.07963022235566,uma-s-1p2,success
MAT_019,Ru0.50Ni0.50Ox,O,data\substituted_adsorbates\MAT_019_O_site1_adsorbed.cif,-287.93383031057965,uma-s-1p2,success
MAT_019,Ru0.50Ni0.50Ox,O,data\substituted_adsorbates\MAT_019_O_site2_adsorbed.cif,-285.1571738248381,uma-s-1p2,success
MAT_019,Ru0.50Ni0.50Ox,O2,data\substituted_adsorbates\MAT_019_O2_site0_adsorbed.cif,-291.83743026555646,uma-s-1p2,success
MAT_019,Ru0.50Ni0.50Ox,O2,data\substituted_adsorbates\MAT_019_O2_site1_adsorbed.cif,-292.38248454625403,uma-s-1p2,success
MAT_019,Ru0.50Ni0.50Ox,O2,data\substituted_adsorbates\MAT_019_O2_site2_adsorbed.cif,-291.3308833881983,uma-s-1p2,success
MAT_019,Ru0.50Ni0.50Ox,N2O,data\substituted_adsorbates\MAT_019_N2O_site0_adsorbed.cif,-303.77753269920186,uma-s-1p2,success
MAT_019,Ru0.50Ni0.50Ox,N2O,data\substituted_adsorbates\MAT_019_N2O_site1_adsorbed.cif,-303.97166141564185,uma-s-1p2,success
MAT_019,Ru0.50Ni0.50Ox,N2O,data\substituted_adsorbates\MAT_019_N2O_site2_adsorbed.cif,-302.60031442462144,uma-s-1p2,success
MAT_020,Ru0.25Ni0.75Ox,O,data\substituted_adsorbates\MAT_020_O_site0_adsorbed.cif,-489.8386178900307,uma-s-1p2,success
MAT_020,Ru0.25Ni0.75Ox,O,data\substituted_adsorbates\MAT_020_O_site1_adsorbed.cif,-489.8039195085362,uma-s-1p2,success
MAT_020,Ru0.25Ni0.75Ox,O,data\substituted_adsorbates\MAT_020_O_site2_adsorbed.cif,-489.9584827264066,uma-s-1p2,success
MAT_020,Ru0.25Ni0.75Ox,O2,data\substituted_adsorbates\MAT_020_O2_site0_adsorbed.cif,-495.8596485416118,uma-s-1p2,success
MAT_020,Ru0.25Ni0.75Ox,O2,data\substituted_adsorbates\MAT_020_O2_site1_adsorbed.cif,-495.84290258368014,uma-s-1p2,success
MAT_020,Ru0.25Ni0.75Ox,O2,data\substituted_adsorbates\MAT_020_O2_site2_adsorbed.cif,-495.9416985381638,uma-s-1p2,success
MAT_020,Ru0.25Ni0.75Ox,N2O,data\substituted_adsorbates\MAT_020_N2O_site0_adsorbed.cif,-507.6598378771696,uma-s-1p2,success
MAT_020,Ru0.25Ni0.75Ox,N2O,data\substituted_adsorbates\MAT_020_N2O_site1_adsorbed.cif,-507.65191237409414,uma-s-1p2,success
MAT_020,Ru0.25Ni0.75Ox,N2O,data\substituted_adsorbates\MAT_020_N2O_site2_adsorbed.cif,-507.7333707337987,uma-s-1p2,success
MAT_022,Ru0.75Cu0.25Ox,O,data\substituted_adsorbates\MAT_022_O_site0_adsorbed.cif,-636.3830310498782,uma-s-1p2,success
MAT_022,Ru0.75Cu0.25Ox,O,data\substituted_adsorbates\MAT_022_O_site1_adsorbed.cif,-638.6338223651242,uma-s-1p2,success
MAT_022,Ru0.75Cu0.25Ox,O,data\substituted_adsorbates\MAT_022_O_site2_adsorbed.cif,-637.9434907099367,uma-s-1p2,success
MAT_022,Ru0.75Cu0.25Ox,O2,data\substituted_adsorbates\MAT_022_O2_site0_adsorbed.cif,-641.5022240502949,uma-s-1p2,success
MAT_022,Ru0.75Cu0.25Ox,O2,data\substituted_adsorbates\MAT_022_O2_site1_adsorbed.cif,-642.588336439567,uma-s-1p2,success
MAT_022,Ru0.75Cu0.25Ox,O2,data\substituted_adsorbates\MAT_022_O2_site2_adsorbed.cif,-642.4962360906229,uma-s-1p2,success
MAT_022,Ru0.75Cu0.25Ox,N2O,data\substituted_adsorbates\MAT_022_N2O_site0_adsorbed.cif,-653.4357868278005,uma-s-1p2,success
MAT_022,Ru0.75Cu0.25Ox,N2O,data\substituted_adsorbates\MAT_022_N2O_site1_adsorbed.cif,-654.2878400002782,uma-s-1p2,success
MAT_022,Ru0.75Cu0.25Ox,N2O,data\substituted_adsorbates\MAT_022_N2O_site2_adsorbed.cif,-654.049685114504,uma-s-1p2,success
MAT_023,Ru0.50Cu0.50Ox,O,data\substituted_adsorbates\MAT_023_O_site0_adsorbed.cif,-291.02632027555876,uma-s-1p2,success
MAT_023,Ru0.50Cu0.50Ox,O,data\substituted_adsorbates\MAT_023_O_site1_adsorbed.cif,-292.76713491150844,uma-s-1p2,success
MAT_023,Ru0.50Cu0.50Ox,O,data\substituted_adsorbates\MAT_023_O_site2_adsorbed.cif,-289.38003129318093,uma-s-1p2,success
MAT_023,Ru0.50Cu0.50Ox,O2,data\substituted_adsorbates\MAT_023_O2_site0_adsorbed.cif,-295.9373745501969,uma-s-1p2,success
MAT_023,Ru0.50Cu0.50Ox,O2,data\substituted_adsorbates\MAT_023_O2_site1_adsorbed.cif,-296.7677484314148,uma-s-1p2,success
MAT_023,Ru0.50Cu0.50Ox,O2,data\substituted_adsorbates\MAT_023_O2_site2_adsorbed.cif,-295.70705221477675,uma-s-1p2,success
MAT_023,Ru0.50Cu0.50Ox,N2O,data\substituted_adsorbates\MAT_023_N2O_site0_adsorbed.cif,-307.79610616257423,uma-s-1p2,success
MAT_023,Ru0.50Cu0.50Ox,N2O,data\substituted_adsorbates\MAT_023_N2O_site1_adsorbed.cif,-308.20976569994656,uma-s-1p2,success
MAT_023,Ru0.50Cu0.50Ox,N2O,data\substituted_adsorbates\MAT_023_N2O_site2_adsorbed.cif,-306.7183225831026,uma-s-1p2,success
MAT_024,Ru0.25Cu0.75Ox,O,data\substituted_adsorbates\MAT_024_O_site0_adsorbed.cif,-507.05954500877954,uma-s-1p2,success
MAT_024,Ru0.25Cu0.75Ox,O,data\substituted_adsorbates\MAT_024_O_site1_adsorbed.cif,-507.1339862254182,uma-s-1p2,success
MAT_024,Ru0.25Cu0.75Ox,O,data\substituted_adsorbates\MAT_024_O_site2_adsorbed.cif,-506.7133843101039,uma-s-1p2,success
MAT_024,Ru0.25Cu0.75Ox,O2,data\substituted_adsorbates\MAT_024_O2_site0_adsorbed.cif,-512.469589249011,uma-s-1p2,success
MAT_024,Ru0.25Cu0.75Ox,O2,data\substituted_adsorbates\MAT_024_O2_site1_adsorbed.cif,-512.4354575176645,uma-s-1p2,success
MAT_024,Ru0.25Cu0.75Ox,O2,data\substituted_adsorbates\MAT_024_O2_site2_adsorbed.cif,-512.6668205556124,uma-s-1p2,success
MAT_024,Ru0.25Cu0.75Ox,N2O,data\substituted_adsorbates\MAT_024_N2O_site0_adsorbed.cif,-524.2722462386025,uma-s-1p2,success
MAT_024,Ru0.25Cu0.75Ox,N2O,data\substituted_adsorbates\MAT_024_N2O_site1_adsorbed.cif,-524.2395886225316,uma-s-1p2,success
MAT_024,Ru0.25Cu0.75Ox,N2O,data\substituted_adsorbates\MAT_024_N2O_site2_adsorbed.cif,-524.5104704302217,uma-s-1p2,success
MAT_026,Ru0.75Ti0.25Ox,O,data\substituted_adsorbates\MAT_026_O_site0_adsorbed.cif,-726.4043082367302,uma-s-1p2,success
MAT_026,Ru0.75Ti0.25Ox,O,data\substituted_adsorbates\MAT_026_O_site1_adsorbed.cif,-726.7235805872399,uma-s-1p2,success
MAT_026,Ru0.75Ti0.25Ox,O,data\substituted_adsorbates\MAT_026_O_site2_adsorbed.cif,-726.7280195408733,uma-s-1p2,success
MAT_026,Ru0.75Ti0.25Ox,O2,data\substituted_adsorbates\MAT_026_O2_site0_adsorbed.cif,-731.1476085809338,uma-s-1p2,success
MAT_026,Ru0.75Ti0.25Ox,O2,data\substituted_adsorbates\MAT_026_O2_site1_adsorbed.cif,-730.9679311005483,uma-s-1p2,success
MAT_026,Ru0.75Ti0.25Ox,O2,data\substituted_adsorbates\MAT_026_O2_site2_adsorbed.cif,-731.169826176086,uma-s-1p2,success
MAT_026,Ru0.75Ti0.25Ox,N2O,data\substituted_adsorbates\MAT_026_N2O_site0_adsorbed.cif,-742.1083321262754,uma-s-1p2,success
MAT_026,Ru0.75Ti0.25Ox,N2O,data\substituted_adsorbates\MAT_026_N2O_site1_adsorbed.cif,-742.6231351580315,uma-s-1p2,success
MAT_026,Ru0.75Ti0.25Ox,N2O,data\substituted_adsorbates\MAT_026_N2O_site2_adsorbed.cif,-742.5764474152794,uma-s-1p2,success
MAT_027,Ru0.50Ti0.50Ox,O,data\substituted_adsorbates\MAT_027_O_site0_adsorbed.cif,-381.1949409114813,uma-s-1p2,success
MAT_027,Ru0.50Ti0.50Ox,O,data\substituted_adsorbates\MAT_027_O_site1_adsorbed.cif,-381.58459566728095,uma-s-1p2,success
MAT_027,Ru0.50Ti0.50Ox,O,data\substituted_adsorbates\MAT_027_O_site2_adsorbed.cif,-378.9607359677477,uma-s-1p2,success
MAT_027,Ru0.50Ti0.50Ox,O2,data\substituted_adsorbates\MAT_027_O2_site0_adsorbed.cif,-385.76055321500303,uma-s-1p2,success
MAT_027,Ru0.50Ti0.50Ox,O2,data\substituted_adsorbates\MAT_027_O2_site1_adsorbed.cif,-385.9736357177302,uma-s-1p2,success
MAT_027,Ru0.50Ti0.50Ox,O2,data\substituted_adsorbates\MAT_027_O2_site2_adsorbed.cif,-384.6422301606199,uma-s-1p2,success
MAT_027,Ru0.50Ti0.50Ox,N2O,data\substituted_adsorbates\MAT_027_N2O_site0_adsorbed.cif,-396.697599143055,uma-s-1p2,success
MAT_027,Ru0.50Ti0.50Ox,N2O,data\substituted_adsorbates\MAT_027_N2O_site1_adsorbed.cif,-397.2502669330411,uma-s-1p2,success
MAT_027,Ru0.50Ti0.50Ox,N2O,data\substituted_adsorbates\MAT_027_N2O_site2_adsorbed.cif,-395.39178376809286,uma-s-1p2,success
MAT_028,Ru0.25Ti0.75Ox,O,data\substituted_adsorbates\MAT_028_O_site0_adsorbed.cif,-789.4184295237574,uma-s-1p2,success
MAT_028,Ru0.25Ti0.75Ox,O,data\substituted_adsorbates\MAT_028_O_site1_adsorbed.cif,-789.0241650418825,uma-s-1p2,success
MAT_028,Ru0.25Ti0.75Ox,O,data\substituted_adsorbates\MAT_028_O_site2_adsorbed.cif,-790.875096956818,uma-s-1p2,success
MAT_028,Ru0.25Ti0.75Ox,O2,data\substituted_adsorbates\MAT_028_O2_site0_adsorbed.cif,-794.026121273767,uma-s-1p2,success
MAT_028,Ru0.25Ti0.75Ox,O2,data\substituted_adsorbates\MAT_028_O2_site1_adsorbed.cif,-793.8366928114439,uma-s-1p2,success
MAT_028,Ru0.25Ti0.75Ox,O2,data\substituted_adsorbates\MAT_028_O2_site2_adsorbed.cif,-794.830669081497,uma-s-1p2,success
MAT_028,Ru0.25Ti0.75Ox,N2O,data\substituted_adsorbates\MAT_028_N2O_site0_adsorbed.cif,-804.681822831188,uma-s-1p2,success
MAT_028,Ru0.25Ti0.75Ox,N2O,data\substituted_adsorbates\MAT_028_N2O_site1_adsorbed.cif,-804.5807874875179,uma-s-1p2,success
MAT_028,Ru0.25Ti0.75Ox,N2O,data\substituted_adsorbates\MAT_028_N2O_site2_adsorbed.cif,-805.1282225887194,uma-s-1p2,success
MAT_030,Ru0.75Zr0.25Ox,O,data\substituted_adsorbates\MAT_030_O_site0_adsorbed.cif,-730.1602078276572,uma-s-1p2,success
MAT_030,Ru0.75Zr0.25Ox,O,data\substituted_adsorbates\MAT_030_O_site1_adsorbed.cif,-730.8021215961373,uma-s-1p2,success
MAT_030,Ru0.75Zr0.25Ox,O,data\substituted_adsorbates\MAT_030_O_site2_adsorbed.cif,-730.7914127757259,uma-s-1p2,success
MAT_030,Ru0.75Zr0.25Ox,O2,data\substituted_adsorbates\MAT_030_O2_site0_adsorbed.cif,-734.7637809417208,uma-s-1p2,success
MAT_030,Ru0.75Zr0.25Ox,O2,data\substituted_adsorbates\MAT_030_O2_site1_adsorbed.cif,-734.8923162327674,uma-s-1p2,success
MAT_030,Ru0.75Zr0.25Ox,O2,data\substituted_adsorbates\MAT_030_O2_site2_adsorbed.cif,-735.1455666394888,uma-s-1p2,success
MAT_030,Ru0.75Zr0.25Ox,N2O,data\substituted_adsorbates\MAT_030_N2O_site0_adsorbed.cif,-745.3311620033957,uma-s-1p2,success
MAT_030,Ru0.75Zr0.25Ox,N2O,data\substituted_adsorbates\MAT_030_N2O_site1_adsorbed.cif,-746.5298671746503,uma-s-1p2,success
MAT_030,Ru0.75Zr0.25Ox,N2O,data\substituted_adsorbates\MAT_030_N2O_site2_adsorbed.cif,-746.5143952184285,uma-s-1p2,success
MAT_031,Ru0.50Zr0.50Ox,O,data\substituted_adsorbates\MAT_031_O_site0_adsorbed.cif,-385.38969799624005,uma-s-1p2,success
MAT_031,Ru0.50Zr0.50Ox,O,data\substituted_adsorbates\MAT_031_O_site1_adsorbed.cif,-386.5149965866852,uma-s-1p2,success
MAT_031,Ru0.50Zr0.50Ox,O,data\substituted_adsorbates\MAT_031_O_site2_adsorbed.cif,-383.49056363363843,uma-s-1p2,success
MAT_031,Ru0.50Zr0.50Ox,O2,data\substituted_adsorbates\MAT_031_O2_site0_adsorbed.cif,-389.63068804345147,uma-s-1p2,success
MAT_031,Ru0.50Zr0.50Ox,O2,data\substituted_adsorbates\MAT_031_O2_site1_adsorbed.cif,-390.4054765672536,uma-s-1p2,success
MAT_031,Ru0.50Zr0.50Ox,O2,data\substituted_adsorbates\MAT_031_O2_site2_adsorbed.cif,-388.8828412507637,uma-s-1p2,success
MAT_031,Ru0.50Zr0.50Ox,N2O,data\substituted_adsorbates\MAT_031_N2O_site0_adsorbed.cif,-400.1993636966164,uma-s-1p2,success
MAT_031,Ru0.50Zr0.50Ox,N2O,data\substituted_adsorbates\MAT_031_N2O_site1_adsorbed.cif,-401.42593306463175,uma-s-1p2,success
MAT_031,Ru0.50Zr0.50Ox,N2O,data\substituted_adsorbates\MAT_031_N2O_site2_adsorbed.cif,-399.5183908001775,uma-s-1p2,success
MAT_032,Ru0.25Zr0.75Ox,O,data\substituted_adsorbates\MAT_032_O_site0_adsorbed.cif,-803.3920699534015,uma-s-1p2,success
MAT_032,Ru0.25Zr0.75Ox,O,data\substituted_adsorbates\MAT_032_O_site1_adsorbed.cif,-802.960373563619,uma-s-1p2,success
MAT_032,Ru0.25Zr0.75Ox,O,data\substituted_adsorbates\MAT_032_O_site2_adsorbed.cif,-805.373897702566,uma-s-1p2,success
MAT_032,Ru0.25Zr0.75Ox,O2,data\substituted_adsorbates\MAT_032_O2_site0_adsorbed.cif,-807.3322580402449,uma-s-1p2,success
MAT_032,Ru0.25Zr0.75Ox,O2,data\substituted_adsorbates\MAT_032_O2_site1_adsorbed.cif,-807.0773291602425,uma-s-1p2,success
MAT_032,Ru0.25Zr0.75Ox,O2,data\substituted_adsorbates\MAT_032_O2_site2_adsorbed.cif,-808.7008516349771,uma-s-1p2,success
MAT_032,Ru0.25Zr0.75Ox,N2O,data\substituted_adsorbates\MAT_032_N2O_site0_adsorbed.cif,-817.4238327163761,uma-s-1p2,success
MAT_032,Ru0.25Zr0.75Ox,N2O,data\substituted_adsorbates\MAT_032_N2O_site1_adsorbed.cif,-817.2992282985783,uma-s-1p2,success
MAT_032,Ru0.25Zr0.75Ox,N2O,data\substituted_adsorbates\MAT_032_N2O_site2_adsorbed.cif,-818.1135435385729,uma-s-1p2,success
MAT_034,Ru0.75V0.25Ox,O,data\substituted_adsorbates\MAT_034_O_site0_adsorbed.cif,-700.4211678293017,uma-s-1p2,success
MAT_034,Ru0.75V0.25Ox,O,data\substituted_adsorbates\MAT_034_O_site1_adsorbed.cif,-701.0353939077053,uma-s-1p2,success
MAT_034,Ru0.75V0.25Ox,O,data\substituted_adsorbates\MAT_034_O_site2_adsorbed.cif,-700.9392101656598,uma-s-1p2,success
MAT_034,Ru0.75V0.25Ox,O2,data\substituted_adsorbates\MAT_034_O2_site0_adsorbed.cif,-705.2752645177895,uma-s-1p2,success
MAT_034,Ru0.75V0.25Ox,O2,data\substituted_adsorbates\MAT_034_O2_site1_adsorbed.cif,-705.3400685749551,uma-s-1p2,success
MAT_034,Ru0.75V0.25Ox,O2,data\substituted_adsorbates\MAT_034_O2_site2_adsorbed.cif,-705.434845410347,uma-s-1p2,success
MAT_034,Ru0.75V0.25Ox,N2O,data\substituted_adsorbates\MAT_034_N2O_site0_adsorbed.cif,-716.5223855712645,uma-s-1p2,success
MAT_034,Ru0.75V0.25Ox,N2O,data\substituted_adsorbates\MAT_034_N2O_site1_adsorbed.cif,-716.9812143394777,uma-s-1p2,success
MAT_034,Ru0.75V0.25Ox,N2O,data\substituted_adsorbates\MAT_034_N2O_site2_adsorbed.cif,-716.8496675862323,uma-s-1p2,success
MAT_035,Ru0.50V0.50Ox,O,data\substituted_adsorbates\MAT_035_O_site0_adsorbed.cif,-355.19209372223304,uma-s-1p2,success
MAT_035,Ru0.50V0.50Ox,O,data\substituted_adsorbates\MAT_035_O_site1_adsorbed.cif,-355.97329650623925,uma-s-1p2,success
MAT_035,Ru0.50V0.50Ox,O,data\substituted_adsorbates\MAT_035_O_site2_adsorbed.cif,-353.4023682746891,uma-s-1p2,success
MAT_035,Ru0.50V0.50Ox,O2,data\substituted_adsorbates\MAT_035_O2_site0_adsorbed.cif,-360.2022758175167,uma-s-1p2,success
MAT_035,Ru0.50V0.50Ox,O2,data\substituted_adsorbates\MAT_035_O2_site1_adsorbed.cif,-360.42339390627785,uma-s-1p2,success
MAT_035,Ru0.50V0.50Ox,O2,data\substituted_adsorbates\MAT_035_O2_site2_adsorbed.cif,-359.1343272288855,uma-s-1p2,success
MAT_035,Ru0.50V0.50Ox,N2O,data\substituted_adsorbates\MAT_035_N2O_site0_adsorbed.cif,-371.3445515506031,uma-s-1p2,success
MAT_035,Ru0.50V0.50Ox,N2O,data\substituted_adsorbates\MAT_035_N2O_site1_adsorbed.cif,-371.6644273339018,uma-s-1p2,success
MAT_035,Ru0.50V0.50Ox,N2O,data\substituted_adsorbates\MAT_035_N2O_site2_adsorbed.cif,-369.91300082973385,uma-s-1p2,success
MAT_036,Ru0.25V0.75Ox,O,data\substituted_adsorbates\MAT_036_O_site0_adsorbed.cif,-712.2034473752606,uma-s-1p2,success
MAT_036,Ru0.25V0.75Ox,O,data\substituted_adsorbates\MAT_036_O_site1_adsorbed.cif,-712.1921262232356,uma-s-1p2,success
MAT_036,Ru0.25V0.75Ox,O,data\substituted_adsorbates\MAT_036_O_site2_adsorbed.cif,-713.3506042208252,uma-s-1p2,success
MAT_036,Ru0.25V0.75Ox,O2,data\substituted_adsorbates\MAT_036_O2_site0_adsorbed.cif,-717.3522297145543,uma-s-1p2,success
MAT_036,Ru0.25V0.75Ox,O2,data\substituted_adsorbates\MAT_036_O2_site1_adsorbed.cif,-717.3626432839669,uma-s-1p2,success
MAT_036,Ru0.25V0.75Ox,O2,data\substituted_adsorbates\MAT_036_O2_site2_adsorbed.cif,-717.7110502709177,uma-s-1p2,success
MAT_036,Ru0.25V0.75Ox,N2O,data\substituted_adsorbates\MAT_036_N2O_site0_adsorbed.cif,-728.335288004573,uma-s-1p2,success
MAT_036,Ru0.25V0.75Ox,N2O,data\substituted_adsorbates\MAT_036_N2O_site1_adsorbed.cif,-728.388807532376,uma-s-1p2,success
MAT_036,Ru0.25V0.75Ox,N2O,data\substituted_adsorbates\MAT_036_N2O_site2_adsorbed.cif,-728.4757164545849,uma-s-1p2,success
MAT_038,Ru0.75Si0.25Ox,O,data\substituted_adsorbates\MAT_038_O_site0_adsorbed.cif,-686.4256419768261,uma-s-1p2,success
MAT_038,Ru0.75Si0.25Ox,O,data\substituted_adsorbates\MAT_038_O_site1_adsorbed.cif,-686.8577851975841,uma-s-1p2,success
MAT_038,Ru0.75Si0.25Ox,O,data\substituted_adsorbates\MAT_038_O_site2_adsorbed.cif,-686.6360379319345,uma-s-1p2,success
MAT_038,Ru0.75Si0.25Ox,O2,data\substituted_adsorbates\MAT_038_O2_site0_adsorbed.cif,-690.4056940203142,uma-s-1p2,success
MAT_038,Ru0.75Si0.25Ox,O2,data\substituted_adsorbates\MAT_038_O2_site1_adsorbed.cif,-690.961165734914,uma-s-1p2,success
MAT_038,Ru0.75Si0.25Ox,O2,data\substituted_adsorbates\MAT_038_O2_site2_adsorbed.cif,-691.1251344978527,uma-s-1p2,success
MAT_038,Ru0.75Si0.25Ox,N2O,data\substituted_adsorbates\MAT_038_N2O_site0_adsorbed.cif,-701.9225050439157,uma-s-1p2,success
MAT_038,Ru0.75Si0.25Ox,N2O,data\substituted_adsorbates\MAT_038_N2O_site1_adsorbed.cif,-702.6634112509248,uma-s-1p2,success
MAT_038,Ru0.75Si0.25Ox,N2O,data\substituted_adsorbates\MAT_038_N2O_site2_adsorbed.cif,-702.588769210814,uma-s-1p2,success
MAT_039,Ru0.50Si0.50Ox,O,data\substituted_adsorbates\MAT_039_O_site0_adsorbed.cif,-341.1657758097547,uma-s-1p2,success
MAT_039,Ru0.50Si0.50Ox,O,data\substituted_adsorbates\MAT_039_O_site1_adsorbed.cif,-341.2597245320366,uma-s-1p2,success
MAT_039,Ru0.50Si0.50Ox,O,data\substituted_adsorbates\MAT_039_O_site2_adsorbed.cif,-338.0759700746684,uma-s-1p2,success
MAT_039,Ru0.50Si0.50Ox,O2,data\substituted_adsorbates\MAT_039_O2_site0_adsorbed.cif,-344.8105661473575,uma-s-1p2,success
MAT_039,Ru0.50Si0.50Ox,O2,data\substituted_adsorbates\MAT_039_O2_site1_adsorbed.cif,-345.72813661528517,uma-s-1p2,success
MAT_039,Ru0.50Si0.50Ox,O2,data\substituted_adsorbates\MAT_039_O2_site2_adsorbed.cif,-344.1030655526123,uma-s-1p2,success
MAT_039,Ru0.50Si0.50Ox,N2O,data\substituted_adsorbates\MAT_039_N2O_site0_adsorbed.cif,-356.33217063776306,uma-s-1p2,success
MAT_039,Ru0.50Si0.50Ox,N2O,data\substituted_adsorbates\MAT_039_N2O_site1_adsorbed.cif,-357.0400423459858,uma-s-1p2,success
MAT_039,Ru0.50Si0.50Ox,N2O,data\substituted_adsorbates\MAT_039_N2O_site2_adsorbed.cif,-354.93713675817776,uma-s-1p2,success
MAT_040,Ru0.25Si0.75Ox,O,data\substituted_adsorbates\MAT_040_O_site0_adsorbed.cif,-671.0977093252618,uma-s-1p2,success
MAT_040,Ru0.25Si0.75Ox,O,data\substituted_adsorbates\MAT_040_O_site1_adsorbed.cif,-670.8777153455108,uma-s-1p2,success
MAT_040,Ru0.25Si0.75Ox,O,data\substituted_adsorbates\MAT_040_O_site2_adsorbed.cif,-670.8378543509749,uma-s-1p2,success
MAT_040,Ru0.25Si0.75Ox,O2,data\substituted_adsorbates\MAT_040_O2_site0_adsorbed.cif,-674.9976162580707,uma-s-1p2,success
MAT_040,Ru0.25Si0.75Ox,O2,data\substituted_adsorbates\MAT_040_O2_site1_adsorbed.cif,-675.0010484246965,uma-s-1p2,success
MAT_040,Ru0.25Si0.75Ox,O2,data\substituted_adsorbates\MAT_040_O2_site2_adsorbed.cif,-674.5789603007038,uma-s-1p2,success
MAT_040,Ru0.25Si0.75Ox,N2O,data\substituted_adsorbates\MAT_040_N2O_site0_adsorbed.cif,-686.5489964952294,uma-s-1p2,success
MAT_040,Ru0.25Si0.75Ox,N2O,data\substituted_adsorbates\MAT_040_N2O_site1_adsorbed.cif,-686.5594258975507,uma-s-1p2,success
MAT_040,Ru0.25Si0.75Ox,N2O,data\substituted_adsorbates\MAT_040_N2O_site2_adsorbed.cif,-685.8524622993706,uma-s-1p2,success
